metric,lang,lp,k,m,condition,severity,family,positions,chain_step,chain_plan,doc_id,family_id,block_id,n_tokens_src,n_tokens_tgt,truncated,S,s_1,s_2,s_3,s_4
mock,de,en-de(synthetic),1,0,none,,,,0,"1,2,3,0",bbbfc9543ca8dca0,de_bbbfc9543ca8dca0_4,de_bbbfc9543ca8dca0_4_k1,24,25,False,0.8497777767338126,0.8497777767338126,,,
mock,de,en-de(synthetic),1,1,minor_accuracy,minor,accuracy,0,4,"1,2,3,0",bbbfc9543ca8dca0,de_bbbfc9543ca8dca0_4,de_bbbfc9543ca8dca0_4_k1,24,25,False,0.7238970733300653,0.7238970733300653,,,
mock,de,en-de(synthetic),1,1,minor_fluency,minor,fluency,0,4,"1,2,3,0",bbbfc9543ca8dca0,de_bbbfc9543ca8dca0_4,de_bbbfc9543ca8dca0_4_k1,24,25,False,0.8092218303875952,0.8092218303875952,,,
mock,de,en-de(synthetic),1,1,major_accuracy,major,accuracy,0,4,"1,2,3,0",bbbfc9543ca8dca0,de_bbbfc9543ca8dca0_4,de_bbbfc9543ca8dca0_4_k1,24,25,False,0.5619663673363604,0.5619663673363604,,,
mock,de,en-de(synthetic),1,1,major_fluency,major,fluency,0,4,"1,2,3,0",bbbfc9543ca8dca0,de_bbbfc9543ca8dca0_4,de_bbbfc9543ca8dca0_4_k1,24,25,False,0.6456142786796256,0.6456142786796256,,,
mock,de,en-de(synthetic),2,0,none,,,,0,"1,2,3,0",bbbfc9543ca8dca0,de_bbbfc9543ca8dca0_4,de_bbbfc9543ca8dca0_4_k2,46,48,False,0.8358590755157886,0.8497777767338126,0.8521551716644687,,
mock,de,en-de(synthetic),2,1,minor_accuracy,minor,accuracy,1,1,"1,2,3,0",bbbfc9543ca8dca0,de_bbbfc9543ca8dca0_4,de_bbbfc9543ca8dca0_4_k2,46,48,False,0.8202292577565253,0.8497777767338126,0.7924331682451146,,
mock,de,en-de(synthetic),2,2,minor_accuracy,minor,accuracy,"0,1",4,"1,2,3,0",bbbfc9543ca8dca0,de_bbbfc9543ca8dca0_4,de_bbbfc9543ca8dca0_4_k2,46,48,False,0.7397041654738665,0.7238970733300653,0.7924331682451146,,
mock,de,en-de(synthetic),2,1,minor_fluency,minor,fluency,1,1,"1,2,3,0",bbbfc9543ca8dca0,de_bbbfc9543ca8dca0_4,de_bbbfc9543ca8dca0_4_k2,46,48,False,0.8321720129395653,0.8497777767338126,0.8183609632493116,,
mock,de,en-de(synthetic),2,2,minor_fluency,minor,fluency,"0,1",4,"1,2,3,0",bbbfc9543ca8dca0,de_bbbfc9543ca8dca0_4,de_bbbfc9543ca8dca0_4_k2,46,48,False,0.8071427558106546,0.8092218303875952,0.8183609632493116,,
mock,de,en-de(synthetic),2,1,major_accuracy,major,accuracy,1,1,"1,2,3,0",bbbfc9543ca8dca0,de_bbbfc9543ca8dca0_4,de_bbbfc9543ca8dca0_4_k2,46,48,False,0.634163265793618,0.8497777767338126,0.5582048231414813,,
mock,de,en-de(synthetic),2,2,major_accuracy,major,accuracy,"0,1",4,"1,2,3,0",bbbfc9543ca8dca0,de_bbbfc9543ca8dca0_4,de_bbbfc9543ca8dca0_4_k2,46,48,False,0.5464151090084328,0.5619663673363604,0.5582048231414813,,
mock,de,en-de(synthetic),2,1,major_fluency,major,fluency,1,1,"1,2,3,0",bbbfc9543ca8dca0,de_bbbfc9543ca8dca0_4,de_bbbfc9543ca8dca0_4_k2,46,48,False,0.7054724389726947,0.8497777767338126,0.643939308054395,,
mock,de,en-de(synthetic),2,2,major_fluency,major,fluency,"0,1",4,"1,2,3,0",bbbfc9543ca8dca0,de_bbbfc9543ca8dca0_4,de_bbbfc9543ca8dca0_4_k2,46,48,False,0.620508229288485,0.6456142786796256,0.643939308054395,,
mock,de,en-de(synthetic),4,0,none,,,,0,"1,2,3,0",bbbfc9543ca8dca0,de_bbbfc9543ca8dca0_4,de_bbbfc9543ca8dca0_4_k4,90,95,False,0.8566620114656929,0.8497777767338126,0.8521551716644687,0.8368643171228627,0.869814892591565
mock,de,en-de(synthetic),4,1,minor_accuracy,minor,accuracy,1,1,"1,2,3,0",bbbfc9543ca8dca0,de_bbbfc9543ca8dca0_4,de_bbbfc9543ca8dca0_4_k4,90,95,False,0.8161818080384978,0.8497777767338126,0.7924331682451146,0.8368643171228627,0.869814892591565
mock,de,en-de(synthetic),4,2,minor_accuracy,minor,accuracy,"1,2",2,"1,2,3,0",bbbfc9543ca8dca0,de_bbbfc9543ca8dca0_4,de_bbbfc9543ca8dca0_4_k4,90,95,False,0.8056249346718607,0.8497777767338126,0.7924331682451146,0.7832175650448396,0.869814892591565
mock,de,en-de(synthetic),4,3,minor_accuracy,minor,accuracy,"1,2,3",3,"1,2,3,0",bbbfc9543ca8dca0,de_bbbfc9543ca8dca0_4,de_bbbfc9543ca8dca0_4_k4,90,95,False,0.7967189472162088,0.8497777767338126,0.7924331682451146,0.7832175650448396,0.8247470791862876
mock,de,en-de(synthetic),4,4,minor_accuracy,minor,accuracy,"0,1,2,3",4,"1,2,3,0",bbbfc9543ca8dca0,de_bbbfc9543ca8dca0_4,de_bbbfc9543ca8dca0_4_k4,90,95,False,0.7640906432209842,0.7238970733300653,0.7924331682451146,0.7832175650448396,0.8247470791862876
mock,de,en-de(synthetic),4,1,minor_fluency,minor,fluency,1,1,"1,2,3,0",bbbfc9543ca8dca0,de_bbbfc9543ca8dca0_4,de_bbbfc9543ca8dca0_4_k4,90,95,False,0.8537069507508609,0.8497777767338126,0.8183609632493116,0.8368643171228627,0.869814892591565
mock,de,en-de(synthetic),4,2,minor_fluency,minor,fluency,"1,2",2,"1,2,3,0",bbbfc9543ca8dca0,de_bbbfc9543ca8dca0_4,de_bbbfc9543ca8dca0_4_k4,90,95,False,0.8280997048996848,0.8497777767338126,0.8183609632493116,0.8116649298513605,0.869814892591565
mock,de,en-de(synthetic),4,3,minor_fluency,minor,fluency,"1,2,3",3,"1,2,3,0",bbbfc9543ca8dca0,de_bbbfc9543ca8dca0_4,de_bbbfc9543ca8dca0_4_k4,90,95,False,0.8229847975149428,0.8497777767338126,0.8183609632493116,0.8116649298513605,0.7907789327336223
mock,de,en-de(synthetic),4,4,minor_fluency,minor,fluency,"0,1,2,3",4,"1,2,3,0",bbbfc9543ca8dca0,de_bbbfc9543ca8dca0_4,de_bbbfc9543ca8dca0_4_k4,90,95,False,0.7992431813338268,0.8092218303875952,0.8183609632493116,0.8116649298513605,0.7907789327336223
mock,de,en-de(synthetic),4,1,major_accuracy,major,accuracy,1,1,"1,2,3,0",bbbfc9543ca8dca0,de_bbbfc9543ca8dca0_4,de_bbbfc9543ca8dca0_4_k4,90,95,False,0.716286878673059,0.8497777767338126,0.5582048231414813,0.8368643171228627,0.869814892591565
mock,de,en-de(synthetic),4,2,major_accuracy,major,accuracy,"1,2",2,"1,2,3,0",bbbfc9543ca8dca0,de_bbbfc9543ca8dca0_4,de_bbbfc9543ca8dca0_4_k4,90,95,False,0.6271034714977511,0.8497777767338126,0.5582048231414813,0.5199592552979364,0.869814892591565
mock,de,en-de(synthetic),4,3,major_accuracy,major,accuracy,"1,2,3",3,"1,2,3,0",bbbfc9543ca8dca0,de_bbbfc9543ca8dca0_4,de_bbbfc9543ca8dca0_4_k4,90,95,False,0.5773514263869398,0.8497777767338126,0.5582048231414813,0.5199592552979364,0.5389576998829191
mock,de,en-de(synthetic),4,4,major_accuracy,major,accuracy,"0,1,2,3",4,"1,2,3,0",bbbfc9543ca8dca0,de_bbbfc9543ca8dca0_4,de_bbbfc9543ca8dca0_4_k4,90,95,False,0.5593551096829847,0.5619663673363604,0.5582048231414813,0.5199592552979364,0.5389576998829191
mock,de,en-de(synthetic),4,1,major_fluency,major,fluency,1,1,"1,2,3,0",bbbfc9543ca8dca0,de_bbbfc9543ca8dca0_4,de_bbbfc9543ca8dca0_4_k4,90,95,False,0.7755775674934497,0.8497777767338126,0.643939308054395,0.8368643171228627,0.869814892591565
mock,de,en-de(synthetic),4,2,major_fluency,major,fluency,"1,2",2,"1,2,3,0",bbbfc9543ca8dca0,de_bbbfc9543ca8dca0_4,de_bbbfc9543ca8dca0_4_k4,90,95,False,0.7483871704117845,0.8497777767338126,0.643939308054395,0.7472130337570144,0.869814892591565
mock,de,en-de(synthetic),4,3,major_fluency,major,fluency,"1,2,3",3,"1,2,3,0",bbbfc9543ca8dca0,de_bbbfc9543ca8dca0_4,de_bbbfc9543ca8dca0_4_k4,90,95,False,0.7086571993639639,0.8497777767338126,0.643939308054395,0.7472130337570144,0.7480702837098144
mock,de,en-de(synthetic),4,4,major_fluency,major,fluency,"0,1,2,3",4,"1,2,3,0",bbbfc9543ca8dca0,de_bbbfc9543ca8dca0_4,de_bbbfc9543ca8dca0_4_k4,90,95,False,0.6850564858257322,0.6456142786796256,0.643939308054395,0.7472130337570144,0.7480702837098144
mock,de,en-de(synthetic),1,0,none,,,,0,"1,0,3,2",03a0b21de9d5f072,de_03a0b21de9d5f072_4,de_03a0b21de9d5f072_4_k1,24,25,False,0.822155482334056,0.822155482334056,,,
mock,de,en-de(synthetic),1,1,minor_accuracy,minor,accuracy,0,2,"1,0,3,2",03a0b21de9d5f072,de_03a0b21de9d5f072_4,de_03a0b21de9d5f072_4_k1,24,25,False,0.7662458067062378,0.7662458067062378,,,
mock,de,en-de(synthetic),1,1,minor_fluency,minor,fluency,0,2,"1,0,3,2",03a0b21de9d5f072,de_03a0b21de9d5f072_4,de_03a0b21de9d5f072_4_k1,24,25,False,0.7876673733628564,0.7876673733628564,,,
mock,de,en-de(synthetic),1,1,major_accuracy,major,accuracy,0,2,"1,0,3,2",03a0b21de9d5f072,de_03a0b21de9d5f072_4,de_03a0b21de9d5f072_4_k1,24,25,False,0.5749661765680274,0.5749661765680274,,,
mock,de,en-de(synthetic),1,1,major_fluency,major,fluency,0,2,"1,0,3,2",03a0b21de9d5f072,de_03a0b21de9d5f072_4,de_03a0b21de9d5f072_4_k1,24,25,False,0.7256802254172705,0.7256802254172705,,,
mock,de,en-de(synthetic),2,0,none,,,,0,"1,0,3,2",03a0b21de9d5f072,de_03a0b21de9d5f072_4,de_03a0b21de9d5f072_4_k2,46,48,False,0.8225467777406277,0.822155482334056,0.8132335926886518,,
mock,de,en-de(synthetic),2,1,minor_accuracy,minor,accuracy,1,1,"1,0,3,2",03a0b21de9d5f072,de_03a0b21de9d5f072_4,de_03a0b21de9d5f072_4_k2,46,48,False,0.8012328799543854,0.822155482334056,0.7685676440107971,,
mock,de,en-de(synthetic),2,2,minor_accuracy,minor,accuracy,"0,1",2,"1,0,3,2",03a0b21de9d5f072,de_03a0b21de9d5f072_4,de_03a0b21de9d5f072_4_k2,46,48,False,0.7795778601402706,0.7662458067062378,0.7685676440107971,,
mock,de,en-de(synthetic),2,1,minor_fluency,minor,fluency,1,1,"1,0,3,2",03a0b21de9d5f072,de_03a0b21de9d5f072_4,de_03a0b21de9d5f072_4_k2,46,48,False,0.8074587463324115,0.822155482334056,0.7913535343748713,,
mock,de,en-de(synthetic),2,2,minor_fluency,minor,fluency,"0,1",2,"1,0,3,2",03a0b21de9d5f072,de_03a0b21de9d5f072_4,de_03a0b21de9d5f072_4_k2,46,48,False,0.7796096804218495,0.7876673733628564,0.7913535343748713,,
mock,de,en-de(synthetic),2,1,major_accuracy,major,accuracy,1,1,"1,0,3,2",03a0b21de9d5f072,de_03a0b21de9d5f072_4,de_03a0b21de9d5f072_4_k2,46,48,False,0.6078480399733541,0.822155482334056,0.5345792690489177,,
mock,de,en-de(synthetic),2,2,major_accuracy,major,accuracy,"0,1",2,"1,0,3,2",03a0b21de9d5f072,de_03a0b21de9d5f072_4,de_03a0b21de9d5f072_4_k2,46,48,False,0.5531419345823646,0.5749661765680274,0.5345792690489177,,
mock,de,en-de(synthetic),2,1,major_fluency,major,fluency,1,1,"1,0,3,2",03a0b21de9d5f072,de_03a0b21de9d5f072_4,de_03a0b21de9d5f072_4_k2,46,48,False,0.765226425328716,0.822155482334056,0.7216440471147109,,
mock,de,en-de(synthetic),2,2,major_fluency,major,fluency,"0,1",2,"1,0,3,2",03a0b21de9d5f072,de_03a0b21de9d5f072_4,de_03a0b21de9d5f072_4_k2,46,48,False,0.7133252669275637,0.7256802254172705,0.7216440471147109,,
mock,de,en-de(synthetic),4,0,none,,,,0,"1,0,3,2",03a0b21de9d5f072,de_03a0b21de9d5f072_4,de_03a0b21de9d5f072_4_k4,90,95,False,0.8361044565190755,0.822155482334056,0.8132335926886518,0.8413005190918531,0.8923748358750618
mock,de,en-de(synthetic),4,1,minor_accuracy,minor,accuracy,1,1,"1,0,3,2",03a0b21de9d5f072,de_03a0b21de9d5f072_4,de_03a0b21de9d5f072_4_k4,90,95,False,0.8214857477705039,0.822155482334056,0.7685676440107971,0.8413005190918531,0.8923748358750618
mock,de,en-de(synthetic),4,2,minor_accuracy,minor,accuracy,"0,1",2,"1,0,3,2",03a0b21de9d5f072,de_03a0b21de9d5f072_4,de_03a0b21de9d5f072_4_k4,90,95,False,0.8018342952692146,0.7662458067062378,0.7685676440107971,0.8413005190918531,0.8923748358750618
mock,de,en-de(synthetic),4,3,minor_accuracy,minor,accuracy,"0,1,3",3,"1,0,3,2",03a0b21de9d5f072,de_03a0b21de9d5f072_4,de_03a0b21de9d5f072_4_k4,90,95,False,0.7849408293304301,0.7662458067062378,0.7685676440107971,0.8413005190918531,0.7424447181204432
mock,de,en-de(synthetic),4,4,minor_accuracy,minor,accuracy,"0,1,2,3",4,"1,0,3,2",03a0b21de9d5f072,de_03a0b21de9d5f072_4,de_03a0b21de9d5f072_4_k4,90,95,False,0.755386475162353,0.7662458067062378,0.7685676440107971,0.7642367869636657,0.7424447181204432
mock,de,en-de(synthetic),4,1,minor_fluency,minor,fluency,1,1,"1,0,3,2",03a0b21de9d5f072,de_03a0b21de9d5f072_4,de_03a0b21de9d5f072_4_k4,90,95,False,0.835118678013695,0.822155482334056,0.7913535343748713,0.8413005190918531,0.8923748358750618
mock,de,en-de(synthetic),4,2,minor_fluency,minor,fluency,"0,1",2,"1,0,3,2",03a0b21de9d5f072,de_03a0b21de9d5f072_4,de_03a0b21de9d5f072_4_k4,90,95,False,0.8287974064194333,0.7876673733628564,0.7913535343748713,0.8413005190918531,0.8923748358750618
mock,de,en-de(synthetic),4,3,minor_fluency,minor,fluency,"0,1,3",3,"1,0,3,2",03a0b21de9d5f072,de_03a0b21de9d5f072_4,de_03a0b21de9d5f072_4_k4,90,95,False,0.800652336139741,0.7876673733628564,0.7913535343748713,0.8413005190918531,0.8120685364862746
mock,de,en-de(synthetic),4,4,minor_fluency,minor,fluency,"0,1,2,3",4,"1,0,3,2",03a0b21de9d5f072,de_03a0b21de9d5f072_4,de_03a0b21de9d5f072_4_k4,90,95,False,0.8037998549366757,0.7876673733628564,0.7913535343748713,0.8353524170535835,0.8120685364862746
mock,de,en-de(synthetic),4,1,major_accuracy,major,accuracy,1,1,"1,0,3,2",03a0b21de9d5f072,de_03a0b21de9d5f072_4,de_03a0b21de9d5f072_4_k4,90,95,False,0.6925759082550426,0.822155482334056,0.5345792690489177,0.8413005190918531,0.8923748358750618
mock,de,en-de(synthetic),4,2,major_accuracy,major,accuracy,"0,1",2,"1,0,3,2",03a0b21de9d5f072,de_03a0b21de9d5f072_4,de_03a0b21de9d5f072_4_k4,90,95,False,0.6402509767523479,0.5749661765680274,0.5345792690489177,0.8413005190918531,0.8923748358750618
mock,de,en-de(synthetic),4,3,major_accuracy,major,accuracy,"0,1,3",3,"1,0,3,2",03a0b21de9d5f072,de_03a0b21de9d5f072_4,de_03a0b21de9d5f072_4_k4,90,95,False,0.5639644189766561,0.5749661765680274,0.5345792690489177,0.8413005190918531,0.510342652902875
mock,de,en-de(synthetic),4,4,major_accuracy,major,accuracy,"0,1,2,3",4,"1,0,3,2",03a0b21de9d5f072,de_03a0b21de9d5f072_4,de_03a0b21de9d5f072_4_k4,90,95,False,0.5340406405437054,0.5749661765680274,0.5345792690489177,0.542243288129554,0.510342652902875
mock,de,en-de(synthetic),4,1,major_fluency,major,fluency,1,1,"1,0,3,2",03a0b21de9d5f072,de_03a0b21de9d5f072_4,de_03a0b21de9d5f072_4_k4,90,95,False,0.7997019351135327,0.822155482334056,0.7216440471147109,0.8413005190918531,0.8923748358750618
mock,de,en-de(synthetic),4,2,major_fluency,major,fluency,"0,1",2,"1,0,3,2",03a0b21de9d5f072,de_03a0b21de9d5f072_4,de_03a0b21de9d5f072_4_k4,90,95,False,0.7793142290802761,0.7256802254172705,0.7216440471147109,0.8413005190918531,0.8923748358750618
mock,de,en-de(synthetic),4,3,major_fluency,major,fluency,"0,1,3",3,"1,0,3,2",03a0b21de9d5f072,de_03a0b21de9d5f072_4,de_03a0b21de9d5f072_4_k4,90,95,False,0.7226451889026333,0.7256802254172705,0.7216440471147109,0.8413005190918531,0.6622879616717288
mock,de,en-de(synthetic),4,4,major_fluency,major,fluency,"0,1,2,3",4,"1,0,3,2",03a0b21de9d5f072,de_03a0b21de9d5f072_4,de_03a0b21de9d5f072_4_k4,90,95,False,0.7093460265045072,0.7256802254172705,0.7216440471147109,0.6741241413132547,0.6622879616717288
mock,de,en-de(synthetic),1,0,none,,,,0,"3,1,2,0",a035f57b8e941bc0,de_a035f57b8e941bc0_4,de_a035f57b8e941bc0_4_k1,24,25,False,0.8639137685425574,0.8639137685425574,,,
mock,de,en-de(synthetic),1,1,minor_accuracy,minor,accuracy,0,4,"3,1,2,0",a035f57b8e941bc0,de_a035f57b8e941bc0_4,de_a035f57b8e941bc0_4_k1,24,25,False,0.7457612287234202,0.7457612287234202,,,
mock,de,en-de(synthetic),1,1,minor_fluency,minor,fluency,0,4,"3,1,2,0",a035f57b8e941bc0,de_a035f57b8e941bc0_4,de_a035f57b8e941bc0_4_k1,24,25,False,0.8485927690118261,0.8485927690118261,,,
mock,de,en-de(synthetic),1,1,major_accuracy,major,accuracy,0,4,"3,1,2,0",a035f57b8e941bc0,de_a035f57b8e941bc0_4,de_a035f57b8e941bc0_4_k1,24,25,False,0.5692147173560844,0.5692147173560844,,,
mock,de,en-de(synthetic),1,1,major_fluency,major,fluency,0,4,"3,1,2,0",a035f57b8e941bc0,de_a035f57b8e941bc0_4,de_a035f57b8e941bc0_4_k1,24,25,False,0.6990818947666263,0.6990818947666263,,,
mock,de,en-de(synthetic),2,0,none,,,,0,"3,1,2,0",a035f57b8e941bc0,de_a035f57b8e941bc0_4,de_a035f57b8e941bc0_4_k2,46,48,False,0.8487771060482965,0.8639137685425574,0.837591382001624,,
mock,de,en-de(synthetic),2,1,minor_accuracy,minor,accuracy,1,2,"3,1,2,0",a035f57b8e941bc0,de_a035f57b8e941bc0_4,de_a035f57b8e941bc0_4_k2,46,48,False,0.8174133030529172,0.8639137685425574,0.7726029348023238,,
mock,de,en-de(synthetic),2,2,minor_accuracy,minor,accuracy,"0,1",4,"3,1,2,0",a035f57b8e941bc0,de_a035f57b8e941bc0_4,de_a035f57b8e941bc0_4_k2,46,48,False,0.7618433804695848,0.7457612287234202,0.7726029348023238,,
mock,de,en-de(synthetic),2,1,minor_fluency,minor,fluency,1,2,"3,1,2,0",a035f57b8e941bc0,de_a035f57b8e941bc0_4,de_a035f57b8e941bc0_4_k2,46,48,False,0.8552906025538134,0.8639137685425574,0.8214005569462155,,
mock,de,en-de(synthetic),2,2,minor_fluency,minor,fluency,"0,1",4,"3,1,2,0",a035f57b8e941bc0,de_a035f57b8e941bc0_4,de_a035f57b8e941bc0_4_k2,46,48,False,0.8383839773283447,0.8485927690118261,0.8214005569462155,,
mock,de,en-de(synthetic),2,1,major_accuracy,major,accuracy,1,2,"3,1,2,0",a035f57b8e941bc0,de_a035f57b8e941bc0_4,de_a035f57b8e941bc0_4_k2,46,48,False,0.6255547995471169,0.8639137685425574,0.5477288177242479,,
mock,de,en-de(synthetic),2,2,major_accuracy,major,accuracy,"0,1",4,"3,1,2,0",a035f57b8e941bc0,de_a035f57b8e941bc0_4,de_a035f57b8e941bc0_4_k2,46,48,False,0.5636847252804829,0.5692147173560844,0.5477288177242479,,
mock,de,en-de(synthetic),2,1,major_fluency,major,fluency,1,2,"3,1,2,0",a035f57b8e941bc0,de_a035f57b8e941bc0_4,de_a035f57b8e941bc0_4_k2,46,48,False,0.772806012522261,0.8639137685425574,0.6995603872557745,,
mock,de,en-de(synthetic),2,2,major_fluency,major,fluency,"0,1",4,"3,1,2,0",a035f57b8e941bc0,de_a035f57b8e941bc0_4,de_a035f57b8e941bc0_4_k2,46,48,False,0.6973911611709449,0.6990818947666263,0.6995603872557745,,
mock,de,en-de(synthetic),4,0,none,,,,0,"3,1,2,0",a035f57b8e941bc0,de_a035f57b8e941bc0_4,de_a035f57b8e941bc0_4_k4,90,95,False,0.8376047304698231,0.8639137685425574,0.837591382001624,0.8659196620269528,0.8200043708153826
mock,de,en-de(synthetic),4,1,minor_accuracy,minor,accuracy,3,1,"3,1,2,0",a035f57b8e941bc0,de_a035f57b8e941bc0_4,de_a035f57b8e941bc0_4_k4,90,95,False,0.854710768425494,0.8639137685425574,0.837591382001624,0.8659196620269528,0.8016538504498947
mock,de,en-de(synthetic),4,2,minor_accuracy,minor,accuracy,"1,3",2,"3,1,2,0",a035f57b8e941bc0,de_a035f57b8e941bc0_4,de_a035f57b8e941bc0_4_k4,90,95,False,0.8168707663994044,0.8639137685425574,0.7726029348023238,0.8659196620269528,0.8016538504498947
mock,de,en-de(synthetic),4,3,minor_accuracy,minor,accuracy,"1,2,3",3,"3,1,2,0",a035f57b8e941bc0,de_a035f57b8e941bc0_4,de_a035f57b8e941bc0_4_k4,90,95,False,0.7813814884472442,0.8639137685425574,0.7726029348023238,0.7208945506767798,0.8016538504498947
mock,de,en-de(synthetic),4,4,minor_accuracy,minor,accuracy,"0,1,2,3",4,"3,1,2,0",a035f57b8e941bc0,de_a035f57b8e941bc0_4,de_a035f57b8e941bc0_4_k4,90,95,False,0.7705998318826074,0.7457612287234202,0.7726029348023238,0.7208945506767798,0.8016538504498947
mock,de,en-de(synthetic),4,1,minor_fluency,minor,fluency,3,1,"3,1,2,0",a035f57b8e941bc0,de_a035f57b8e941bc0_4,de_a035f57b8e941bc0_4_k4,90,95,False,0.8382560886006709,0.8639137685425574,0.837591382001624,0.8659196620269528,0.7894112412477282
mock,de,en-de(synthetic),4,2,minor_fluency,minor,fluency,"1,3",2,"3,1,2,0",a035f57b8e941bc0,de_a035f57b8e941bc0_4,de_a035f57b8e941bc0_4_k4,90,95,False,0.8467933917632858,0.8639137685425574,0.8214005569462155,0.8659196620269528,0.7894112412477282
mock,de,en-de(synthetic),4,3,minor_fluency,minor,fluency,"1,2,3",3,"3,1,2,0",a035f57b8e941bc0,de_a035f57b8e941bc0_4,de_a035f57b8e941bc0_4_k4,90,95,False,0.8302219390972235,0.8639137685425574,0.8214005569462155,0.8267879845841022,0.7894112412477282
mock,de,en-de(synthetic),4,4,minor_fluency,minor,fluency,"0,1,2,3",4,"3,1,2,0",a035f57b8e941bc0,de_a035f57b8e941bc0_4,de_a035f57b8e941bc0_4_k4,90,95,False,0.8242683346684946,0.8485927690118261,0.8214005569462155,0.8267879845841022,0.7894112412477282
mock,de,en-de(synthetic),4,1,major_accuracy,major,accuracy,3,1,"3,1,2,0",a035f57b8e941bc0,de_a035f57b8e941bc0_4,de_a035f57b8e941bc0_4_k4,90,95,False,0.7113774726922669,0.8639137685425574,0.837591382001624,0.8659196620269528,0.5811582437615326
mock,de,en-de(synthetic),4,2,major_accuracy,major,accuracy,"1,3",2,"3,1,2,0",a035f57b8e941bc0,de_a035f57b8e941bc0_4,de_a035f57b8e941bc0_4_k4,90,95,False,0.6530204852484897,0.8639137685425574,0.5477288177242479,0.8659196620269528,0.5811582437615326
mock,de,en-de(synthetic),4,3,major_accuracy,major,accuracy,"1,2,3",3,"3,1,2,0",a035f57b8e941bc0,de_a035f57b8e941bc0_4,de_a035f57b8e941bc0_4_k4,90,95,False,0.6027463137732625,0.8639137685425574,0.5477288177242479,0.5815220585919625,0.5811582437615326
mock,de,en-de(synthetic),4,4,major_accuracy,major,accuracy,"0,1,2,3",4,"3,1,2,0",a035f57b8e941bc0,de_a035f57b8e941bc0_4,de_a035f57b8e941bc0_4_k4,90,95,False,0.5752420566760985,0.5692147173560844,0.5477288177242479,0.5815220585919625,0.5811582437615326
mock,de,en-de(synthetic),4,1,major_fluency,major,fluency,3,1,"3,1,2,0",a035f57b8e941bc0,de_a035f57b8e941bc0_4,de_a035f57b8e941bc0_4_k4,90,95,False,0.808219637971323,0.8639137685425574,0.837591382001624,0.8659196620269528,0.7167180979894158
mock,de,en-de(synthetic),4,2,major_fluency,major,fluency,"1,3",2,"3,1,2,0",a035f57b8e941bc0,de_a035f57b8e941bc0_4,de_a035f57b8e941bc0_4_k4,90,95,False,0.7783174097308213,0.8639137685425574,0.6995603872557745,0.8659196620269528,0.7167180979894158
mock,de,en-de(synthetic),4,3,major_fluency,major,fluency,"1,2,3",3,"3,1,2,0",a035f57b8e941bc0,de_a035f57b8e941bc0_4,de_a035f57b8e941bc0_4_k4,90,95,False,0.7100042516733223,0.8639137685425574,0.6995603872557745,0.6589833004529829,0.7167180979894158
mock,de,en-de(synthetic),4,4,major_fluency,major,fluency,"0,1,2,3",4,"3,1,2,0",a035f57b8e941bc0,de_a035f57b8e941bc0_4,de_a035f57b8e941bc0_4_k4,90,95,False,0.693642765886741,0.6990818947666263,0.6995603872557745,0.6589833004529829,0.7167180979894158
mock,de,en-de(synthetic),1,0,none,,,,0,"3,0,2,1",e39ed2195c14bec4,de_e39ed2195c14bec4_0,de_e39ed2195c14bec4_0_k1,24,25,False,0.867791547166437,0.867791547166437,,,
mock,de,en-de(synthetic),1,1,minor_accuracy,minor,accuracy,0,2,"3,0,2,1",e39ed2195c14bec4,de_e39ed2195c14bec4_0,de_e39ed2195c14bec4_0_k1,24,25,False,0.7232194190187659,0.7232194190187659,,,
mock,de,en-de(synthetic),1,1,minor_fluency,minor,fluency,0,2,"3,0,2,1",e39ed2195c14bec4,de_e39ed2195c14bec4_0,de_e39ed2195c14bec4_0_k1,24,25,False,0.7938803205862971,0.7938803205862971,,,
mock,de,en-de(synthetic),1,1,major_accuracy,major,accuracy,0,2,"3,0,2,1",e39ed2195c14bec4,de_e39ed2195c14bec4_0,de_e39ed2195c14bec4_0_k1,24,25,False,0.5324683702683053,0.5324683702683053,,,
mock,de,en-de(synthetic),1,1,major_fluency,major,fluency,0,2,"3,0,2,1",e39ed2195c14bec4,de_e39ed2195c14bec4_0,de_e39ed2195c14bec4_0_k1,24,25,False,0.6832510244017763,0.6832510244017763,,,
mock,de,en-de(synthetic),2,0,none,,,,0,"3,0,2,1",e39ed2195c14bec4,de_e39ed2195c14bec4_0,de_e39ed2195c14bec4_0_k2,46,48,False,0.8860933431443918,0.867791547166437,0.9211809929622349,,
mock,de,en-de(synthetic),2,1,minor_accuracy,minor,accuracy,0,2,"3,0,2,1",e39ed2195c14bec4,de_e39ed2195c14bec4_0,de_e39ed2195c14bec4_0_k2,46,48,False,0.8002959767718789,0.7232194190187659,0.9211809929622349,,
mock,de,en-de(synthetic),2,2,minor_accuracy,minor,accuracy,"0,1",4,"3,0,2,1",e39ed2195c14bec4,de_e39ed2195c14bec4_0,de_e39ed2195c14bec4_0_k2,46,48,False,0.7396737374463878,0.7232194190187659,0.77725922911427,,
mock,de,en-de(synthetic),2,1,minor_fluency,minor,fluency,0,2,"3,0,2,1",e39ed2195c14bec4,de_e39ed2195c14bec4_0,de_e39ed2195c14bec4_0_k2,46,48,False,0.8531590340830001,0.7938803205862971,0.9211809929622349,,
mock,de,en-de(synthetic),2,2,minor_fluency,minor,fluency,"0,1",4,"3,0,2,1",e39ed2195c14bec4,de_e39ed2195c14bec4_0,de_e39ed2195c14bec4_0_k2,46,48,False,0.7899088490530667,0.7938803205862971,0.7676226516304786,,
mock,de,en-de(synthetic),2,1,major_accuracy,major,accuracy,0,2,"3,0,2,1",e39ed2195c14bec4,de_e39ed2195c14bec4_0,de_e39ed2195c14bec4_0_k2,46,48,False,0.6174757513053444,0.5324683702683053,0.9211809929622349,,
mock,de,en-de(synthetic),2,2,major_accuracy,major,accuracy,"0,1",4,"3,0,2,1",e39ed2195c14bec4,de_e39ed2195c14bec4_0,de_e39ed2195c14bec4_0_k2,46,48,False,0.5482664713238012,0.5324683702683053,0.5281445167440133,,
mock,de,en-de(synthetic),2,1,major_fluency,major,fluency,0,2,"3,0,2,1",e39ed2195c14bec4,de_e39ed2195c14bec4_0,de_e39ed2195c14bec4_0_k2,46,48,False,0.7704113083983709,0.6832510244017763,0.9211809929622349,,
mock,de,en-de(synthetic),2,2,major_fluency,major,fluency,"0,1",4,"3,0,2,1",e39ed2195c14bec4,de_e39ed2195c14bec4_0,de_e39ed2195c14bec4_0_k2,46,48,False,0.7055430868135197,0.6832510244017763,0.6898518592194955,,
mock,de,en-de(synthetic),4,0,none,,,,0,"3,0,2,1",e39ed2195c14bec4,de_e39ed2195c14bec4_0,de_e39ed2195c14bec4_0_k4,90,95,False,0.8757115885595531,0.867791547166437,0.9211809929622349,0.8430929715799419,0.828270953790063
mock,de,en-de(synthetic),4,1,minor_accuracy,minor,accuracy,3,1,"3,0,2,1",e39ed2195c14bec4,de_e39ed2195c14bec4_0,de_e39ed2195c14bec4_0_k4,90,95,False,0.8505643700058408,0.867791547166437,0.9211809929622349,0.8430929715799419,0.7665726049097057
mock,de,en-de(synthetic),4,2,minor_accuracy,minor,accuracy,"0,3",2,"3,0,2,1",e39ed2195c14bec4,de_e39ed2195c14bec4_0,de_e39ed2195c14bec4_0_k4,90,95,False,0.8205238183293846,0.7232194190187659,0.9211809929622349,0.8430929715799419,0.7665726049097057
mock,de,en-de(synthetic),4,3,minor_accuracy,minor,accuracy,"0,2,3",3,"3,0,2,1",e39ed2195c14bec4,de_e39ed2195c14bec4_0,de_e39ed2195c14bec4_0_k4,90,95,False,0.7760086230124335,0.7232194190187659,0.9211809929622349,0.7813878336737643,0.7665726049097057
mock,de,en-de(synthetic),4,4,minor_accuracy,minor,accuracy,"0,1,2,3",4,"3,0,2,1",e39ed2195c14bec4,de_e39ed2195c14bec4_0,de_e39ed2195c14bec4_0_k4,90,95,False,0.7604579374872957,0.7232194190187659,0.77725922911427,0.7813878336737643,0.7665726049097057
mock,de,en-de(synthetic),4,1,minor_fluency,minor,fluency,3,1,"3,0,2,1",e39ed2195c14bec4,de_e39ed2195c14bec4_0,de_e39ed2195c14bec4_0_k4,90,95,False,0.8457396732875899,0.867791547166437,0.9211809929622349,0.8430929715799419,0.8016197482403072
mock,de,en-de(synthetic),4,2,minor_fluency,minor,fluency,"0,3",2,"3,0,2,1",e39ed2195c14bec4,de_e39ed2195c14bec4_0,de_e39ed2195c14bec4_0_k4,90,95,False,0.8242651784304647,0.7938803205862971,0.9211809929622349,0.8430929715799419,0.8016197482403072
mock,de,en-de(synthetic),4,3,minor_fluency,minor,fluency,"0,2,3",3,"3,0,2,1",e39ed2195c14bec4,de_e39ed2195c14bec4_0,de_e39ed2195c14bec4_0_k4,90,95,False,0.8361000898362182,0.7938803205862971,0.9211809929622349,0.8090759401513692,0.8016197482403072
mock,de,en-de(synthetic),4,4,minor_fluency,minor,fluency,"0,1,2,3",4,"3,0,2,1",e39ed2195c14bec4,de_e39ed2195c14bec4_0,de_e39ed2195c14bec4_0_k4,90,95,False,0.801166172290927,0.7938803205862971,0.7676226516304786,0.8090759401513692,0.8016197482403072
mock,de,en-de(synthetic),4,1,major_accuracy,major,accuracy,3,1,"3,0,2,1",e39ed2195c14bec4,de_e39ed2195c14bec4_0,de_e39ed2195c14bec4_0_k4,90,95,False,0.7359227601992088,0.867791547166437,0.9211809929622349,0.8430929715799419,0.576320570716278
mock,de,en-de(synthetic),4,2,major_accuracy,major,accuracy,"0,3",2,"3,0,2,1",e39ed2195c14bec4,de_e39ed2195c14bec4_0,de_e39ed2195c14bec4_0_k4,90,95,False,0.6204999373760408,0.5324683702683053,0.9211809929622349,0.8430929715799419,0.576320570716278
mock,de,en-de(synthetic),4,3,major_accuracy,major,accuracy,"0,2,3",3,"3,0,2,1",e39ed2195c14bec4,de_e39ed2195c14bec4_0,de_e39ed2195c14bec4_0_k4,90,95,False,0.5723553036214125,0.5324683702683053,0.9211809929622349,0.49928561696805135,0.576320570716278
mock,de,en-de(synthetic),4,4,major_accuracy,major,accuracy,"0,1,2,3",4,"3,0,2,1",e39ed2195c14bec4,de_e39ed2195c14bec4_0,de_e39ed2195c14bec4_0_k4,90,95,False,0.5201751377764285,0.5324683702683053,0.5281445167440133,0.49928561696805135,0.576320570716278
mock,de,en-de(synthetic),4,1,major_fluency,major,fluency,3,1,"3,0,2,1",e39ed2195c14bec4,de_e39ed2195c14bec4_0,de_e39ed2195c14bec4_0_k4,90,95,False,0.8105283227829351,0.867791547166437,0.9211809929622349,0.8430929715799419,0.7241205746441378
mock,de,en-de(synthetic),4,2,major_fluency,major,fluency,"0,3",2,"3,0,2,1",e39ed2195c14bec4,de_e39ed2195c14bec4_0,de_e39ed2195c14bec4_0_k4,90,95,False,0.7743428949317301,0.6832510244017763,0.9211809929622349,0.8430929715799419,0.7241205746441378
mock,de,en-de(synthetic),4,3,major_fluency,major,fluency,"0,2,3",3,"3,0,2,1",e39ed2195c14bec4,de_e39ed2195c14bec4_0,de_e39ed2195c14bec4_0_k4,90,95,False,0.7533599236667112,0.6832510244017763,0.9211809929622349,0.7512274012887369,0.7241205746441378
mock,de,en-de(synthetic),4,4,major_fluency,major,fluency,"0,1,2,3",4,"3,0,2,1",e39ed2195c14bec4,de_e39ed2195c14bec4_0,de_e39ed2195c14bec4_0_k4,90,95,False,0.718825395261975,0.6832510244017763,0.6898518592194955,0.7512274012887369,0.7241205746441378
mock,de,en-de(synthetic),1,0,none,,,,0,"1,3,2,0",e1232da43168af53,de_e1232da43168af53_0,de_e1232da43168af53_0_k1,24,25,False,0.8551721858764161,0.8551721858764161,,,
mock,de,en-de(synthetic),1,1,minor_accuracy,minor,accuracy,0,4,"1,3,2,0",e1232da43168af53,de_e1232da43168af53_0,de_e1232da43168af53_0_k1,24,25,False,0.7477058574960622,0.7477058574960622,,,
mock,de,en-de(synthetic),1,1,minor_fluency,minor,fluency,0,4,"1,3,2,0",e1232da43168af53,de_e1232da43168af53_0,de_e1232da43168af53_0_k1,24,25,False,0.8167320896896263,0.8167320896896263,,,
mock,de,en-de(synthetic),1,1,major_accuracy,major,accuracy,0,4,"1,3,2,0",e1232da43168af53,de_e1232da43168af53_0,de_e1232da43168af53_0_k1,24,25,False,0.5550900904762639,0.5550900904762639,,,
mock,de,en-de(synthetic),1,1,major_fluency,major,fluency,0,4,"1,3,2,0",e1232da43168af53,de_e1232da43168af53_0,de_e1232da43168af53_0_k1,24,25,False,0.7833264316352718,0.7833264316352718,,,
mock,de,en-de(synthetic),2,0,none,,,,0,"1,3,2,0",e1232da43168af53,de_e1232da43168af53_0,de_e1232da43168af53_0_k2,46,48,False,0.8656552620250971,0.8551721858764161,0.8538001267376852,,
mock,de,en-de(synthetic),2,1,minor_accuracy,minor,accuracy,1,1,"1,3,2,0",e1232da43168af53,de_e1232da43168af53_0,de_e1232da43168af53_0_k2,46,48,False,0.785359689510196,0.8551721858764161,0.7321370221569441,,
mock,de,en-de(synthetic),2,2,minor_accuracy,minor,accuracy,"0,1",4,"1,3,2,0",e1232da43168af53,de_e1232da43168af53_0,de_e1232da43168af53_0_k2,46,48,False,0.7540198680200455,0.7477058574960622,0.7321370221569441,,
mock,de,en-de(synthetic),2,1,minor_fluency,minor,fluency,1,1,"1,3,2,0",e1232da43168af53,de_e1232da43168af53_0,de_e1232da43168af53_0_k2,46,48,False,0.7920278695637021,0.8551721858764161,0.7462468751779028,,
mock,de,en-de(synthetic),2,2,minor_fluency,minor,fluency,"0,1",4,"1,3,2,0",e1232da43168af53,de_e1232da43168af53_0,de_e1232da43168af53_0_k2,46,48,False,0.7808733738878214,0.8167320896896263,0.7462468751779028,,
mock,de,en-de(synthetic),2,1,major_accuracy,major,accuracy,1,1,"1,3,2,0",e1232da43168af53,de_e1232da43168af53_0,de_e1232da43168af53_0_k2,46,48,False,0.6843621642974733,0.8551721858764161,0.607250128341505,,
mock,de,en-de(synthetic),2,2,major_accuracy,major,accuracy,"0,1",4,"1,3,2,0",e1232da43168af53,de_e1232da43168af53_0,de_e1232da43168af53_0_k2,46,48,False,0.576110115744654,0.5550900904762639,0.607250128341505,,
mock,de,en-de(synthetic),2,1,major_fluency,major,fluency,1,1,"1,3,2,0",e1232da43168af53,de_e1232da43168af53_0,de_e1232da43168af53_0_k2,46,48,False,0.7340709459565199,0.8551721858764161,0.6582216226828977,,
mock,de,en-de(synthetic),2,2,major_fluency,major,fluency,"0,1",4,"1,3,2,0",e1232da43168af53,de_e1232da43168af53_0,de_e1232da43168af53_0_k2,46,48,False,0.7065173872633635,0.7833264316352718,0.6582216226828977,,
mock,de,en-de(synthetic),4,0,none,,,,0,"1,3,2,0",e1232da43168af53,de_e1232da43168af53_0,de_e1232da43168af53_0_k4,90,95,False,0.8645751493946886,0.8551721858764161,0.8538001267376852,0.84421465056092,0.8750592057546287
mock,de,en-de(synthetic),4,1,minor_accuracy,minor,accuracy,1,1,"1,3,2,0",e1232da43168af53,de_e1232da43168af53_0,de_e1232da43168af53_0_k4,90,95,False,0.8241457841570351,0.8551721858764161,0.7321370221569441,0.84421465056092,0.8750592057546287
mock,de,en-de(synthetic),4,2,minor_accuracy,minor,accuracy,"1,3",2,"1,3,2,0",e1232da43168af53,de_e1232da43168af53_0,de_e1232da43168af53_0_k4,90,95,False,0.7735855425584918,0.8551721858764161,0.7321370221569441,0.84421465056092,0.755752524511746
mock,de,en-de(synthetic),4,3,minor_accuracy,minor,accuracy,"1,2,3",3,"1,3,2,0",e1232da43168af53,de_e1232da43168af53_0,de_e1232da43168af53_0_k4,90,95,False,0.7667979667784456,0.8551721858764161,0.7321370221569441,0.7682513535775682,0.755752524511746
mock,de,en-de(synthetic),4,4,minor_accuracy,minor,accuracy,"0,1,2,3",4,"1,3,2,0",e1232da43168af53,de_e1232da43168af53_0,de_e1232da43168af53_0_k4,90,95,False,0.7517932902917938,0.7477058574960622,0.7321370221569441,0.7682513535775682,0.755752524511746
mock,de,en-de(synthetic),4,1,minor_fluency,minor,fluency,1,1,"1,3,2,0",e1232da43168af53,de_e1232da43168af53_0,de_e1232da43168af53_0_k4,90,95,False,0.81694553039181,0.8551721858764161,0.7462468751779028,0.84421465056092,0.8750592057546287
mock,de,en-de(synthetic),4,2,minor_fluency,minor,fluency,"1,3",2,"1,3,2,0",e1232da43168af53,de_e1232da43168af53_0,de_e1232da43168af53_0_k4,90,95,False,0.8142806234927908,0.8551721858764161,0.7462468751779028,0.84421465056092,0.8784741896969261
mock,de,en-de(synthetic),4,3,minor_fluency,minor,fluency,"1,2,3",3,"1,3,2,0",e1232da43168af53,de_e1232da43168af53_0,de_e1232da43168af53_0_k4,90,95,False,0.8027413913431858,0.8551721858764161,0.7462468751779028,0.7676090544859977,0.8784741896969261
mock,de,en-de(synthetic),4,4,minor_fluency,minor,fluency,"0,1,2,3",4,"1,3,2,0",e1232da43168af53,de_e1232da43168af53_0,de_e1232da43168af53_0_k4,90,95,False,0.802163304532,0.8167320896896263,0.7462468751779028,0.7676090544859977,0.8784741896969261
mock,de,en-de(synthetic),4,1,major_accuracy,major,accuracy,1,1,"1,3,2,0",e1232da43168af53,de_e1232da43168af53_0,de_e1232da43168af53_0_k4,90,95,False,0.7662950651180033,0.8551721858764161,0.607250128341505,0.84421465056092,0.8750592057546287
mock,de,en-de(synthetic),4,2,major_accuracy,major,accuracy,"1,3",2,"1,3,2,0",e1232da43168af53,de_e1232da43168af53_0,de_e1232da43168af53_0_k4,90,95,False,0.6499251441196539,0.8551721858764161,0.607250128341505,0.84421465056092,0.5675709618550131
mock,de,en-de(synthetic),4,3,major_accuracy,major,accuracy,"1,2,3",3,"1,3,2,0",e1232da43168af53,de_e1232da43168af53_0,de_e1232da43168af53_0_k4,90,95,False,0.5922456718857105,0.8551721858764161,0.607250128341505,0.49528769366417263,0.5675709618550131
mock,de,en-de(synthetic),4,4,major_accuracy,major,accuracy,"0,1,2,3",4,"1,3,2,0",e1232da43168af53,de_e1232da43168af53_0,de_e1232da43168af53_0_k4,90,95,False,0.5410116673479496,0.5550900904762639,0.607250128341505,0.49528769366417263,0.5675709618550131
mock,de,en-de(synthetic),4,1,major_fluency,major,fluency,1,1,"1,3,2,0",e1232da43168af53,de_e1232da43168af53_0,de_e1232da43168af53_0_k4,90,95,False,0.7902956873762887,0.8551721858764161,0.6582216226828977,0.84421465056092,0.8750592057546287
mock,de,en-de(synthetic),4,2,major_fluency,major,fluency,"1,3",2,"1,3,2,0",e1232da43168af53,de_e1232da43168af53_0,de_e1232da43168af53_0_k4,90,95,False,0.7158100080925904,0.8551721858764161,0.6582216226828977,0.84421465056092,0.6745924890329312
mock,de,en-de(synthetic),4,3,major_fluency,major,fluency,"1,2,3",3,"1,3,2,0",e1232da43168af53,de_e1232da43168af53_0,de_e1232da43168af53_0_k4,90,95,False,0.7050966159498173,0.8551721858764161,0.6582216226828977,0.7292593563187112,0.6745924890329312
mock,de,en-de(synthetic),4,4,major_fluency,major,fluency,"0,1,2,3",4,"1,3,2,0",e1232da43168af53,de_e1232da43168af53_0,de_e1232da43168af53_0_k4,90,95,False,0.7041759021522132,0.7833264316352718,0.6582216226828977,0.7292593563187112,0.6745924890329312
mock,de,en-de(synthetic),1,0,none,,,,0,"1,2,3,0",9b60fb443424dcdb,de_9b60fb443424dcdb_4,de_9b60fb443424dcdb_4_k1,24,25,False,0.8485341160589366,0.8485341160589366,,,
mock,de,en-de(synthetic),1,1,minor_accuracy,minor,accuracy,0,4,"1,2,3,0",9b60fb443424dcdb,de_9b60fb443424dcdb_4,de_9b60fb443424dcdb_4_k1,24,25,False,0.7501890152404895,0.7501890152404895,,,
mock,de,en-de(synthetic),1,1,minor_fluency,minor,fluency,0,4,"1,2,3,0",9b60fb443424dcdb,de_9b60fb443424dcdb_4,de_9b60fb443424dcdb_4_k1,24,25,False,0.8114425176475308,0.8114425176475308,,,
mock,de,en-de(synthetic),1,1,major_accuracy,major,accuracy,0,4,"1,2,3,0",9b60fb443424dcdb,de_9b60fb443424dcdb_4,de_9b60fb443424dcdb_4_k1,24,25,False,0.5328289686608203,0.5328289686608203,,,
mock,de,en-de(synthetic),1,1,major_fluency,major,fluency,0,4,"1,2,3,0",9b60fb443424dcdb,de_9b60fb443424dcdb_4,de_9b60fb443424dcdb_4_k1,24,25,False,0.6855343724680053,0.6855343724680053,,,
mock,de,en-de(synthetic),2,0,none,,,,0,"1,2,3,0",9b60fb443424dcdb,de_9b60fb443424dcdb_4,de_9b60fb443424dcdb_4_k2,46,48,False,0.8394712939321162,0.8485341160589366,0.8486070439544082,,
mock,de,en-de(synthetic),2,1,minor_accuracy,minor,accuracy,1,1,"1,2,3,0",9b60fb443424dcdb,de_9b60fb443424dcdb_4,de_9b60fb443424dcdb_4_k2,46,48,False,0.80964889377715,0.8485341160589366,0.7885165266872338,,
mock,de,en-de(synthetic),2,2,minor_accuracy,minor,accuracy,"0,1",4,"1,2,3,0",9b60fb443424dcdb,de_9b60fb443424dcdb_4,de_9b60fb443424dcdb_4_k2,46,48,False,0.7625814729199283,0.7501890152404895,0.7885165266872338,,
mock,de,en-de(synthetic),2,1,minor_fluency,minor,fluency,1,1,"1,2,3,0",9b60fb443424dcdb,de_9b60fb443424dcdb_4,de_9b60fb443424dcdb_4_k2,46,48,False,0.800743392601567,0.8485341160589366,0.7789551695252598,,
mock,de,en-de(synthetic),2,2,minor_fluency,minor,fluency,"0,1",4,"1,2,3,0",9b60fb443424dcdb,de_9b60fb443424dcdb_4,de_9b60fb443424dcdb_4_k2,46,48,False,0.7872628146867376,0.8114425176475308,0.7789551695252598,,
mock,de,en-de(synthetic),2,1,major_accuracy,major,accuracy,1,1,"1,2,3,0",9b60fb443424dcdb,de_9b60fb443424dcdb_4,de_9b60fb443424dcdb_4_k2,46,48,False,0.6171927514928787,0.8485341160589366,0.5324994081443128,,
mock,de,en-de(synthetic),2,2,major_accuracy,major,accuracy,"0,1",4,"1,2,3,0",9b60fb443424dcdb,de_9b60fb443424dcdb_4,de_9b60fb443424dcdb_4_k2,46,48,False,0.5239552012069255,0.5328289686608203,0.5324994081443128,,
mock,de,en-de(synthetic),2,1,major_fluency,major,fluency,1,1,"1,2,3,0",9b60fb443424dcdb,de_9b60fb443424dcdb_4,de_9b60fb443424dcdb_4_k2,46,48,False,0.767040829485796,0.8485341160589366,0.7126177006692765,,
mock,de,en-de(synthetic),2,2,major_fluency,major,fluency,"0,1",4,"1,2,3,0",9b60fb443424dcdb,de_9b60fb443424dcdb_4,de_9b60fb443424dcdb_4_k2,46,48,False,0.7101567486169252,0.6855343724680053,0.7126177006692765,,
mock,de,en-de(synthetic),4,0,none,,,,0,"1,2,3,0",9b60fb443424dcdb,de_9b60fb443424dcdb_4,de_9b60fb443424dcdb_4_k4,90,95,False,0.8428435653143143,0.8485341160589366,0.8486070439544082,0.8607902413088944,0.8629931437338424
mock,de,en-de(synthetic),4,1,minor_accuracy,minor,accuracy,1,1,"1,2,3,0",9b60fb443424dcdb,de_9b60fb443424dcdb_4,de_9b60fb443424dcdb_4_k4,90,95,False,0.8369254017986301,0.8485341160589366,0.7885165266872338,0.8607902413088944,0.8629931437338424
mock,de,en-de(synthetic),4,2,minor_accuracy,minor,accuracy,"1,2",2,"1,2,3,0",9b60fb443424dcdb,de_9b60fb443424dcdb_4,de_9b60fb443424dcdb_4_k4,90,95,False,0.8134352624818649,0.8485341160589366,0.7885165266872338,0.748353966356645,0.8629931437338424
mock,de,en-de(synthetic),4,3,minor_accuracy,minor,accuracy,"1,2,3",3,"1,2,3,0",9b60fb443424dcdb,de_9b60fb443424dcdb_4,de_9b60fb443424dcdb_4_k4,90,95,False,0.7983286551907717,0.8485341160589366,0.7885165266872338,0.748353966356645,0.8099796834431933
mock,de,en-de(synthetic),4,4,minor_accuracy,minor,accuracy,"0,1,2,3",4,"1,2,3,0",9b60fb443424dcdb,de_9b60fb443424dcdb_4,de_9b60fb443424dcdb_4_k4,90,95,False,0.762790068649651,0.7501890152404895,0.7885165266872338,0.748353966356645,0.8099796834431933
mock,de,en-de(synthetic),4,1,minor_fluency,minor,fluency,1,1,"1,2,3,0",9b60fb443424dcdb,de_9b60fb443424dcdb_4,de_9b60fb443424dcdb_4_k4,90,95,False,0.8388832838041189,0.8485341160589366,0.7789551695252598,0.8607902413088944,0.8629931437338424
mock,de,en-de(synthetic),4,2,minor_fluency,minor,fluency,"1,2",2,"1,2,3,0",9b60fb443424dcdb,de_9b60fb443424dcdb_4,de_9b60fb443424dcdb_4_k4,90,95,False,0.8058243368715415,0.8485341160589366,0.7789551695252598,0.8015806252343676,0.8629931437338424
mock,de,en-de(synthetic),4,3,minor_fluency,minor,fluency,"1,2,3",3,"1,2,3,0",9b60fb443424dcdb,de_9b60fb443424dcdb_4,de_9b60fb443424dcdb_4_k4,90,95,False,0.8015689114855282,0.8485341160589366,0.7789551695252598,0.8015806252343676,0.802547138486094
mock,de,en-de(synthetic),4,4,minor_fluency,minor,fluency,"0,1,2,3",4,"1,2,3,0",9b60fb443424dcdb,de_9b60fb443424dcdb_4,de_9b60fb443424dcdb_4_k4,90,95,False,0.8024368516072954,0.8114425176475308,0.7789551695252598,0.8015806252343676,0.802547138486094
mock,de,en-de(synthetic),4,1,major_accuracy,major,accuracy,1,1,"1,2,3,0",9b60fb443424dcdb,de_9b60fb443424dcdb_4,de_9b60fb443424dcdb_4_k4,90,95,False,0.706091472133711,0.8485341160589366,0.5324994081443128,0.8607902413088944,0.8629931437338424
mock,de,en-de(synthetic),4,2,major_accuracy,major,accuracy,"1,2",2,"1,2,3,0",9b60fb443424dcdb,de_9b60fb443424dcdb_4,de_9b60fb443424dcdb_4_k4,90,95,False,0.630910959852587,0.8485341160589366,0.5324994081443128,0.5125291688977072,0.8629931437338424
mock,de,en-de(synthetic),4,3,major_accuracy,major,accuracy,"1,2,3",3,"1,2,3,0",9b60fb443424dcdb,de_9b60fb443424dcdb_4,de_9b60fb443424dcdb_4_k4,90,95,False,0.5586705201986566,0.8485341160589366,0.5324994081443128,0.5125291688977072,0.5282248798595428
mock,de,en-de(synthetic),4,4,major_accuracy,major,accuracy,"0,1,2,3",4,"1,2,3,0",9b60fb443424dcdb,de_9b60fb443424dcdb_4,de_9b60fb443424dcdb_4_k4,90,95,False,0.5237310732691655,0.5328289686608203,0.5324994081443128,0.5125291688977072,0.5282248798595428
mock,de,en-de(synthetic),4,1,major_fluency,major,fluency,1,1,"1,2,3,0",9b60fb443424dcdb,de_9b60fb443424dcdb_4,de_9b60fb443424dcdb_4_k4,90,95,False,0.8035905866815097,0.8485341160589366,0.7126177006692765,0.8607902413088944,0.8629931437338424
mock,de,en-de(synthetic),4,2,major_fluency,major,fluency,"1,2",2,"1,2,3,0",9b60fb443424dcdb,de_9b60fb443424dcdb_4,de_9b60fb443424dcdb_4_k4,90,95,False,0.7608864421273632,0.8485341160589366,0.7126177006692765,0.7170943377864806,0.8629931437338424
mock,de,en-de(synthetic),4,3,major_fluency,major,fluency,"1,2,3",3,"1,2,3,0",9b60fb443424dcdb,de_9b60fb443424dcdb_4,de_9b60fb443424dcdb_4_k4,90,95,False,0.733309652731838,0.8485341160589366,0.7126177006692765,0.7170943377864806,0.6979781655779796
mock,de,en-de(synthetic),4,4,major_fluency,major,fluency,"0,1,2,3",4,"1,2,3,0",9b60fb443424dcdb,de_9b60fb443424dcdb_4,de_9b60fb443424dcdb_4_k4,90,95,False,0.6946104374654216,0.6855343724680053,0.7126177006692765,0.7170943377864806,0.6979781655779796
mock,de,en-de(synthetic),1,0,none,,,,0,"2,1,0,3",512e7070c049464f,de_512e7070c049464f_0,de_512e7070c049464f_0_k1,24,25,False,0.87784330982485,0.87784330982485,,,
mock,de,en-de(synthetic),1,1,minor_accuracy,minor,accuracy,0,3,"2,1,0,3",512e7070c049464f,de_512e7070c049464f_0,de_512e7070c049464f_0_k1,24,25,False,0.7627654882745314,0.7627654882745314,,,
mock,de,en-de(synthetic),1,1,minor_fluency,minor,fluency,0,3,"2,1,0,3",512e7070c049464f,de_512e7070c049464f_0,de_512e7070c049464f_0_k1,24,25,False,0.7639454463974686,0.7639454463974686,,,
mock,de,en-de(synthetic),1,1,major_accuracy,major,accuracy,0,3,"2,1,0,3",512e7070c049464f,de_512e7070c049464f_0,de_512e7070c049464f_0_k1,24,25,False,0.5527722269935431,0.5527722269935431,,,
mock,de,en-de(synthetic),1,1,major_fluency,major,fluency,0,3,"2,1,0,3",512e7070c049464f,de_512e7070c049464f_0,de_512e7070c049464f_0_k1,24,25,False,0.7614360077832945,0.7614360077832945,,,
mock,de,en-de(synthetic),2,0,none,,,,0,"2,1,0,3",512e7070c049464f,de_512e7070c049464f_0,de_512e7070c049464f_0_k2,46,48,False,0.8387428425716885,0.87784330982485,0.8021461946283358,,
mock,de,en-de(synthetic),2,1,minor_accuracy,minor,accuracy,1,2,"2,1,0,3",512e7070c049464f,de_512e7070c049464f_0,de_512e7070c049464f_0_k2,46,48,False,0.7908374851317517,0.87784330982485,0.7392835347704747,,
mock,de,en-de(synthetic),2,2,minor_accuracy,minor,accuracy,"0,1",3,"2,1,0,3",512e7070c049464f,de_512e7070c049464f_0,de_512e7070c049464f_0_k2,46,48,False,0.7529381766939612,0.7627654882745314,0.7392835347704747,,
mock,de,en-de(synthetic),2,1,minor_fluency,minor,fluency,1,2,"2,1,0,3",512e7070c049464f,de_512e7070c049464f_0,de_512e7070c049464f_0_k2,46,48,False,0.8399920991567168,0.87784330982485,0.7893693052804011,,
mock,de,en-de(synthetic),2,2,minor_fluency,minor,fluency,"0,1",3,"2,1,0,3",512e7070c049464f,de_512e7070c049464f_0,de_512e7070c049464f_0_k2,46,48,False,0.7724935368496251,0.7639454463974686,0.7893693052804011,,
mock,de,en-de(synthetic),2,1,major_accuracy,major,accuracy,1,2,"2,1,0,3",512e7070c049464f,de_512e7070c049464f_0,de_512e7070c049464f_0_k2,46,48,False,0.5970487377316626,0.87784330982485,0.5272141148063596,,
mock,de,en-de(synthetic),2,2,major_accuracy,major,accuracy,"0,1",3,"2,1,0,3",512e7070c049464f,de_512e7070c049464f_0,de_512e7070c049464f_0_k2,46,48,False,0.5355711511875887,0.5527722269935431,0.5272141148063596,,
mock,de,en-de(synthetic),2,1,major_fluency,major,fluency,1,2,"2,1,0,3",512e7070c049464f,de_512e7070c049464f_0,de_512e7070c049464f_0_k2,46,48,False,0.7172940014234771,0.87784330982485,0.6526008952877326,,
mock,de,en-de(synthetic),2,2,major_fluency,major,fluency,"0,1",3,"2,1,0,3",512e7070c049464f,de_512e7070c049464f_0,de_512e7070c049464f_0_k2,46,48,False,0.6795703317462447,0.7614360077832945,0.6526008952877326,,
mock,de,en-de(synthetic),4,0,none,,,,0,"2,1,0,3",512e7070c049464f,de_512e7070c049464f_0,de_512e7070c049464f_0_k4,90,95,False,0.8362918602763492,0.87784330982485,0.8021461946283358,0.8531384205348257,0.8459493228890175
mock,de,en-de(synthetic),4,1,minor_accuracy,minor,accuracy,2,1,"2,1,0,3",512e7070c049464f,de_512e7070c049464f_0,de_512e7070c049464f_0_k4,90,95,False,0.8150867772516533,0.87784330982485,0.8021461946283358,0.7547131160417568,0.8459493228890175
mock,de,en-de(synthetic),4,2,minor_accuracy,minor,accuracy,"1,2",2,"2,1,0,3",512e7070c049464f,de_512e7070c049464f_0,de_512e7070c049464f_0_k4,90,95,False,0.7990331666895691,0.87784330982485,0.7392835347704747,0.7547131160417568,0.8459493228890175
mock,de,en-de(synthetic),4,3,minor_accuracy,minor,accuracy,"0,1,2",3,"2,1,0,3",512e7070c049464f,de_512e7070c049464f_0,de_512e7070c049464f_0_k4,90,95,False,0.7824568204878688,0.7627654882745314,0.7392835347704747,0.7547131160417568,0.8459493228890175
mock,de,en-de(synthetic),4,4,minor_accuracy,minor,accuracy,"0,1,2,3",4,"2,1,0,3",512e7070c049464f,de_512e7070c049464f_0,de_512e7070c049464f_0_k4,90,95,False,0.7438903570527379,0.7627654882745314,0.7392835347704747,0.7547131160417568,0.7627336619487369
mock,de,en-de(synthetic),4,1,minor_fluency,minor,fluency,2,1,"2,1,0,3",512e7070c049464f,de_512e7070c049464f_0,de_512e7070c049464f_0_k4,90,95,False,0.840680602025044,0.87784330982485,0.8021461946283358,0.7948626278808202,0.8459493228890175
mock,de,en-de(synthetic),4,2,minor_fluency,minor,fluency,"1,2",2,"2,1,0,3",512e7070c049464f,de_512e7070c049464f_0,de_512e7070c049464f_0_k4,90,95,False,0.8123004173994681,0.87784330982485,0.7893693052804011,0.7948626278808202,0.8459493228890175
mock,de,en-de(synthetic),4,3,minor_fluency,minor,fluency,"0,1,2",3,"2,1,0,3",512e7070c049464f,de_512e7070c049464f_0,de_512e7070c049464f_0_k4,90,95,False,0.793508220928609,0.7639454463974686,0.7893693052804011,0.7948626278808202,0.8459493228890175
mock,de,en-de(synthetic),4,4,minor_fluency,minor,fluency,"0,1,2,3",4,"2,1,0,3",512e7070c049464f,de_512e7070c049464f_0,de_512e7070c049464f_0_k4,90,95,False,0.8057113692279506,0.7639454463974686,0.7893693052804011,0.7948626278808202,0.7725792156057334
mock,de,en-de(synthetic),4,1,major_accuracy,major,accuracy,2,1,"2,1,0,3",512e7070c049464f,de_512e7070c049464f_0,de_512e7070c049464f_0_k4,90,95,False,0.6754425202610316,0.87784330982485,0.8021461946283358,0.5450170054456662,0.8459493228890175
mock,de,en-de(synthetic),4,2,major_accuracy,major,accuracy,"1,2",2,"2,1,0,3",512e7070c049464f,de_512e7070c049464f_0,de_512e7070c049464f_0_k4,90,95,False,0.6104006497588302,0.87784330982485,0.5272141148063596,0.5450170054456662,0.8459493228890175
mock,de,en-de(synthetic),4,3,major_accuracy,major,accuracy,"0,1,2",3,"2,1,0,3",512e7070c049464f,de_512e7070c049464f_0,de_512e7070c049464f_0_k4,90,95,False,0.56745820466634,0.5527722269935431,0.5272141148063596,0.5450170054456662,0.8459493228890175
mock,de,en-de(synthetic),4,4,major_accuracy,major,accuracy,"0,1,2,3",4,"2,1,0,3",512e7070c049464f,de_512e7070c049464f_0,de_512e7070c049464f_0_k4,90,95,False,0.5447106587923506,0.5527722269935431,0.5272141148063596,0.5450170054456662,0.5768926167737449
mock,de,en-de(synthetic),4,1,major_fluency,major,fluency,2,1,"2,1,0,3",512e7070c049464f,de_512e7070c049464f_0,de_512e7070c049464f_0_k4,90,95,False,0.8234668567033678,0.87784330982485,0.8021461946283358,0.8002358607144507,0.8459493228890175
mock,de,en-de(synthetic),4,2,major_fluency,major,fluency,"1,2",2,"2,1,0,3",512e7070c049464f,de_512e7070c049464f_0,de_512e7070c049464f_0_k4,90,95,False,0.7689273587454655,0.87784330982485,0.6526008952877326,0.8002358607144507,0.8459493228890175
mock,de,en-de(synthetic),4,3,major_fluency,major,fluency,"0,1,2",3,"2,1,0,3",512e7070c049464f,de_512e7070c049464f_0,de_512e7070c049464f_0_k4,90,95,False,0.746034788301146,0.7614360077832945,0.6526008952877326,0.8002358607144507,0.8459493228890175
mock,de,en-de(synthetic),4,4,major_fluency,major,fluency,"0,1,2,3",4,"2,1,0,3",512e7070c049464f,de_512e7070c049464f_0,de_512e7070c049464f_0_k4,90,95,False,0.7259907444036262,0.7614360077832945,0.6526008952877326,0.8002358607144507,0.6823297882963791
mock,de,en-de(synthetic),1,0,none,,,,0,"1,0,3,2",45134e1c5930057c,de_45134e1c5930057c_0,de_45134e1c5930057c_0_k1,24,25,False,0.8628998644222642,0.8628998644222642,,,
mock,de,en-de(synthetic),1,1,minor_accuracy,minor,accuracy,0,2,"1,0,3,2",45134e1c5930057c,de_45134e1c5930057c_0,de_45134e1c5930057c_0_k1,24,25,False,0.7920622802212985,0.7920622802212985,,,
mock,de,en-de(synthetic),1,1,minor_fluency,minor,fluency,0,2,"1,0,3,2",45134e1c5930057c,de_45134e1c5930057c_0,de_45134e1c5930057c_0_k1,24,25,False,0.8004281590398655,0.8004281590398655,,,
mock,de,en-de(synthetic),1,1,major_accuracy,major,accuracy,0,2,"1,0,3,2",45134e1c5930057c,de_45134e1c5930057c_0,de_45134e1c5930057c_0_k1,24,25,False,0.5767994407894361,0.5767994407894361,,,
mock,de,en-de(synthetic),1,1,major_fluency,major,fluency,0,2,"1,0,3,2",45134e1c5930057c,de_45134e1c5930057c_0,de_45134e1c5930057c_0_k1,24,25,False,0.723720123943403,0.723720123943403,,,
mock,de,en-de(synthetic),2,0,none,,,,0,"1,0,3,2",45134e1c5930057c,de_45134e1c5930057c_0,de_45134e1c5930057c_0_k2,46,48,False,0.8560959131089027,0.8628998644222642,0.8282979198188223,,
mock,de,en-de(synthetic),2,1,minor_accuracy,minor,accuracy,1,1,"1,0,3,2",45134e1c5930057c,de_45134e1c5930057c_0,de_45134e1c5930057c_0_k2,46,48,False,0.8280544471186084,0.8628998644222642,0.7798747134844046,,
mock,de,en-de(synthetic),2,2,minor_accuracy,minor,accuracy,"0,1",2,"1,0,3,2",45134e1c5930057c,de_45134e1c5930057c_0,de_45134e1c5930057c_0_k2,46,48,False,0.7828524357514179,0.7920622802212985,0.7798747134844046,,
mock,de,en-de(synthetic),2,1,minor_fluency,minor,fluency,1,1,"1,0,3,2",45134e1c5930057c,de_45134e1c5930057c_0,de_45134e1c5930057c_0_k2,46,48,False,0.7536581665974833,0.8628998644222642,0.7035214011648879,,
mock,de,en-de(synthetic),2,2,minor_fluency,minor,fluency,"0,1",2,"1,0,3,2",45134e1c5930057c,de_45134e1c5930057c_0,de_45134e1c5930057c_0_k2,46,48,False,0.7403666543060019,0.8004281590398655,0.7035214011648879,,
mock,de,en-de(synthetic),2,1,major_accuracy,major,accuracy,1,1,"1,0,3,2",45134e1c5930057c,de_45134e1c5930057c_0,de_45134e1c5930057c_0_k2,46,48,False,0.6044515673052138,0.8628998644222642,0.5384170973062439,,
mock,de,en-de(synthetic),2,2,major_accuracy,major,accuracy,"0,1",2,"1,0,3,2",45134e1c5930057c,de_45134e1c5930057c_0,de_45134e1c5930057c_0_k2,46,48,False,0.5456969583562556,0.5767994407894361,0.5384170973062439,,
mock,de,en-de(synthetic),2,1,major_fluency,major,fluency,1,1,"1,0,3,2",45134e1c5930057c,de_45134e1c5930057c_0,de_45134e1c5930057c_0_k2,46,48,False,0.7209580093598994,0.8628998644222642,0.6672032717633881,,
mock,de,en-de(synthetic),2,2,major_fluency,major,fluency,"0,1",2,"1,0,3,2",45134e1c5930057c,de_45134e1c5930057c_0,de_45134e1c5930057c_0_k2,46,48,False,0.7002654765568426,0.723720123943403,0.6672032717633881,,
mock,de,en-de(synthetic),4,0,none,,,,0,"1,0,3,2",45134e1c5930057c,de_45134e1c5930057c_0,de_45134e1c5930057c_0_k4,90,95,False,0.84947565388279,0.8628998644222642,0.8282979198188223,0.8592864448760666,0.866001008705075
mock,de,en-de(synthetic),4,1,minor_accuracy,minor,accuracy,1,1,"1,0,3,2",45134e1c5930057c,de_45134e1c5930057c_0,de_45134e1c5930057c_0_k4,90,95,False,0.8492529242010773,0.8628998644222642,0.7798747134844046,0.8592864448760666,0.866001008705075
mock,de,en-de(synthetic),4,2,minor_accuracy,minor,accuracy,"0,1",2,"1,0,3,2",45134e1c5930057c,de_45134e1c5930057c_0,de_45134e1c5930057c_0_k4,90,95,False,0.8398987833360958,0.7920622802212985,0.7798747134844046,0.8592864448760666,0.866001008705075
mock,de,en-de(synthetic),4,3,minor_accuracy,minor,accuracy,"0,1,3",3,"1,0,3,2",45134e1c5930057c,de_45134e1c5930057c_0,de_45134e1c5930057c_0_k4,90,95,False,0.8003701816017502,0.7920622802212985,0.7798747134844046,0.8592864448760666,0.7481971646501183
mock,de,en-de(synthetic),4,4,minor_accuracy,minor,accuracy,"0,1,2,3",4,"1,0,3,2",45134e1c5930057c,de_45134e1c5930057c_0,de_45134e1c5930057c_0_k4,90,95,False,0.7898773107424346,0.7920622802212985,0.7798747134844046,0.8014055894619625,0.7481971646501183
mock,de,en-de(synthetic),4,1,minor_fluency,minor,fluency,1,1,"1,0,3,2",45134e1c5930057c,de_45134e1c5930057c_0,de_45134e1c5930057c_0_k4,90,95,False,0.7912312419362764,0.8628998644222642,0.7035214011648879,0.8592864448760666,0.866001008705075
mock,de,en-de(synthetic),4,2,minor_fluency,minor,fluency,"0,1",2,"1,0,3,2",45134e1c5930057c,de_45134e1c5930057c_0,de_45134e1c5930057c_0_k4,90,95,False,0.7929945009370402,0.8004281590398655,0.7035214011648879,0.8592864448760666,0.866001008705075
mock,de,en-de(synthetic),4,3,minor_fluency,minor,fluency,"0,1,3",3,"1,0,3,2",45134e1c5930057c,de_45134e1c5930057c_0,de_45134e1c5930057c_0_k4,90,95,False,0.7599941210074317,0.8004281590398655,0.7035214011648879,0.8592864448760666,0.7830157165064074
mock,de,en-de(synthetic),4,4,minor_fluency,minor,fluency,"0,1,2,3",4,"1,0,3,2",45134e1c5930057c,de_45134e1c5930057c_0,de_45134e1c5930057c_0_k4,90,95,False,0.7646531801628833,0.8004281590398655,0.7035214011648879,0.8448571691007529,0.7830157165064074
mock,de,en-de(synthetic),4,1,major_accuracy,major,accuracy,1,1,"1,0,3,2",45134e1c5930057c,de_45134e1c5930057c_0,de_45134e1c5930057c_0_k4,90,95,False,0.6929866108595473,0.8628998644222642,0.5384170973062439,0.8592864448760666,0.866001008705075
mock,de,en-de(synthetic),4,2,major_accuracy,major,accuracy,"0,1",2,"1,0,3,2",45134e1c5930057c,de_45134e1c5930057c_0,de_45134e1c5930057c_0_k4,90,95,False,0.6262344081106401,0.5767994407894361,0.5384170973062439,0.8592864448760666,0.866001008705075
mock,de,en-de(synthetic),4,3,major_accuracy,major,accuracy,"0,1,3",3,"1,0,3,2",45134e1c5930057c,de_45134e1c5930057c_0,de_45134e1c5930057c_0_k4,90,95,False,0.5737107345523916,0.5767994407894361,0.5384170973062439,0.8592864448760666,0.5759899247546543
mock,de,en-de(synthetic),4,4,major_accuracy,major,accuracy,"0,1,2,3",4,"1,0,3,2",45134e1c5930057c,de_45134e1c5930057c_0,de_45134e1c5930057c_0_k4,90,95,False,0.55277619717866,0.5767994407894361,0.5384170973062439,0.5163115989558809,0.5759899247546543
mock,de,en-de(synthetic),4,1,major_fluency,major,fluency,1,1,"1,0,3,2",45134e1c5930057c,de_45134e1c5930057c_0,de_45134e1c5930057c_0_k4,90,95,False,0.7985035801119341,0.8628998644222642,0.6672032717633881,0.8592864448760666,0.866001008705075
mock,de,en-de(synthetic),4,2,major_fluency,major,fluency,"0,1",2,"1,0,3,2",45134e1c5930057c,de_45134e1c5930057c_0,de_45134e1c5930057c_0_k4,90,95,False,0.7602676652546024,0.723720123943403,0.6672032717633881,0.8592864448760666,0.866001008705075
mock,de,en-de(synthetic),4,3,major_fluency,major,fluency,"0,1,3",3,"1,0,3,2",45134e1c5930057c,de_45134e1c5930057c_0,de_45134e1c5930057c_0_k4,90,95,False,0.7161582291345272,0.723720123943403,0.6672032717633881,0.8592864448760666,0.6765541583451222
mock,de,en-de(synthetic),4,4,major_fluency,major,fluency,"0,1,2,3",4,"1,0,3,2",45134e1c5930057c,de_45134e1c5930057c_0,de_45134e1c5930057c_0_k4,90,95,False,0.6913663803260496,0.723720123943403,0.6672032717633881,0.657996922719857,0.6765541583451222
mock,de,en-de(synthetic),1,0,none,,,,0,"3,0,2,1",023f18d41d2651ce,de_023f18d41d2651ce_4,de_023f18d41d2651ce_4_k1,24,25,False,0.8439020639744464,0.8439020639744464,,,
mock,de,en-de(synthetic),1,1,minor_accuracy,minor,accuracy,0,2,"3,0,2,1",023f18d41d2651ce,de_023f18d41d2651ce_4,de_023f18d41d2651ce_4_k1,24,25,False,0.8016407268870454,0.8016407268870454,,,
mock,de,en-de(synthetic),1,1,minor_fluency,minor,fluency,0,2,"3,0,2,1",023f18d41d2651ce,de_023f18d41d2651ce_4,de_023f18d41d2651ce_4_k1,24,25,False,0.7940414036042115,0.7940414036042115,,,
mock,de,en-de(synthetic),1,1,major_accuracy,major,accuracy,0,2,"3,0,2,1",023f18d41d2651ce,de_023f18d41d2651ce_4,de_023f18d41d2651ce_4_k1,24,25,False,0.47280259357713833,0.47280259357713833,,,
mock,de,en-de(synthetic),1,1,major_fluency,major,fluency,0,2,"3,0,2,1",023f18d41d2651ce,de_023f18d41d2651ce_4,de_023f18d41d2651ce_4_k1,24,25,False,0.6799326750534533,0.6799326750534533,,,
mock,de,en-de(synthetic),2,0,none,,,,0,"3,0,2,1",023f18d41d2651ce,de_023f18d41d2651ce_4,de_023f18d41d2651ce_4_k2,46,48,False,0.8225372987000896,0.8439020639744464,0.7988783537841709,,
mock,de,en-de(synthetic),2,1,minor_accuracy,minor,accuracy,0,2,"3,0,2,1",023f18d41d2651ce,de_023f18d41d2651ce_4,de_023f18d41d2651ce_4_k2,46,48,False,0.7988542088352588,0.8016407268870454,0.7988783537841709,,
mock,de,en-de(synthetic),2,2,minor_accuracy,minor,accuracy,"0,1",4,"3,0,2,1",023f18d41d2651ce,de_023f18d41d2651ce_4,de_023f18d41d2651ce_4_k2,46,48,False,0.811677746541655,0.8016407268870454,0.787363450047243,,
mock,de,en-de(synthetic),2,1,minor_fluency,minor,fluency,0,2,"3,0,2,1",023f18d41d2651ce,de_023f18d41d2651ce_4,de_023f18d41d2651ce_4_k2,46,48,False,0.7860863085140273,0.7940414036042115,0.7988783537841709,,
mock,de,en-de(synthetic),2,2,minor_fluency,minor,fluency,"0,1",4,"3,0,2,1",023f18d41d2651ce,de_023f18d41d2651ce_4,de_023f18d41d2651ce_4_k2,46,48,False,0.8064674159346217,0.7940414036042115,0.8231278976339749,,
mock,de,en-de(synthetic),2,1,major_accuracy,major,accuracy,0,2,"3,0,2,1",023f18d41d2651ce,de_023f18d41d2651ce_4,de_023f18d41d2651ce_4_k2,46,48,False,0.5364343441898561,0.47280259357713833,0.7988783537841709,,
mock,de,en-de(synthetic),2,2,major_accuracy,major,accuracy,"0,1",4,"3,0,2,1",023f18d41d2651ce,de_023f18d41d2651ce_4,de_023f18d41d2651ce_4_k2,46,48,False,0.5158982655583617,0.47280259357713833,0.56226088107587,,
mock,de,en-de(synthetic),2,1,major_fluency,major,fluency,0,2,"3,0,2,1",023f18d41d2651ce,de_023f18d41d2651ce_4,de_023f18d41d2651ce_4_k2,46,48,False,0.7389645734732857,0.6799326750534533,0.7988783537841709,,
mock,de,en-de(synthetic),2,2,major_fluency,major,fluency,"0,1",4,"3,0,2,1",023f18d41d2651ce,de_023f18d41d2651ce_4,de_023f18d41d2651ce_4_k2,46,48,False,0.7168885980060671,0.6799326750534533,0.761573628722333,,
mock,de,en-de(synthetic),4,0,none,,,,0,"3,0,2,1",023f18d41d2651ce,de_023f18d41d2651ce_4,de_023f18d41d2651ce_4_k4,90,95,False,0.8518765190481559,0.8439020639744464,0.7988783537841709,0.8765354483996395,0.9020054166941734
mock,de,en-de(synthetic),4,1,minor_accuracy,minor,accuracy,3,1,"3,0,2,1",023f18d41d2651ce,de_023f18d41d2651ce_4,de_023f18d41d2651ce_4_k4,90,95,False,0.8234506602539687,0.8439020639744464,0.7988783537841709,0.8765354483996395,0.8011321805987572
mock,de,en-de(synthetic),4,2,minor_accuracy,minor,accuracy,"0,3",2,"3,0,2,1",023f18d41d2651ce,de_023f18d41d2651ce_4,de_023f18d41d2651ce_4_k4,90,95,False,0.8059953972134788,0.8016407268870454,0.7988783537841709,0.8765354483996395,0.8011321805987572
mock,de,en-de(synthetic),4,3,minor_accuracy,minor,accuracy,"0,2,3",3,"3,0,2,1",023f18d41d2651ce,de_023f18d41d2651ce_4,de_023f18d41d2651ce_4_k4,90,95,False,0.8027717922828889,0.8016407268870454,0.7988783537841709,0.7581718535187529,0.8011321805987572
mock,de,en-de(synthetic),4,4,minor_accuracy,minor,accuracy,"0,1,2,3",4,"3,0,2,1",023f18d41d2651ce,de_023f18d41d2651ce_4,de_023f18d41d2651ce_4_k4,90,95,False,0.7770230553217732,0.8016407268870454,0.787363450047243,0.7581718535187529,0.8011321805987572
mock,de,en-de(synthetic),4,1,minor_fluency,minor,fluency,3,1,"3,0,2,1",023f18d41d2651ce,de_023f18d41d2651ce_4,de_023f18d41d2651ce_4_k4,90,95,False,0.8357338535816787,0.8439020639744464,0.7988783537841709,0.8765354483996395,0.825000261298518
mock,de,en-de(synthetic),4,2,minor_fluency,minor,fluency,"0,3",2,"3,0,2,1",023f18d41d2651ce,de_023f18d41d2651ce_4,de_023f18d41d2651ce_4_k4,90,95,False,0.8031001447720938,0.7940414036042115,0.7988783537841709,0.8765354483996395,0.825000261298518
mock,de,en-de(synthetic),4,3,minor_fluency,minor,fluency,"0,2,3",3,"3,0,2,1",023f18d41d2651ce,de_023f18d41d2651ce_4,de_023f18d41d2651ce_4_k4,90,95,False,0.8286014012299219,0.7940414036042115,0.7988783537841709,0.8633386834484882,0.825000261298518
mock,de,en-de(synthetic),4,4,minor_fluency,minor,fluency,"0,1,2,3",4,"3,0,2,1",023f18d41d2651ce,de_023f18d41d2651ce_4,de_023f18d41d2651ce_4_k4,90,95,False,0.8422412797468601,0.7940414036042115,0.8231278976339749,0.8633386834484882,0.825000261298518
mock,de,en-de(synthetic),4,1,major_accuracy,major,accuracy,3,1,"3,0,2,1",023f18d41d2651ce,de_023f18d41d2651ce_4,de_023f18d41d2651ce_4_k4,90,95,False,0.6664485804125352,0.8439020639744464,0.7988783537841709,0.8765354483996395,0.5188478489199013
mock,de,en-de(synthetic),4,2,major_accuracy,major,accuracy,"0,3",2,"3,0,2,1",023f18d41d2651ce,de_023f18d41d2651ce_4,de_023f18d41d2651ce_4_k4,90,95,False,0.5741939030019104,0.47280259357713833,0.7988783537841709,0.8765354483996395,0.5188478489199013
mock,de,en-de(synthetic),4,3,major_accuracy,major,accuracy,"0,2,3",3,"3,0,2,1",023f18d41d2651ce,de_023f18d41d2651ce_4,de_023f18d41d2651ce_4_k4,90,95,False,0.541324705625336,0.47280259357713833,0.7988783537841709,0.5329360952351863,0.5188478489199013
mock,de,en-de(synthetic),4,4,major_accuracy,major,accuracy,"0,1,2,3",4,"3,0,2,1",023f18d41d2651ce,de_023f18d41d2651ce_4,de_023f18d41d2651ce_4_k4,90,95,False,0.49924371676543855,0.47280259357713833,0.56226088107587,0.5329360952351863,0.5188478489199013
mock,de,en-de(synthetic),4,1,major_fluency,major,fluency,3,1,"3,0,2,1",023f18d41d2651ce,de_023f18d41d2651ce_4,de_023f18d41d2651ce_4_k4,90,95,False,0.7767790306758797,0.8439020639744464,0.7988783537841709,0.8765354483996395,0.6964738919598698
mock,de,en-de(synthetic),4,2,major_fluency,major,fluency,"0,3",2,"3,0,2,1",023f18d41d2651ce,de_023f18d41d2651ce_4,de_023f18d41d2651ce_4_k4,90,95,False,0.7422588099283393,0.6799326750534533,0.7988783537841709,0.8765354483996395,0.6964738919598698
mock,de,en-de(synthetic),4,3,major_fluency,major,fluency,"0,2,3",3,"3,0,2,1",023f18d41d2651ce,de_023f18d41d2651ce_4,de_023f18d41d2651ce_4_k4,90,95,False,0.7067778549364085,0.6799326750534533,0.7988783537841709,0.6917304415223117,0.6964738919598698
mock,de,en-de(synthetic),4,4,major_fluency,major,fluency,"0,1,2,3",4,"3,0,2,1",023f18d41d2651ce,de_023f18d41d2651ce_4,de_023f18d41d2651ce_4_k4,90,95,False,0.7025976831481419,0.6799326750534533,0.761573628722333,0.6917304415223117,0.6964738919598698
mock,de,en-de(synthetic),1,0,none,,,,0,"2,0,3,1",35f0132b45900329,de_35f0132b45900329_4,de_35f0132b45900329_4_k1,24,25,False,0.7932689681553099,0.7932689681553099,,,
mock,de,en-de(synthetic),1,1,minor_accuracy,minor,accuracy,0,2,"2,0,3,1",35f0132b45900329,de_35f0132b45900329_4,de_35f0132b45900329_4_k1,24,25,False,0.7573135058758199,0.7573135058758199,,,
mock,de,en-de(synthetic),1,1,minor_fluency,minor,fluency,0,2,"2,0,3,1",35f0132b45900329,de_35f0132b45900329_4,de_35f0132b45900329_4_k1,24,25,False,0.7755208980917924,0.7755208980917924,,,
mock,de,en-de(synthetic),1,1,major_accuracy,major,accuracy,0,2,"2,0,3,1",35f0132b45900329,de_35f0132b45900329_4,de_35f0132b45900329_4_k1,24,25,False,0.5435538510640807,0.5435538510640807,,,
mock,de,en-de(synthetic),1,1,major_fluency,major,fluency,0,2,"2,0,3,1",35f0132b45900329,de_35f0132b45900329_4,de_35f0132b45900329_4_k1,24,25,False,0.6919006756000747,0.6919006756000747,,,
mock,de,en-de(synthetic),2,0,none,,,,0,"2,0,3,1",35f0132b45900329,de_35f0132b45900329_4,de_35f0132b45900329_4_k2,46,48,False,0.8059152314091895,0.7932689681553099,0.836272174858365,,
mock,de,en-de(synthetic),2,1,minor_accuracy,minor,accuracy,0,2,"2,0,3,1",35f0132b45900329,de_35f0132b45900329_4,de_35f0132b45900329_4_k2,46,48,False,0.7983979899790709,0.7573135058758199,0.836272174858365,,
mock,de,en-de(synthetic),2,2,minor_accuracy,minor,accuracy,"0,1",4,"2,0,3,1",35f0132b45900329,de_35f0132b45900329_4,de_35f0132b45900329_4_k2,46,48,False,0.7593154609808551,0.7573135058758199,0.7571912244680873,,
mock,de,en-de(synthetic),2,1,minor_fluency,minor,fluency,0,2,"2,0,3,1",35f0132b45900329,de_35f0132b45900329_4,de_35f0132b45900329_4_k2,46,48,False,0.8081843822027687,0.7755208980917924,0.836272174858365,,
mock,de,en-de(synthetic),2,2,minor_fluency,minor,fluency,"0,1",4,"2,0,3,1",35f0132b45900329,de_35f0132b45900329_4,de_35f0132b45900329_4_k2,46,48,False,0.787359041886717,0.7755208980917924,0.8120242616891828,,
mock,de,en-de(synthetic),2,1,major_accuracy,major,accuracy,0,2,"2,0,3,1",35f0132b45900329,de_35f0132b45900329_4,de_35f0132b45900329_4_k2,46,48,False,0.6283146710464969,0.5435538510640807,0.836272174858365,,
mock,de,en-de(synthetic),2,2,major_accuracy,major,accuracy,"0,1",4,"2,0,3,1",35f0132b45900329,de_35f0132b45900329_4,de_35f0132b45900329_4_k2,46,48,False,0.5576417890258475,0.5435538510640807,0.5717798592739625,,
mock,de,en-de(synthetic),2,1,major_fluency,major,fluency,0,2,"2,0,3,1",35f0132b45900329,de_35f0132b45900329_4,de_35f0132b45900329_4_k2,46,48,False,0.7524192136574515,0.6919006756000747,0.836272174858365,,
mock,de,en-de(synthetic),2,2,major_fluency,major,fluency,"0,1",4,"2,0,3,1",35f0132b45900329,de_35f0132b45900329_4,de_35f0132b45900329_4_k2,46,48,False,0.7063404781386962,0.6919006756000747,0.7045904117107876,,
mock,de,en-de(synthetic),4,0,none,,,,0,"2,0,3,1",35f0132b45900329,de_35f0132b45900329_4,de_35f0132b45900329_4_k4,90,95,False,0.807366164625233,0.7932689681553099,0.836272174858365,0.8245020830645584,0.8485108695794241
mock,de,en-de(synthetic),4,1,minor_accuracy,minor,accuracy,2,1,"2,0,3,1",35f0132b45900329,de_35f0132b45900329_4,de_35f0132b45900329_4_k4,90,95,False,0.8320944440660013,0.7932689681553099,0.836272174858365,0.8206432871913479,0.8485108695794241
mock,de,en-de(synthetic),4,2,minor_accuracy,minor,accuracy,"0,2",2,"2,0,3,1",35f0132b45900329,de_35f0132b45900329_4,de_35f0132b45900329_4_k4,90,95,False,0.820228960058472,0.7573135058758199,0.836272174858365,0.8206432871913479,0.8485108695794241
mock,de,en-de(synthetic),4,3,minor_accuracy,minor,accuracy,"0,2,3",3,"2,0,3,1",35f0132b45900329,de_35f0132b45900329_4,de_35f0132b45900329_4_k4,90,95,False,0.799871789745156,0.7573135058758199,0.836272174858365,0.8206432871913479,0.8050853953448137
mock,de,en-de(synthetic),4,4,minor_accuracy,minor,accuracy,"0,1,2,3",4,"2,0,3,1",35f0132b45900329,de_35f0132b45900329_4,de_35f0132b45900329_4_k4,90,95,False,0.7739085901108766,0.7573135058758199,0.7571912244680873,0.8206432871913479,0.8050853953448137
mock,de,en-de(synthetic),4,1,minor_fluency,minor,fluency,2,1,"2,0,3,1",35f0132b45900329,de_35f0132b45900329_4,de_35f0132b45900329_4_k4,90,95,False,0.8291624662013799,0.7932689681553099,0.836272174858365,0.8341052725175215,0.8485108695794241
mock,de,en-de(synthetic),4,2,minor_fluency,minor,fluency,"0,2",2,"2,0,3,1",35f0132b45900329,de_35f0132b45900329_4,de_35f0132b45900329_4_k4,90,95,False,0.817019966640296,0.7755208980917924,0.836272174858365,0.8341052725175215,0.8485108695794241
mock,de,en-de(synthetic),4,3,minor_fluency,minor,fluency,"0,2,3",3,"2,0,3,1",35f0132b45900329,de_35f0132b45900329_4,de_35f0132b45900329_4_k4,90,95,False,0.8234107484496106,0.7755208980917924,0.836272174858365,0.8341052725175215,0.860016570321545
mock,de,en-de(synthetic),4,4,minor_fluency,minor,fluency,"0,1,2,3",4,"2,0,3,1",35f0132b45900329,de_35f0132b45900329_4,de_35f0132b45900329_4_k4,90,95,False,0.8226363141642739,0.7755208980917924,0.8120242616891828,0.8341052725175215,0.860016570321545
mock,de,en-de(synthetic),4,1,major_accuracy,major,accuracy,2,1,"2,0,3,1",35f0132b45900329,de_35f0132b45900329_4,de_35f0132b45900329_4_k4,90,95,False,0.6919065028322035,0.7932689681553099,0.836272174858365,0.538580231041639,0.8485108695794241
mock,de,en-de(synthetic),4,2,major_accuracy,major,accuracy,"0,2",2,"2,0,3,1",35f0132b45900329,de_35f0132b45900329_4,de_35f0132b45900329_4_k4,90,95,False,0.6203276556616242,0.5435538510640807,0.836272174858365,0.538580231041639,0.8485108695794241
mock,de,en-de(synthetic),4,3,major_accuracy,major,accuracy,"0,2,3",3,"2,0,3,1",35f0132b45900329,de_35f0132b45900329_4,de_35f0132b45900329_4_k4,90,95,False,0.5777137995744637,0.5435538510640807,0.836272174858365,0.538580231041639,0.559078356298484
mock,de,en-de(synthetic),4,4,major_accuracy,major,accuracy,"0,1,2,3",4,"2,0,3,1",35f0132b45900329,de_35f0132b45900329_4,de_35f0132b45900329_4_k4,90,95,False,0.5456243115316551,0.5435538510640807,0.5717798592739625,0.538580231041639,0.559078356298484
mock,de,en-de(synthetic),4,1,major_fluency,major,fluency,2,1,"2,0,3,1",35f0132b45900329,de_35f0132b45900329_4,de_35f0132b45900329_4_k4,90,95,False,0.8032565960175968,0.7932689681553099,0.836272174858365,0.6903368855545142,0.8485108695794241
mock,de,en-de(synthetic),4,2,major_fluency,major,fluency,"0,2",2,"2,0,3,1",35f0132b45900329,de_35f0132b45900329_4,de_35f0132b45900329_4_k4,90,95,False,0.7599354493096965,0.6919006756000747,0.836272174858365,0.6903368855545142,0.8485108695794241
mock,de,en-de(synthetic),4,3,major_fluency,major,fluency,"0,2,3",3,"2,0,3,1",35f0132b45900329,de_35f0132b45900329_4,de_35f0132b45900329_4_k4,90,95,False,0.7334134130254836,0.6919006756000747,0.836272174858365,0.6903368855545142,0.7588524975426602
mock,de,en-de(synthetic),4,4,major_fluency,major,fluency,"0,1,2,3",4,"2,0,3,1",35f0132b45900329,de_35f0132b45900329_4,de_35f0132b45900329_4_k4,90,95,False,0.7010500320065202,0.6919006756000747,0.7045904117107876,0.6903368855545142,0.7588524975426602
mock,de,en-de(synthetic),1,0,none,,,,0,"3,2,1,0",5223bbe973885f31,de_5223bbe973885f31_4,de_5223bbe973885f31_4_k1,24,25,False,0.9044474233662044,0.9044474233662044,,,
mock,de,en-de(synthetic),1,1,minor_accuracy,minor,accuracy,0,4,"3,2,1,0",5223bbe973885f31,de_5223bbe973885f31_4,de_5223bbe973885f31_4_k1,24,25,False,0.7519549721115921,0.7519549721115921,,,
mock,de,en-de(synthetic),1,1,minor_fluency,minor,fluency,0,4,"3,2,1,0",5223bbe973885f31,de_5223bbe973885f31_4,de_5223bbe973885f31_4_k1,24,25,False,0.7902857050303087,0.7902857050303087,,,
mock,de,en-de(synthetic),1,1,major_accuracy,major,accuracy,0,4,"3,2,1,0",5223bbe973885f31,de_5223bbe973885f31_4,de_5223bbe973885f31_4_k1,24,25,False,0.5561276494570826,0.5561276494570826,,,
mock,de,en-de(synthetic),1,1,major_fluency,major,fluency,0,4,"3,2,1,0",5223bbe973885f31,de_5223bbe973885f31_4,de_5223bbe973885f31_4_k1,24,25,False,0.7233102077675599,0.7233102077675599,,,
mock,de,en-de(synthetic),2,0,none,,,,0,"3,2,1,0",5223bbe973885f31,de_5223bbe973885f31_4,de_5223bbe973885f31_4_k2,46,48,False,0.8916553696768799,0.9044474233662044,0.8667843544609981,,
mock,de,en-de(synthetic),2,1,minor_accuracy,minor,accuracy,1,3,"3,2,1,0",5223bbe973885f31,de_5223bbe973885f31_4,de_5223bbe973885f31_4_k2,46,48,False,0.838929134647468,0.9044474233662044,0.7557607783625556,,
mock,de,en-de(synthetic),2,2,minor_accuracy,minor,accuracy,"0,1",4,"3,2,1,0",5223bbe973885f31,de_5223bbe973885f31_4,de_5223bbe973885f31_4_k2,46,48,False,0.758025905133793,0.7519549721115921,0.7557607783625556,,
mock,de,en-de(synthetic),2,1,minor_fluency,minor,fluency,1,3,"3,2,1,0",5223bbe973885f31,de_5223bbe973885f31_4,de_5223bbe973885f31_4_k2,46,48,False,0.828117644135927,0.9044474233662044,0.7571921755577865,,
mock,de,en-de(synthetic),2,2,minor_fluency,minor,fluency,"0,1",4,"3,2,1,0",5223bbe973885f31,de_5223bbe973885f31_4,de_5223bbe973885f31_4_k2,46,48,False,0.782262205981914,0.7902857050303087,0.7571921755577865,,
mock,de,en-de(synthetic),2,1,major_accuracy,major,accuracy,1,3,"3,2,1,0",5223bbe973885f31,de_5223bbe973885f31_4,de_5223bbe973885f31_4_k2,46,48,False,0.6316929127343784,0.9044474233662044,0.5420136062330267,,
mock,de,en-de(synthetic),2,2,major_accuracy,major,accuracy,"0,1",4,"3,2,1,0",5223bbe973885f31,de_5223bbe973885f31_4,de_5223bbe973885f31_4_k2,46,48,False,0.5580720944840661,0.5561276494570826,0.5420136062330267,,
mock,de,en-de(synthetic),2,1,major_fluency,major,fluency,1,3,"3,2,1,0",5223bbe973885f31,de_5223bbe973885f31_4,de_5223bbe973885f31_4_k2,46,48,False,0.8425736891540541,0.9044474233662044,0.7850929724067824,,
mock,de,en-de(synthetic),2,2,major_fluency,major,fluency,"0,1",4,"3,2,1,0",5223bbe973885f31,de_5223bbe973885f31_4,de_5223bbe973885f31_4_k2,46,48,False,0.7603085591619678,0.7233102077675599,0.7850929724067824,,
mock,de,en-de(synthetic),4,0,none,,,,0,"3,2,1,0",5223bbe973885f31,de_5223bbe973885f31_4,de_5223bbe973885f31_4_k4,90,95,False,0.861866082333597,0.9044474233662044,0.8667843544609981,0.8198622981515268,0.8052035283204738
mock,de,en-de(synthetic),4,1,minor_accuracy,minor,accuracy,3,1,"3,2,1,0",5223bbe973885f31,de_5223bbe973885f31_4,de_5223bbe973885f31_4_k4,90,95,False,0.8390337478065953,0.9044474233662044,0.8667843544609981,0.8198622981515268,0.7948956460361556
mock,de,en-de(synthetic),4,2,minor_accuracy,minor,accuracy,"2,3",2,"3,2,1,0",5223bbe973885f31,de_5223bbe973885f31_4,de_5223bbe973885f31_4_k4,90,95,False,0.8641423007737071,0.9044474233662044,0.8667843544609981,0.8063180943525313,0.7948956460361556
mock,de,en-de(synthetic),4,3,minor_accuracy,minor,accuracy,"1,2,3",3,"3,2,1,0",5223bbe973885f31,de_5223bbe973885f31_4,de_5223bbe973885f31_4_k4,90,95,False,0.8015690369248603,0.9044474233662044,0.7557607783625556,0.8063180943525313,0.7948956460361556
mock,de,en-de(synthetic),4,4,minor_accuracy,minor,accuracy,"0,1,2,3",4,"3,2,1,0",5223bbe973885f31,de_5223bbe973885f31_4,de_5223bbe973885f31_4_k4,90,95,False,0.7881477030112372,0.7519549721115921,0.7557607783625556,0.8063180943525313,0.7948956460361556
mock,de,en-de(synthetic),4,1,minor_fluency,minor,fluency,3,1,"3,2,1,0",5223bbe973885f31,de_5223bbe973885f31_4,de_5223bbe973885f31_4_k4,90,95,False,0.832787383291157,0.9044474233662044,0.8667843544609981,0.8198622981515268,0.7421599623540339
mock,de,en-de(synthetic),4,2,minor_fluency,minor,fluency,"2,3",2,"3,2,1,0",5223bbe973885f31,de_5223bbe973885f31_4,de_5223bbe973885f31_4_k4,90,95,False,0.8317193425593084,0.9044474233662044,0.8667843544609981,0.810374549150829,0.7421599623540339
mock,de,en-de(synthetic),4,3,minor_fluency,minor,fluency,"1,2,3",3,"3,2,1,0",5223bbe973885f31,de_5223bbe973885f31_4,de_5223bbe973885f31_4_k4,90,95,False,0.790155212992091,0.9044474233662044,0.7571921755577865,0.810374549150829,0.7421599623540339
mock,de,en-de(synthetic),4,4,minor_fluency,minor,fluency,"0,1,2,3",4,"3,2,1,0",5223bbe973885f31,de_5223bbe973885f31_4,de_5223bbe973885f31_4_k4,90,95,False,0.7920464556012301,0.7902857050303087,0.7571921755577865,0.810374549150829,0.7421599623540339
mock,de,en-de(synthetic),4,1,major_accuracy,major,accuracy,3,1,"3,2,1,0",5223bbe973885f31,de_5223bbe973885f31_4,de_5223bbe973885f31_4_k4,90,95,False,0.7309659995034308,0.9044474233662044,0.8667843544609981,0.8198622981515268,0.5781019741619282
mock,de,en-de(synthetic),4,2,major_accuracy,major,accuracy,"2,3",2,"3,2,1,0",5223bbe973885f31,de_5223bbe973885f31_4,de_5223bbe973885f31_4_k4,90,95,False,0.6375465196900862,0.9044474233662044,0.8667843544609981,0.5586498212381232,0.5781019741619282
mock,de,en-de(synthetic),4,3,major_accuracy,major,accuracy,"1,2,3",3,"3,2,1,0",5223bbe973885f31,de_5223bbe973885f31_4,de_5223bbe973885f31_4_k4,90,95,False,0.6015129934695315,0.9044474233662044,0.5420136062330267,0.5586498212381232,0.5781019741619282
mock,de,en-de(synthetic),4,4,major_accuracy,major,accuracy,"0,1,2,3",4,"3,2,1,0",5223bbe973885f31,de_5223bbe973885f31_4,de_5223bbe973885f31_4_k4,90,95,False,0.5741854076612195,0.5561276494570826,0.5420136062330267,0.5586498212381232,0.5781019741619282
mock,de,en-de(synthetic),4,1,major_fluency,major,fluency,3,1,"3,2,1,0",5223bbe973885f31,de_5223bbe973885f31_4,de_5223bbe973885f31_4_k4,90,95,False,0.8070171151594198,0.9044474233662044,0.8667843544609981,0.8198622981515268,0.7095960432917445
mock,de,en-de(synthetic),4,2,major_fluency,major,fluency,"2,3",2,"3,2,1,0",5223bbe973885f31,de_5223bbe973885f31_4,de_5223bbe973885f31_4_k4,90,95,False,0.7476296905733589,0.9044474233662044,0.8667843544609981,0.6619641398946491,0.7095960432917445
mock,de,en-de(synthetic),4,3,major_fluency,major,fluency,"1,2,3",3,"3,2,1,0",5223bbe973885f31,de_5223bbe973885f31_4,de_5223bbe973885f31_4_k4,90,95,False,0.7470311775807851,0.9044474233662044,0.7850929724067824,0.6619641398946491,0.7095960432917445
mock,de,en-de(synthetic),4,4,major_fluency,major,fluency,"0,1,2,3",4,"3,2,1,0",5223bbe973885f31,de_5223bbe973885f31_4,de_5223bbe973885f31_4_k4,90,95,False,0.7040084765936009,0.7233102077675599,0.7850929724067824,0.6619641398946491,0.7095960432917445
mock,de,en-de(synthetic),1,0,none,,,,0,"0,2,1,3",0b6e615588c09741,de_0b6e615588c09741_0,de_0b6e615588c09741_0_k1,24,25,False,0.8584443568976915,0.8584443568976915,,,
mock,de,en-de(synthetic),1,1,minor_accuracy,minor,accuracy,0,1,"0,2,1,3",0b6e615588c09741,de_0b6e615588c09741_0,de_0b6e615588c09741_0_k1,24,25,False,0.7870052468855695,0.7870052468855695,,,
mock,de,en-de(synthetic),1,1,minor_fluency,minor,fluency,0,1,"0,2,1,3",0b6e615588c09741,de_0b6e615588c09741_0,de_0b6e615588c09741_0_k1,24,25,False,0.7865601426579489,0.7865601426579489,,,
mock,de,en-de(synthetic),1,1,major_accuracy,major,accuracy,0,1,"0,2,1,3",0b6e615588c09741,de_0b6e615588c09741_0,de_0b6e615588c09741_0_k1,24,25,False,0.5506914207360889,0.5506914207360889,,,
mock,de,en-de(synthetic),1,1,major_fluency,major,fluency,0,1,"0,2,1,3",0b6e615588c09741,de_0b6e615588c09741_0,de_0b6e615588c09741_0_k1,24,25,False,0.6623186510561889,0.6623186510561889,,,
mock,de,en-de(synthetic),2,0,none,,,,0,"0,2,1,3",0b6e615588c09741,de_0b6e615588c09741_0,de_0b6e615588c09741_0_k2,46,48,False,0.8696834712661179,0.8584443568976915,0.8748898197766001,,
mock,de,en-de(synthetic),2,1,minor_accuracy,minor,accuracy,0,1,"0,2,1,3",0b6e615588c09741,de_0b6e615588c09741_0,de_0b6e615588c09741_0_k2,46,48,False,0.8314408841528766,0.7870052468855695,0.8748898197766001,,
mock,de,en-de(synthetic),2,2,minor_accuracy,minor,accuracy,"0,1",3,"0,2,1,3",0b6e615588c09741,de_0b6e615588c09741_0,de_0b6e615588c09741_0_k2,46,48,False,0.7765569180259908,0.7870052468855695,0.7684239292675734,,
mock,de,en-de(synthetic),2,1,minor_fluency,minor,fluency,0,1,"0,2,1,3",0b6e615588c09741,de_0b6e615588c09741_0,de_0b6e615588c09741_0_k2,46,48,False,0.831978440700126,0.7865601426579489,0.8748898197766001,,
mock,de,en-de(synthetic),2,2,minor_fluency,minor,fluency,"0,1",3,"0,2,1,3",0b6e615588c09741,de_0b6e615588c09741_0,de_0b6e615588c09741_0_k2,46,48,False,0.7519062393535231,0.7865601426579489,0.7425442642483192,,
mock,de,en-de(synthetic),2,1,major_accuracy,major,accuracy,0,1,"0,2,1,3",0b6e615588c09741,de_0b6e615588c09741_0,de_0b6e615588c09741_0_k2,46,48,False,0.6103928182940523,0.5506914207360889,0.8748898197766001,,
mock,de,en-de(synthetic),2,2,major_accuracy,major,accuracy,"0,1",3,"0,2,1,3",0b6e615588c09741,de_0b6e615588c09741_0,de_0b6e615588c09741_0_k2,46,48,False,0.5388629553389538,0.5506914207360889,0.5335599884282607,,
mock,de,en-de(synthetic),2,1,major_fluency,major,fluency,0,1,"0,2,1,3",0b6e615588c09741,de_0b6e615588c09741_0,de_0b6e615588c09741_0_k2,46,48,False,0.7307161858738861,0.6623186510561889,0.8748898197766001,,
mock,de,en-de(synthetic),2,2,major_fluency,major,fluency,"0,1",3,"0,2,1,3",0b6e615588c09741,de_0b6e615588c09741_0,de_0b6e615588c09741_0_k2,46,48,False,0.6850409130354508,0.6623186510561889,0.7372023862079783,,
mock,de,en-de(synthetic),4,0,none,,,,0,"0,2,1,3",0b6e615588c09741,de_0b6e615588c09741_0,de_0b6e615588c09741_0_k4,90,95,False,0.8682356840665665,0.8584443568976915,0.8748898197766001,0.8792733628800786,0.8498332614545319
mock,de,en-de(synthetic),4,1,minor_accuracy,minor,accuracy,0,1,"0,2,1,3",0b6e615588c09741,de_0b6e615588c09741_0,de_0b6e615588c09741_0_k4,90,95,False,0.8118796843416238,0.7870052468855695,0.8748898197766001,0.8792733628800786,0.8498332614545319
mock,de,en-de(synthetic),4,2,minor_accuracy,minor,accuracy,"0,2",2,"0,2,1,3",0b6e615588c09741,de_0b6e615588c09741_0,de_0b6e615588c09741_0_k4,90,95,False,0.8084197307643708,0.7870052468855695,0.8748898197766001,0.7730325555856012,0.8498332614545319
mock,de,en-de(synthetic),4,3,minor_accuracy,minor,accuracy,"0,1,2",3,"0,2,1,3",0b6e615588c09741,de_0b6e615588c09741_0,de_0b6e615588c09741_0_k4,90,95,False,0.7880426720661524,0.7870052468855695,0.7684239292675734,0.7730325555856012,0.8498332614545319
mock,de,en-de(synthetic),4,4,minor_accuracy,minor,accuracy,"0,1,2,3",4,"0,2,1,3",0b6e615588c09741,de_0b6e615588c09741_0,de_0b6e615588c09741_0_k4,90,95,False,0.7499752422914346,0.7870052468855695,0.7684239292675734,0.7730325555856012,0.7064236682853574
mock,de,en-de(synthetic),4,1,minor_fluency,minor,fluency,0,1,"0,2,1,3",0b6e615588c09741,de_0b6e615588c09741_0,de_0b6e615588c09741_0_k4,90,95,False,0.8434055610429532,0.7865601426579489,0.8748898197766001,0.8792733628800786,0.8498332614545319
mock,de,en-de(synthetic),4,2,minor_fluency,minor,fluency,"0,2",2,"0,2,1,3",0b6e615588c09741,de_0b6e615588c09741_0,de_0b6e615588c09741_0_k4,90,95,False,0.827104947603946,0.7865601426579489,0.8748898197766001,0.8152684315596711,0.8498332614545319
mock,de,en-de(synthetic),4,3,minor_fluency,minor,fluency,"0,1,2",3,"0,2,1,3",0b6e615588c09741,de_0b6e615588c09741_0,de_0b6e615588c09741_0_k4,90,95,False,0.7928816849800265,0.7865601426579489,0.7425442642483192,0.8152684315596711,0.8498332614545319
mock,de,en-de(synthetic),4,4,minor_fluency,minor,fluency,"0,1,2,3",4,"0,2,1,3",0b6e615588c09741,de_0b6e615588c09741_0,de_0b6e615588c09741_0_k4,90,95,False,0.7736702987751924,0.7865601426579489,0.7425442642483192,0.8152684315596711,0.7956857521222209
mock,de,en-de(synthetic),4,1,major_accuracy,major,accuracy,0,1,"0,2,1,3",0b6e615588c09741,de_0b6e615588c09741_0,de_0b6e615588c09741_0_k4,90,95,False,0.7105011758677878,0.5506914207360889,0.8748898197766001,0.8792733628800786,0.8498332614545319
mock,de,en-de(synthetic),4,2,major_accuracy,major,accuracy,"0,2",2,"0,2,1,3",0b6e615588c09741,de_0b6e615588c09741_0,de_0b6e615588c09741_0_k4,90,95,False,0.6413094310120071,0.5506914207360889,0.8748898197766001,0.5657546253424512,0.8498332614545319
mock,de,en-de(synthetic),4,3,major_accuracy,major,accuracy,"0,1,2",3,"0,2,1,3",0b6e615588c09741,de_0b6e615588c09741_0,de_0b6e615588c09741_0_k4,90,95,False,0.5714709076463004,0.5506914207360889,0.5335599884282607,0.5657546253424512,0.8498332614545319
mock,de,en-de(synthetic),4,4,major_accuracy,major,accuracy,"0,1,2,3",4,"0,2,1,3",0b6e615588c09741,de_0b6e615588c09741_0,de_0b6e615588c09741_0_k4,90,95,False,0.5456001474034623,0.5506914207360889,0.5335599884282607,0.5657546253424512,0.5587363306149109
mock,de,en-de(synthetic),4,1,major_fluency,major,fluency,0,1,"0,2,1,3",0b6e615588c09741,de_0b6e615588c09741_0,de_0b6e615588c09741_0_k4,90,95,False,0.7760941279754745,0.6623186510561889,0.8748898197766001,0.8792733628800786,0.8498332614545319
mock,de,en-de(synthetic),4,2,major_fluency,major,fluency,"0,2",2,"0,2,1,3",0b6e615588c09741,de_0b6e615588c09741_0,de_0b6e615588c09741_0_k4,90,95,False,0.7300854711519913,0.6623186510561889,0.8748898197766001,0.7010353091740117,0.8498332614545319
mock,de,en-de(synthetic),4,3,major_fluency,major,fluency,"0,1,2",3,"0,2,1,3",0b6e615588c09741,de_0b6e615588c09741_0,de_0b6e615588c09741_0_k4,90,95,False,0.7055636823673342,0.6623186510561889,0.7372023862079783,0.7010353091740117,0.8498332614545319
mock,de,en-de(synthetic),4,4,major_fluency,major,fluency,"0,1,2,3",4,"0,2,1,3",0b6e615588c09741,de_0b6e615588c09741_0,de_0b6e615588c09741_0_k4,90,95,False,0.6801702424113183,0.6623186510561889,0.7372023862079783,0.7010353091740117,0.6620629629353868
mock,de,en-de(synthetic),1,0,none,,,,0,"3,2,0,1",5bfed2e9eb424112,de_5bfed2e9eb424112_4,de_5bfed2e9eb424112_4_k1,24,25,False,0.8189898683572276,0.8189898683572276,,,
mock,de,en-de(synthetic),1,1,minor_accuracy,minor,accuracy,0,3,"3,2,0,1",5bfed2e9eb424112,de_5bfed2e9eb424112_4,de_5bfed2e9eb424112_4_k1,24,25,False,0.7385933710287138,0.7385933710287138,,,
mock,de,en-de(synthetic),1,1,minor_fluency,minor,fluency,0,3,"3,2,0,1",5bfed2e9eb424112,de_5bfed2e9eb424112_4,de_5bfed2e9eb424112_4_k1,24,25,False,0.7828917035553257,0.7828917035553257,,,
mock,de,en-de(synthetic),1,1,major_accuracy,major,accuracy,0,3,"3,2,0,1",5bfed2e9eb424112,de_5bfed2e9eb424112_4,de_5bfed2e9eb424112_4_k1,24,25,False,0.5814672517884092,0.5814672517884092,,,
mock,de,en-de(synthetic),1,1,major_fluency,major,fluency,0,3,"3,2,0,1",5bfed2e9eb424112,de_5bfed2e9eb424112_4,de_5bfed2e9eb424112_4_k1,24,25,False,0.6482044869399436,0.6482044869399436,,,
mock,de,en-de(synthetic),2,0,none,,,,0,"3,2,0,1",5bfed2e9eb424112,de_5bfed2e9eb424112_4,de_5bfed2e9eb424112_4_k2,46,48,False,0.8232090253858982,0.8189898683572276,0.7915140971141729,,
mock,de,en-de(synthetic),2,1,minor_accuracy,minor,accuracy,0,3,"3,2,0,1",5bfed2e9eb424112,de_5bfed2e9eb424112_4,de_5bfed2e9eb424112_4_k2,46,48,False,0.7577772700361407,0.7385933710287138,0.7915140971141729,,
mock,de,en-de(synthetic),2,2,minor_accuracy,minor,accuracy,"0,1",4,"3,2,0,1",5bfed2e9eb424112,de_5bfed2e9eb424112_4,de_5bfed2e9eb424112_4_k2,46,48,False,0.7686771177882028,0.7385933710287138,0.7995182012938354,,
mock,de,en-de(synthetic),2,1,minor_fluency,minor,fluency,0,3,"3,2,0,1",5bfed2e9eb424112,de_5bfed2e9eb424112_4,de_5bfed2e9eb424112_4_k2,46,48,False,0.8026454908268839,0.7828917035553257,0.7915140971141729,,
mock,de,en-de(synthetic),2,2,minor_fluency,minor,fluency,"0,1",4,"3,2,0,1",5bfed2e9eb424112,de_5bfed2e9eb424112_4,de_5bfed2e9eb424112_4_k2,46,48,False,0.7894568416902683,0.7828917035553257,0.8413954103180176,,
mock,de,en-de(synthetic),2,1,major_accuracy,major,accuracy,0,3,"3,2,0,1",5bfed2e9eb424112,de_5bfed2e9eb424112_4,de_5bfed2e9eb424112_4_k2,46,48,False,0.6564947314376001,0.5814672517884092,0.7915140971141729,,
mock,de,en-de(synthetic),2,2,major_accuracy,major,accuracy,"0,1",4,"3,2,0,1",5bfed2e9eb424112,de_5bfed2e9eb424112_4,de_5bfed2e9eb424112_4_k2,46,48,False,0.601933244952696,0.5814672517884092,0.6172615847677541,,
mock,de,en-de(synthetic),2,1,major_fluency,major,fluency,0,3,"3,2,0,1",5bfed2e9eb424112,de_5bfed2e9eb424112_4,de_5bfed2e9eb424112_4_k2,46,48,False,0.7057971327860125,0.6482044869399436,0.7915140971141729,,
mock,de,en-de(synthetic),2,2,major_fluency,major,fluency,"0,1",4,"3,2,0,1",5bfed2e9eb424112,de_5bfed2e9eb424112_4,de_5bfed2e9eb424112_4_k2,46,48,False,0.6589910784200169,0.6482044869399436,0.6879417157666393,,
mock,de,en-de(synthetic),4,0,none,,,,0,"3,2,0,1",5bfed2e9eb424112,de_5bfed2e9eb424112_4,de_5bfed2e9eb424112_4_k4,90,95,False,0.8293956992103527,0.8189898683572276,0.7915140971141729,0.8491151931416113,0.8395631270943767
mock,de,en-de(synthetic),4,1,minor_accuracy,minor,accuracy,3,1,"3,2,0,1",5bfed2e9eb424112,de_5bfed2e9eb424112_4,de_5bfed2e9eb424112_4_k4,90,95,False,0.8164522376996048,0.8189898683572276,0.7915140971141729,0.8491151931416113,0.7734895388512931
mock,de,en-de(synthetic),4,2,minor_accuracy,minor,accuracy,"2,3",2,"3,2,0,1",5bfed2e9eb424112,de_5bfed2e9eb424112_4,de_5bfed2e9eb424112_4_k4,90,95,False,0.7732311502741995,0.8189898683572276,0.7915140971141729,0.740577078625321,0.7734895388512931
mock,de,en-de(synthetic),4,3,minor_accuracy,minor,accuracy,"0,2,3",3,"3,2,0,1",5bfed2e9eb424112,de_5bfed2e9eb424112_4,de_5bfed2e9eb424112_4_k4,90,95,False,0.7579582536533515,0.7385933710287138,0.7915140971141729,0.740577078625321,0.7734895388512931
mock,de,en-de(synthetic),4,4,minor_accuracy,minor,accuracy,"0,1,2,3",4,"3,2,0,1",5bfed2e9eb424112,de_5bfed2e9eb424112_4,de_5bfed2e9eb424112_4_k4,90,95,False,0.776099623825668,0.7385933710287138,0.7995182012938354,0.740577078625321,0.7734895388512931
mock,de,en-de(synthetic),4,1,minor_fluency,minor,fluency,3,1,"3,2,0,1",5bfed2e9eb424112,de_5bfed2e9eb424112_4,de_5bfed2e9eb424112_4_k4,90,95,False,0.8077696492045641,0.8189898683572276,0.7915140971141729,0.8491151931416113,0.8293121173622604
mock,de,en-de(synthetic),4,2,minor_fluency,minor,fluency,"2,3",2,"3,2,0,1",5bfed2e9eb424112,de_5bfed2e9eb424112_4,de_5bfed2e9eb424112_4_k4,90,95,False,0.8038813204751762,0.8189898683572276,0.7915140971141729,0.7883943761024351,0.8293121173622604
mock,de,en-de(synthetic),4,3,minor_fluency,minor,fluency,"0,2,3",3,"3,2,0,1",5bfed2e9eb424112,de_5bfed2e9eb424112_4,de_5bfed2e9eb424112_4_k4,90,95,False,0.7840274166648845,0.7828917035553257,0.7915140971141729,0.7883943761024351,0.8293121173622604
mock,de,en-de(synthetic),4,4,minor_fluency,minor,fluency,"0,1,2,3",4,"3,2,0,1",5bfed2e9eb424112,de_5bfed2e9eb424112_4,de_5bfed2e9eb424112_4_k4,90,95,False,0.7969713138109492,0.7828917035553257,0.8413954103180176,0.7883943761024351,0.8293121173622604
mock,de,en-de(synthetic),4,1,major_accuracy,major,accuracy,3,1,"3,2,0,1",5bfed2e9eb424112,de_5bfed2e9eb424112_4,de_5bfed2e9eb424112_4_k4,90,95,False,0.715923656824645,0.8189898683572276,0.7915140971141729,0.8491151931416113,0.5780257412214189
mock,de,en-de(synthetic),4,2,major_accuracy,major,accuracy,"2,3",2,"3,2,0,1",5bfed2e9eb424112,de_5bfed2e9eb424112_4,de_5bfed2e9eb424112_4_k4,90,95,False,0.6336132092325882,0.8189898683572276,0.7915140971141729,0.5296009822894354,0.5780257412214189
mock,de,en-de(synthetic),4,3,major_accuracy,major,accuracy,"0,2,3",3,"3,2,0,1",5bfed2e9eb424112,de_5bfed2e9eb424112_4,de_5bfed2e9eb424112_4_k4,90,95,False,0.5987026577002449,0.5814672517884092,0.7915140971141729,0.5296009822894354,0.5780257412214189
mock,de,en-de(synthetic),4,4,major_accuracy,major,accuracy,"0,1,2,3",4,"3,2,0,1",5bfed2e9eb424112,de_5bfed2e9eb424112_4,de_5bfed2e9eb424112_4_k4,90,95,False,0.5816837298506308,0.5814672517884092,0.6172615847677541,0.5296009822894354,0.5780257412214189
mock,de,en-de(synthetic),4,1,major_fluency,major,fluency,3,1,"3,2,0,1",5bfed2e9eb424112,de_5bfed2e9eb424112_4,de_5bfed2e9eb424112_4_k4,90,95,False,0.7909093805168997,0.8189898683572276,0.7915140971141729,0.8491151931416113,0.7272775321263212
mock,de,en-de(synthetic),4,2,major_fluency,major,fluency,"2,3",2,"3,2,0,1",5bfed2e9eb424112,de_5bfed2e9eb424112_4,de_5bfed2e9eb424112_4_k4,90,95,False,0.7584214996169715,0.8189898683572276,0.7915140971141729,0.7249211079896418,0.7272775321263212
mock,de,en-de(synthetic),4,3,major_fluency,major,fluency,"0,2,3",3,"3,2,0,1",5bfed2e9eb424112,de_5bfed2e9eb424112_4,de_5bfed2e9eb424112_4_k4,90,95,False,0.7041635063090911,0.6482044869399436,0.7915140971141729,0.7249211079896418,0.7272775321263212
mock,de,en-de(synthetic),4,4,major_fluency,major,fluency,"0,1,2,3",4,"3,2,0,1",5bfed2e9eb424112,de_5bfed2e9eb424112_4,de_5bfed2e9eb424112_4_k4,90,95,False,0.6927850135818006,0.6482044869399436,0.6879417157666393,0.7249211079896418,0.7272775321263212
mock,de,en-de(synthetic),1,0,none,,,,0,"3,0,2,1",35f0132b45900329,de_35f0132b45900329_0,de_35f0132b45900329_0_k1,24,25,False,0.871797744874148,0.871797744874148,,,
mock,de,en-de(synthetic),1,1,minor_accuracy,minor,accuracy,0,2,"3,0,2,1",35f0132b45900329,de_35f0132b45900329_0,de_35f0132b45900329_0_k1,24,25,False,0.7412810014363446,0.7412810014363446,,,
mock,de,en-de(synthetic),1,1,minor_fluency,minor,fluency,0,2,"3,0,2,1",35f0132b45900329,de_35f0132b45900329_0,de_35f0132b45900329_0_k1,24,25,False,0.7760139095402295,0.7760139095402295,,,
mock,de,en-de(synthetic),1,1,major_accuracy,major,accuracy,0,2,"3,0,2,1",35f0132b45900329,de_35f0132b45900329_0,de_35f0132b45900329_0_k1,24,25,False,0.5896416391371275,0.5896416391371275,,,
mock,de,en-de(synthetic),1,1,major_fluency,major,fluency,0,2,"3,0,2,1",35f0132b45900329,de_35f0132b45900329_0,de_35f0132b45900329_0_k1,24,25,False,0.7188529862689278,0.7188529862689278,,,
mock,de,en-de(synthetic),2,0,none,,,,0,"3,0,2,1",35f0132b45900329,de_35f0132b45900329_0,de_35f0132b45900329_0_k2,46,48,False,0.8408501590112192,0.871797744874148,0.8124872692741271,,
mock,de,en-de(synthetic),2,1,minor_accuracy,minor,accuracy,0,2,"3,0,2,1",35f0132b45900329,de_35f0132b45900329_0,de_35f0132b45900329_0_k2,46,48,False,0.7685321948509864,0.7412810014363446,0.8124872692741271,,
mock,de,en-de(synthetic),2,2,minor_accuracy,minor,accuracy,"0,1",4,"3,0,2,1",35f0132b45900329,de_35f0132b45900329_0,de_35f0132b45900329_0_k2,46,48,False,0.7460472486324848,0.7412810014363446,0.7602132433681388,,
mock,de,en-de(synthetic),2,1,minor_fluency,minor,fluency,0,2,"3,0,2,1",35f0132b45900329,de_35f0132b45900329_0,de_35f0132b45900329_0_k2,46,48,False,0.7941314208806791,0.7760139095402295,0.8124872692741271,,
mock,de,en-de(synthetic),2,2,minor_fluency,minor,fluency,"0,1",4,"3,0,2,1",35f0132b45900329,de_35f0132b45900329_0,de_35f0132b45900329_0_k2,46,48,False,0.7763284333452954,0.7760139095402295,0.7478966224121263,,
mock,de,en-de(synthetic),2,1,major_accuracy,major,accuracy,0,2,"3,0,2,1",35f0132b45900329,de_35f0132b45900329_0,de_35f0132b45900329_0_k2,46,48,False,0.6495101965367571,0.5896416391371275,0.8124872692741271,,
mock,de,en-de(synthetic),2,2,major_accuracy,major,accuracy,"0,1",4,"3,0,2,1",35f0132b45900329,de_35f0132b45900329_0,de_35f0132b45900329_0_k2,46,48,False,0.5688787304686841,0.5896416391371275,0.5281420212109909,,
mock,de,en-de(synthetic),2,1,major_fluency,major,fluency,0,2,"3,0,2,1",35f0132b45900329,de_35f0132b45900329_0,de_35f0132b45900329_0_k2,46,48,False,0.7549870194804696,0.7188529862689278,0.8124872692741271,,
mock,de,en-de(synthetic),2,2,major_fluency,major,fluency,"0,1",4,"3,0,2,1",35f0132b45900329,de_35f0132b45900329_0,de_35f0132b45900329_0_k2,46,48,False,0.7009183356031098,0.7188529862689278,0.6686298649998837,,
mock,de,en-de(synthetic),4,0,none,,,,0,"3,0,2,1",35f0132b45900329,de_35f0132b45900329_0,de_35f0132b45900329_0_k4,90,95,False,0.8563612290167225,0.871797744874148,0.8124872692741271,0.8629305497152835,0.8662744890809781
mock,de,en-de(synthetic),4,1,minor_accuracy,minor,accuracy,3,1,"3,0,2,1",35f0132b45900329,de_35f0132b45900329_0,de_35f0132b45900329_0_k4,90,95,False,0.8290613594800024,0.871797744874148,0.8124872692741271,0.8629305497152835,0.8224073038544263
mock,de,en-de(synthetic),4,2,minor_accuracy,minor,accuracy,"0,3",2,"3,0,2,1",35f0132b45900329,de_35f0132b45900329_0,de_35f0132b45900329_0_k4,90,95,False,0.8053492641380888,0.7412810014363446,0.8124872692741271,0.8629305497152835,0.8224073038544263
mock,de,en-de(synthetic),4,3,minor_accuracy,minor,accuracy,"0,2,3",3,"3,0,2,1",35f0132b45900329,de_35f0132b45900329_0,de_35f0132b45900329_0_k4,90,95,False,0.8093525493818805,0.7412810014363446,0.8124872692741271,0.8040827540556642,0.8224073038544263
mock,de,en-de(synthetic),4,4,minor_accuracy,minor,accuracy,"0,1,2,3",4,"3,0,2,1",35f0132b45900329,de_35f0132b45900329_0,de_35f0132b45900329_0_k4,90,95,False,0.7683512852935126,0.7412810014363446,0.7602132433681388,0.8040827540556642,0.8224073038544263
mock,de,en-de(synthetic),4,1,minor_fluency,minor,fluency,3,1,"3,0,2,1",35f0132b45900329,de_35f0132b45900329_0,de_35f0132b45900329_0_k4,90,95,False,0.8117065376563448,0.871797744874148,0.8124872692741271,0.8629305497152835,0.7755731725327564
mock,de,en-de(synthetic),4,2,minor_fluency,minor,fluency,"0,3",2,"3,0,2,1",35f0132b45900329,de_35f0132b45900329_0,de_35f0132b45900329_0_k4,90,95,False,0.7916251399101905,0.7760139095402295,0.8124872692741271,0.8629305497152835,0.7755731725327564
mock,de,en-de(synthetic),4,3,minor_fluency,minor,fluency,"0,2,3",3,"3,0,2,1",35f0132b45900329,de_35f0132b45900329_0,de_35f0132b45900329_0_k4,90,95,False,0.7646506154467292,0.7760139095402295,0.8124872692741271,0.7704238809627175,0.7755731725327564
mock,de,en-de(synthetic),4,4,minor_fluency,minor,fluency,"0,1,2,3",4,"3,0,2,1",35f0132b45900329,de_35f0132b45900329_0,de_35f0132b45900329_0_k4,90,95,False,0.7715068526246733,0.7760139095402295,0.7478966224121263,0.7704238809627175,0.7755731725327564
mock,de,en-de(synthetic),4,1,major_accuracy,major,accuracy,3,1,"3,0,2,1",35f0132b45900329,de_35f0132b45900329_0,de_35f0132b45900329_0_k4,90,95,False,0.7008907255045281,0.871797744874148,0.8124872692741271,0.8629305497152835,0.5456065618819288
mock,de,en-de(synthetic),4,2,major_accuracy,major,accuracy,"0,3",2,"3,0,2,1",35f0132b45900329,de_35f0132b45900329_0,de_35f0132b45900329_0_k4,90,95,False,0.6184687204470455,0.5896416391371275,0.8124872692741271,0.8629305497152835,0.5456065618819288
mock,de,en-de(synthetic),4,3,major_accuracy,major,accuracy,"0,2,3",3,"3,0,2,1",35f0132b45900329,de_35f0132b45900329_0,de_35f0132b45900329_0_k4,90,95,False,0.584202331772689,0.5896416391371275,0.8124872692741271,0.5533330787756352,0.5456065618819288
mock,de,en-de(synthetic),4,4,major_accuracy,major,accuracy,"0,1,2,3",4,"3,0,2,1",35f0132b45900329,de_35f0132b45900329_0,de_35f0132b45900329_0_k4,90,95,False,0.5528458277959211,0.5896416391371275,0.5281420212109909,0.5533330787756352,0.5456065618819288
mock,de,en-de(synthetic),4,1,major_fluency,major,fluency,3,1,"3,0,2,1",35f0132b45900329,de_35f0132b45900329_0,de_35f0132b45900329_0_k4,90,95,False,0.7646332904276717,0.871797744874148,0.8124872692741271,0.8629305497152835,0.6382401994856947
mock,de,en-de(synthetic),4,2,major_fluency,major,fluency,"0,3",2,"3,0,2,1",35f0132b45900329,de_35f0132b45900329_0,de_35f0132b45900329_0_k4,90,95,False,0.7269870235302303,0.7188529862689278,0.8124872692741271,0.8629305497152835,0.6382401994856947
mock,de,en-de(synthetic),4,3,major_fluency,major,fluency,"0,2,3",3,"3,0,2,1",35f0132b45900329,de_35f0132b45900329_0,de_35f0132b45900329_0_k4,90,95,False,0.6816555859308872,0.7188529862689278,0.8124872692741271,0.6685765245212238,0.6382401994856947
mock,de,en-de(synthetic),4,4,major_fluency,major,fluency,"0,1,2,3",4,"3,0,2,1",35f0132b45900329,de_35f0132b45900329_0,de_35f0132b45900329_0_k4,90,95,False,0.660637716720694,0.7188529862689278,0.6686298649998837,0.6685765245212238,0.6382401994856947
mock,de,en-de(synthetic),1,0,none,,,,0,"3,2,0,1",13b62911b77b955c,de_13b62911b77b955c_0,de_13b62911b77b955c_0_k1,24,25,False,0.8399872365736931,0.8399872365736931,,,
mock,de,en-de(synthetic),1,1,minor_accuracy,minor,accuracy,0,3,"3,2,0,1",13b62911b77b955c,de_13b62911b77b955c_0,de_13b62911b77b955c_0_k1,24,25,False,0.7644732906197608,0.7644732906197608,,,
mock,de,en-de(synthetic),1,1,minor_fluency,minor,fluency,0,3,"3,2,0,1",13b62911b77b955c,de_13b62911b77b955c_0,de_13b62911b77b955c_0_k1,24,25,False,0.7742654770021621,0.7742654770021621,,,
mock,de,en-de(synthetic),1,1,major_accuracy,major,accuracy,0,3,"3,2,0,1",13b62911b77b955c,de_13b62911b77b955c_0,de_13b62911b77b955c_0_k1,24,25,False,0.5080373305832493,0.5080373305832493,,,
mock,de,en-de(synthetic),1,1,major_fluency,major,fluency,0,3,"3,2,0,1",13b62911b77b955c,de_13b62911b77b955c_0,de_13b62911b77b955c_0_k1,24,25,False,0.7083126234543071,0.7083126234543071,,,
mock,de,en-de(synthetic),2,0,none,,,,0,"3,2,0,1",13b62911b77b955c,de_13b62911b77b955c_0,de_13b62911b77b955c_0_k2,46,48,False,0.8328970117914701,0.8399872365736931,0.8270949756671839,,
mock,de,en-de(synthetic),2,1,minor_accuracy,minor,accuracy,0,3,"3,2,0,1",13b62911b77b955c,de_13b62911b77b955c_0,de_13b62911b77b955c_0_k2,46,48,False,0.7936674387789879,0.7644732906197608,0.8270949756671839,,
mock,de,en-de(synthetic),2,2,minor_accuracy,minor,accuracy,"0,1",4,"3,2,0,1",13b62911b77b955c,de_13b62911b77b955c_0,de_13b62911b77b955c_0_k2,46,48,False,0.7900663670893714,0.7644732906197608,0.791693387232943,,
mock,de,en-de(synthetic),2,1,minor_fluency,minor,fluency,0,3,"3,2,0,1",13b62911b77b955c,de_13b62911b77b955c_0,de_13b62911b77b955c_0_k2,46,48,False,0.8104723016864381,0.7742654770021621,0.8270949756671839,,
mock,de,en-de(synthetic),2,2,minor_fluency,minor,fluency,"0,1",4,"3,2,0,1",13b62911b77b955c,de_13b62911b77b955c_0,de_13b62911b77b955c_0_k2,46,48,False,0.7928174383250067,0.7742654770021621,0.7603121850453954,,
mock,de,en-de(synthetic),2,1,major_accuracy,major,accuracy,0,3,"3,2,0,1",13b62911b77b955c,de_13b62911b77b955c_0,de_13b62911b77b955c_0_k2,46,48,False,0.5812387721153843,0.5080373305832493,0.8270949756671839,,
mock,de,en-de(synthetic),2,2,major_accuracy,major,accuracy,"0,1",4,"3,2,0,1",13b62911b77b955c,de_13b62911b77b955c_0,de_13b62911b77b955c_0_k2,46,48,False,0.5277407760367971,0.5080373305832493,0.5450857840185666,,
mock,de,en-de(synthetic),2,1,major_fluency,major,fluency,0,3,"3,2,0,1",13b62911b77b955c,de_13b62911b77b955c_0,de_13b62911b77b955c_0_k2,46,48,False,0.7643527576434224,0.7083126234543071,0.8270949756671839,,
mock,de,en-de(synthetic),2,2,major_fluency,major,fluency,"0,1",4,"3,2,0,1",13b62911b77b955c,de_13b62911b77b955c_0,de_13b62911b77b955c_0_k2,46,48,False,0.6989454191437408,0.7083126234543071,0.7041154586526182,,
mock,de,en-de(synthetic),4,0,none,,,,0,"3,2,0,1",13b62911b77b955c,de_13b62911b77b955c_0,de_13b62911b77b955c_0_k4,90,95,False,0.8340842483105255,0.8399872365736931,0.8270949756671839,0.8251921988554417,0.8322769976351168
mock,de,en-de(synthetic),4,1,minor_accuracy,minor,accuracy,3,1,"3,2,0,1",13b62911b77b955c,de_13b62911b77b955c_0,de_13b62911b77b955c_0_k4,90,95,False,0.821299684861146,0.8399872365736931,0.8270949756671839,0.8251921988554417,0.7578383683325467
mock,de,en-de(synthetic),4,2,minor_accuracy,minor,accuracy,"2,3",2,"3,2,0,1",13b62911b77b955c,de_13b62911b77b955c_0,de_13b62911b77b955c_0_k4,90,95,False,0.8097015150942074,0.8399872365736931,0.8270949756671839,0.7630852215098191,0.7578383683325467
mock,de,en-de(synthetic),4,3,minor_accuracy,minor,accuracy,"0,2,3",3,"3,2,0,1",13b62911b77b955c,de_13b62911b77b955c_0,de_13b62911b77b955c_0_k4,90,95,False,0.7765719995091696,0.7644732906197608,0.8270949756671839,0.7630852215098191,0.7578383683325467
mock,de,en-de(synthetic),4,4,minor_accuracy,minor,accuracy,"0,1,2,3",4,"3,2,0,1",13b62911b77b955c,de_13b62911b77b955c_0,de_13b62911b77b955c_0_k4,90,95,False,0.7663667818925055,0.7644732906197608,0.791693387232943,0.7630852215098191,0.7578383683325467
mock,de,en-de(synthetic),4,1,minor_fluency,minor,fluency,3,1,"3,2,0,1",13b62911b77b955c,de_13b62911b77b955c_0,de_13b62911b77b955c_0_k4,90,95,False,0.8425067930188377,0.8399872365736931,0.8270949756671839,0.8251921988554417,0.8083367992236241
mock,de,en-de(synthetic),4,2,minor_fluency,minor,fluency,"2,3",2,"3,2,0,1",13b62911b77b955c,de_13b62911b77b955c_0,de_13b62911b77b955c_0_k4,90,95,False,0.8290184777413606,0.8399872365736931,0.8270949756671839,0.8266621395214404,0.8083367992236241
mock,de,en-de(synthetic),4,3,minor_fluency,minor,fluency,"0,2,3",3,"3,2,0,1",13b62911b77b955c,de_13b62911b77b955c_0,de_13b62911b77b955c_0_k4,90,95,False,0.8203369171473774,0.7742654770021621,0.8270949756671839,0.8266621395214404,0.8083367992236241
mock,de,en-de(synthetic),4,4,minor_fluency,minor,fluency,"0,1,2,3",4,"3,2,0,1",13b62911b77b955c,de_13b62911b77b955c_0,de_13b62911b77b955c_0_k4,90,95,False,0.7795682165870468,0.7742654770021621,0.7603121850453954,0.8266621395214404,0.8083367992236241
mock,de,en-de(synthetic),4,1,major_accuracy,major,accuracy,3,1,"3,2,0,1",13b62911b77b955c,de_13b62911b77b955c_0,de_13b62911b77b955c_0_k4,90,95,False,0.662522264560269,0.8399872365736931,0.8270949756671839,0.8251921988554417,0.5261994202439162
mock,de,en-de(synthetic),4,2,major_accuracy,major,accuracy,"2,3",2,"3,2,0,1",13b62911b77b955c,de_13b62911b77b955c_0,de_13b62911b77b955c_0_k4,90,95,False,0.6039577542320922,0.8399872365736931,0.8270949756671839,0.5345707243985562,0.5261994202439162
mock,de,en-de(synthetic),4,3,major_accuracy,major,accuracy,"0,2,3",3,"3,2,0,1",13b62911b77b955c,de_13b62911b77b955c_0,de_13b62911b77b955c_0_k4,90,95,False,0.5468784036779243,0.5080373305832493,0.8270949756671839,0.5345707243985562,0.5261994202439162
mock,de,en-de(synthetic),4,4,major_accuracy,major,accuracy,"0,1,2,3",4,"3,2,0,1",13b62911b77b955c,de_13b62911b77b955c_0,de_13b62911b77b955c_0_k4,90,95,False,0.5437274791977055,0.5080373305832493,0.5450857840185666,0.5345707243985562,0.5261994202439162
mock,de,en-de(synthetic),4,1,major_fluency,major,fluency,3,1,"3,2,0,1",13b62911b77b955c,de_13b62911b77b955c_0,de_13b62911b77b955c_0_k4,90,95,False,0.772739635028739,0.8399872365736931,0.8270949756671839,0.8251921988554417,0.6824134447237892
mock,de,en-de(synthetic),4,2,major_fluency,major,fluency,"2,3",2,"3,2,0,1",13b62911b77b955c,de_13b62911b77b955c_0,de_13b62911b77b955c_0_k4,90,95,False,0.7230682462354041,0.8399872365736931,0.8270949756671839,0.6438232595951754,0.6824134447237892
mock,de,en-de(synthetic),4,3,major_fluency,major,fluency,"0,2,3",3,"3,2,0,1",13b62911b77b955c,de_13b62911b77b955c_0,de_13b62911b77b955c_0_k4,90,95,False,0.7144915879142415,0.7083126234543071,0.8270949756671839,0.6438232595951754,0.6824134447237892
mock,de,en-de(synthetic),4,4,major_fluency,major,fluency,"0,1,2,3",4,"3,2,0,1",13b62911b77b955c,de_13b62911b77b955c_0,de_13b62911b77b955c_0_k4,90,95,False,0.6725345592491108,0.7083126234543071,0.7041154586526182,0.6438232595951754,0.6824134447237892
mock,de,en-de(synthetic),1,0,none,,,,0,"1,2,3,0",03a0b21de9d5f072,de_03a0b21de9d5f072_0,de_03a0b21de9d5f072_0_k1,24,25,False,0.8537199156047413,0.8537199156047413,,,
mock,de,en-de(synthetic),1,1,minor_accuracy,minor,accuracy,0,4,"1,2,3,0",03a0b21de9d5f072,de_03a0b21de9d5f072_0,de_03a0b21de9d5f072_0_k1,24,25,False,0.7791258148529794,0.7791258148529794,,,
mock,de,en-de(synthetic),1,1,minor_fluency,minor,fluency,0,4,"1,2,3,0",03a0b21de9d5f072,de_03a0b21de9d5f072_0,de_03a0b21de9d5f072_0_k1,24,25,False,0.7863003147773339,0.7863003147773339,,,
mock,de,en-de(synthetic),1,1,major_accuracy,major,accuracy,0,4,"1,2,3,0",03a0b21de9d5f072,de_03a0b21de9d5f072_0,de_03a0b21de9d5f072_0_k1,24,25,False,0.5414756575955926,0.5414756575955926,,,
mock,de,en-de(synthetic),1,1,major_fluency,major,fluency,0,4,"1,2,3,0",03a0b21de9d5f072,de_03a0b21de9d5f072_0,de_03a0b21de9d5f072_0_k1,24,25,False,0.739643097532005,0.739643097532005,,,
mock,de,en-de(synthetic),2,0,none,,,,0,"1,2,3,0",03a0b21de9d5f072,de_03a0b21de9d5f072_0,de_03a0b21de9d5f072_0_k2,46,48,False,0.865841369002655,0.8537199156047413,0.8746666593169765,,
mock,de,en-de(synthetic),2,1,minor_accuracy,minor,accuracy,1,1,"1,2,3,0",03a0b21de9d5f072,de_03a0b21de9d5f072_0,de_03a0b21de9d5f072_0_k2,46,48,False,0.8101821861759527,0.8537199156047413,0.7512755225919919,,
mock,de,en-de(synthetic),2,2,minor_accuracy,minor,accuracy,"0,1",4,"1,2,3,0",03a0b21de9d5f072,de_03a0b21de9d5f072_0,de_03a0b21de9d5f072_0_k2,46,48,False,0.7668351859292777,0.7791258148529794,0.7512755225919919,,
mock,de,en-de(synthetic),2,1,minor_fluency,minor,fluency,1,1,"1,2,3,0",03a0b21de9d5f072,de_03a0b21de9d5f072_0,de_03a0b21de9d5f072_0_k2,46,48,False,0.829738768961492,0.8537199156047413,0.8106291884980684,,
mock,de,en-de(synthetic),2,2,minor_fluency,minor,fluency,"0,1",4,"1,2,3,0",03a0b21de9d5f072,de_03a0b21de9d5f072_0,de_03a0b21de9d5f072_0_k2,46,48,False,0.8095895694091183,0.7863003147773339,0.8106291884980684,,
mock,de,en-de(synthetic),2,1,major_accuracy,major,accuracy,1,1,"1,2,3,0",03a0b21de9d5f072,de_03a0b21de9d5f072_0,de_03a0b21de9d5f072_0_k2,46,48,False,0.6491080145581352,0.8537199156047413,0.577462471457733,,
mock,de,en-de(synthetic),2,2,major_accuracy,major,accuracy,"0,1",4,"1,2,3,0",03a0b21de9d5f072,de_03a0b21de9d5f072_0,de_03a0b21de9d5f072_0_k2,46,48,False,0.5496433651611886,0.5414756575955926,0.577462471457733,,
mock,de,en-de(synthetic),2,1,major_fluency,major,fluency,1,1,"1,2,3,0",03a0b21de9d5f072,de_03a0b21de9d5f072_0,de_03a0b21de9d5f072_0_k2,46,48,False,0.7261592616989477,0.8537199156047413,0.6580722541138069,,
mock,de,en-de(synthetic),2,2,major_fluency,major,fluency,"0,1",4,"1,2,3,0",03a0b21de9d5f072,de_03a0b21de9d5f072_0,de_03a0b21de9d5f072_0_k2,46,48,False,0.6945596201668378,0.739643097532005,0.6580722541138069,,
mock,de,en-de(synthetic),4,0,none,,,,0,"1,2,3,0",03a0b21de9d5f072,de_03a0b21de9d5f072_0,de_03a0b21de9d5f072_0_k4,90,95,False,0.8587964270644443,0.8537199156047413,0.8746666593169765,0.8598703427475742,0.854677194342601
mock,de,en-de(synthetic),4,1,minor_accuracy,minor,accuracy,1,1,"1,2,3,0",03a0b21de9d5f072,de_03a0b21de9d5f072_0,de_03a0b21de9d5f072_0_k4,90,95,False,0.8174775103170816,0.8537199156047413,0.7512755225919919,0.8598703427475742,0.854677194342601
mock,de,en-de(synthetic),4,2,minor_accuracy,minor,accuracy,"1,2",2,"1,2,3,0",03a0b21de9d5f072,de_03a0b21de9d5f072_0,de_03a0b21de9d5f072_0_k4,90,95,False,0.8028018809969161,0.8537199156047413,0.7512755225919919,0.77993287180936,0.854677194342601
mock,de,en-de(synthetic),4,3,minor_accuracy,minor,accuracy,"1,2,3",3,"1,2,3,0",03a0b21de9d5f072,de_03a0b21de9d5f072_0,de_03a0b21de9d5f072_0_k4,90,95,False,0.7928474564217614,0.8537199156047413,0.7512755225919919,0.77993287180936,0.7609570450428521
mock,de,en-de(synthetic),4,4,minor_accuracy,minor,accuracy,"0,1,2,3",4,"1,2,3,0",03a0b21de9d5f072,de_03a0b21de9d5f072_0,de_03a0b21de9d5f072_0_k4,90,95,False,0.7581691733903494,0.7791258148529794,0.7512755225919919,0.77993287180936,0.7609570450428521
mock,de,en-de(synthetic),4,1,minor_fluency,minor,fluency,1,1,"1,2,3,0",03a0b21de9d5f072,de_03a0b21de9d5f072_0,de_03a0b21de9d5f072_0_k4,90,95,False,0.8501120507033814,0.8537199156047413,0.8106291884980684,0.8598703427475742,0.854677194342601
mock,de,en-de(synthetic),4,2,minor_fluency,minor,fluency,"1,2",2,"1,2,3,0",03a0b21de9d5f072,de_03a0b21de9d5f072_0,de_03a0b21de9d5f072_0_k4,90,95,False,0.8291602247485907,0.8537199156047413,0.8106291884980684,0.7832216156304677,0.854677194342601
mock,de,en-de(synthetic),4,3,minor_fluency,minor,fluency,"1,2,3",3,"1,2,3,0",03a0b21de9d5f072,de_03a0b21de9d5f072_0,de_03a0b21de9d5f072_0_k4,90,95,False,0.8145134662312608,0.8537199156047413,0.8106291884980684,0.7832216156304677,0.8454960560172274
mock,de,en-de(synthetic),4,4,minor_fluency,minor,fluency,"0,1,2,3",4,"1,2,3,0",03a0b21de9d5f072,de_03a0b21de9d5f072_0,de_03a0b21de9d5f072_0_k4,90,95,False,0.7852003844693402,0.7863003147773339,0.8106291884980684,0.7832216156304677,0.8454960560172274
mock,de,en-de(synthetic),4,1,major_accuracy,major,accuracy,1,1,"1,2,3,0",03a0b21de9d5f072,de_03a0b21de9d5f072_0,de_03a0b21de9d5f072_0_k4,90,95,False,0.7135764717676332,0.8537199156047413,0.577462471457733,0.8598703427475742,0.854677194342601
mock,de,en-de(synthetic),4,2,major_accuracy,major,accuracy,"1,2",2,"1,2,3,0",03a0b21de9d5f072,de_03a0b21de9d5f072_0,de_03a0b21de9d5f072_0_k4,90,95,False,0.5822163232047625,0.8537199156047413,0.577462471457733,0.47486371478179107,0.854677194342601
mock,de,en-de(synthetic),4,3,major_accuracy,major,accuracy,"1,2,3",3,"1,2,3,0",03a0b21de9d5f072,de_03a0b21de9d5f072_0,de_03a0b21de9d5f072_0_k4,90,95,False,0.5295682053278349,0.8537199156047413,0.577462471457733,0.47486371478179107,0.5288546039484008
mock,de,en-de(synthetic),4,4,major_accuracy,major,accuracy,"0,1,2,3",4,"1,2,3,0",03a0b21de9d5f072,de_03a0b21de9d5f072_0,de_03a0b21de9d5f072_0_k4,90,95,False,0.5221560960112678,0.5414756575955926,0.577462471457733,0.47486371478179107,0.5288546039484008
mock,de,en-de(synthetic),4,1,major_fluency,major,fluency,1,1,"1,2,3,0",03a0b21de9d5f072,de_03a0b21de9d5f072_0,de_03a0b21de9d5f072_0_k4,90,95,False,0.7805889020576631,0.8537199156047413,0.6580722541138069,0.8598703427475742,0.854677194342601
mock,de,en-de(synthetic),4,2,major_fluency,major,fluency,"1,2",2,"1,2,3,0",03a0b21de9d5f072,de_03a0b21de9d5f072_0,de_03a0b21de9d5f072_0_k4,90,95,False,0.7204969096522394,0.8537199156047413,0.6580722541138069,0.6579492886891857,0.854677194342601
mock,de,en-de(synthetic),4,3,major_fluency,major,fluency,"1,2,3",3,"1,2,3,0",03a0b21de9d5f072,de_03a0b21de9d5f072_0,de_03a0b21de9d5f072_0_k4,90,95,False,0.6984788581123773,0.8537199156047413,0.6580722541138069,0.6579492886891857,0.7087081420182975
mock,de,en-de(synthetic),4,4,major_fluency,major,fluency,"0,1,2,3",4,"1,2,3,0",03a0b21de9d5f072,de_03a0b21de9d5f072_0,de_03a0b21de9d5f072_0_k4,90,95,False,0.6949164131461574,0.739643097532005,0.6580722541138069,0.6579492886891857,0.7087081420182975
mock,de,en-de(synthetic),1,0,none,,,,0,"2,3,1,0",d35f103f5c88d4f4,de_d35f103f5c88d4f4_4,de_d35f103f5c88d4f4_4_k1,24,25,False,0.875489488993628,0.875489488993628,,,
mock,de,en-de(synthetic),1,1,minor_accuracy,minor,accuracy,0,4,"2,3,1,0",d35f103f5c88d4f4,de_d35f103f5c88d4f4_4,de_d35f103f5c88d4f4_4_k1,24,25,False,0.7800632231226959,0.7800632231226959,,,
mock,de,en-de(synthetic),1,1,minor_fluency,minor,fluency,0,4,"2,3,1,0",d35f103f5c88d4f4,de_d35f103f5c88d4f4_4,de_d35f103f5c88d4f4_4_k1,24,25,False,0.7616272041658579,0.7616272041658579,,,
mock,de,en-de(synthetic),1,1,major_accuracy,major,accuracy,0,4,"2,3,1,0",d35f103f5c88d4f4,de_d35f103f5c88d4f4_4,de_d35f103f5c88d4f4_4_k1,24,25,False,0.5491215332938832,0.5491215332938832,,,
mock,de,en-de(synthetic),1,1,major_fluency,major,fluency,0,4,"2,3,1,0",d35f103f5c88d4f4,de_d35f103f5c88d4f4_4,de_d35f103f5c88d4f4_4_k1,24,25,False,0.7557578406700798,0.7557578406700798,,,
mock,de,en-de(synthetic),2,0,none,,,,0,"2,3,1,0",d35f103f5c88d4f4,de_d35f103f5c88d4f4_4,de_d35f103f5c88d4f4_4_k2,46,48,False,0.854274493433387,0.875489488993628,0.8447514806832986,,
mock,de,en-de(synthetic),2,1,minor_accuracy,minor,accuracy,1,3,"2,3,1,0",d35f103f5c88d4f4,de_d35f103f5c88d4f4_4,de_d35f103f5c88d4f4_4_k2,46,48,False,0.7990220497075763,0.875489488993628,0.7540627376056486,,
mock,de,en-de(synthetic),2,2,minor_accuracy,minor,accuracy,"0,1",4,"2,3,1,0",d35f103f5c88d4f4,de_d35f103f5c88d4f4_4,de_d35f103f5c88d4f4_4_k2,46,48,False,0.7641166508504041,0.7800632231226959,0.7540627376056486,,
mock,de,en-de(synthetic),2,1,minor_fluency,minor,fluency,1,3,"2,3,1,0",d35f103f5c88d4f4,de_d35f103f5c88d4f4_4,de_d35f103f5c88d4f4_4_k2,46,48,False,0.8400772460635935,0.875489488993628,0.7644283249777467,,
mock,de,en-de(synthetic),2,2,minor_fluency,minor,fluency,"0,1",4,"2,3,1,0",d35f103f5c88d4f4,de_d35f103f5c88d4f4_4,de_d35f103f5c88d4f4_4_k2,46,48,False,0.7761404146672795,0.7616272041658579,0.7644283249777467,,
mock,de,en-de(synthetic),2,1,major_accuracy,major,accuracy,1,3,"2,3,1,0",d35f103f5c88d4f4,de_d35f103f5c88d4f4_4,de_d35f103f5c88d4f4_4_k2,46,48,False,0.6018421918863229,0.875489488993628,0.5193037447971489,,
mock,de,en-de(synthetic),2,2,major_accuracy,major,accuracy,"0,1",4,"2,3,1,0",d35f103f5c88d4f4,de_d35f103f5c88d4f4_4,de_d35f103f5c88d4f4_4_k2,46,48,False,0.5387811766963496,0.5491215332938832,0.5193037447971489,,
mock,de,en-de(synthetic),2,1,major_fluency,major,fluency,1,3,"2,3,1,0",d35f103f5c88d4f4,de_d35f103f5c88d4f4_4,de_d35f103f5c88d4f4_4_k2,46,48,False,0.7770792720333358,0.875489488993628,0.698056134797331,,
mock,de,en-de(synthetic),2,2,major_fluency,major,fluency,"0,1",4,"2,3,1,0",d35f103f5c88d4f4,de_d35f103f5c88d4f4_4,de_d35f103f5c88d4f4_4_k2,46,48,False,0.7055345602866562,0.7557578406700798,0.698056134797331,,
mock,de,en-de(synthetic),4,0,none,,,,0,"2,3,1,0",d35f103f5c88d4f4,de_d35f103f5c88d4f4_4,de_d35f103f5c88d4f4_4_k4,90,95,False,0.8492858772957568,0.875489488993628,0.8447514806832986,0.8690665639825269,0.8229885468107854
mock,de,en-de(synthetic),4,1,minor_accuracy,minor,accuracy,2,1,"2,3,1,0",d35f103f5c88d4f4,de_d35f103f5c88d4f4_4,de_d35f103f5c88d4f4_4_k4,90,95,False,0.8122330913770826,0.875489488993628,0.8447514806832986,0.7778788650934851,0.8229885468107854
mock,de,en-de(synthetic),4,2,minor_accuracy,minor,accuracy,"2,3",2,"2,3,1,0",d35f103f5c88d4f4,de_d35f103f5c88d4f4_4,de_d35f103f5c88d4f4_4_k4,90,95,False,0.8227777518150639,0.875489488993628,0.8447514806832986,0.7778788650934851,0.8009828991389639
mock,de,en-de(synthetic),4,3,minor_accuracy,minor,accuracy,"1,2,3",3,"2,3,1,0",d35f103f5c88d4f4,de_d35f103f5c88d4f4_4,de_d35f103f5c88d4f4_4_k4,90,95,False,0.7958931628489311,0.875489488993628,0.7540627376056486,0.7778788650934851,0.8009828991389639
mock,de,en-de(synthetic),4,4,minor_accuracy,minor,accuracy,"0,1,2,3",4,"2,3,1,0",d35f103f5c88d4f4,de_d35f103f5c88d4f4_4,de_d35f103f5c88d4f4_4_k4,90,95,False,0.7615111737657959,0.7800632231226959,0.7540627376056486,0.7778788650934851,0.8009828991389639
mock,de,en-de(synthetic),4,1,minor_fluency,minor,fluency,2,1,"2,3,1,0",d35f103f5c88d4f4,de_d35f103f5c88d4f4_4,de_d35f103f5c88d4f4_4_k4,90,95,False,0.8181847302054047,0.875489488993628,0.8447514806832986,0.7720069164759684,0.8229885468107854
mock,de,en-de(synthetic),4,2,minor_fluency,minor,fluency,"2,3",2,"2,3,1,0",d35f103f5c88d4f4,de_d35f103f5c88d4f4_4,de_d35f103f5c88d4f4_4_k4,90,95,False,0.8334223869990216,0.875489488993628,0.8447514806832986,0.7720069164759684,0.874032744208669
mock,de,en-de(synthetic),4,3,minor_fluency,minor,fluency,"1,2,3",3,"2,3,1,0",d35f103f5c88d4f4,de_d35f103f5c88d4f4_4,de_d35f103f5c88d4f4_4_k4,90,95,False,0.8118528926076474,0.875489488993628,0.7644283249777467,0.7720069164759684,0.874032744208669
mock,de,en-de(synthetic),4,4,minor_fluency,minor,fluency,"0,1,2,3",4,"2,3,1,0",d35f103f5c88d4f4,de_d35f103f5c88d4f4_4,de_d35f103f5c88d4f4_4_k4,90,95,False,0.7832273902180545,0.7616272041658579,0.7644283249777467,0.7720069164759684,0.874032744208669
mock,de,en-de(synthetic),4,1,major_accuracy,major,accuracy,2,1,"2,3,1,0",d35f103f5c88d4f4,de_d35f103f5c88d4f4_4,de_d35f103f5c88d4f4_4_k4,90,95,False,0.7020534726771106,0.875489488993628,0.8447514806832986,0.5594307973345447,0.8229885468107854
mock,de,en-de(synthetic),4,2,major_accuracy,major,accuracy,"2,3",2,"2,3,1,0",d35f103f5c88d4f4,de_d35f103f5c88d4f4_4,de_d35f103f5c88d4f4_4_k4,90,95,False,0.63889262900825,0.875489488993628,0.8447514806832986,0.5594307973345447,0.5490440531233138
mock,de,en-de(synthetic),4,3,major_accuracy,major,accuracy,"1,2,3",3,"2,3,1,0",d35f103f5c88d4f4,de_d35f103f5c88d4f4_4,de_d35f103f5c88d4f4_4_k4,90,95,False,0.5820361850265331,0.875489488993628,0.5193037447971489,0.5594307973345447,0.5490440531233138
mock,de,en-de(synthetic),4,4,major_accuracy,major,accuracy,"0,1,2,3",4,"2,3,1,0",d35f103f5c88d4f4,de_d35f103f5c88d4f4_4,de_d35f103f5c88d4f4_4_k4,90,95,False,0.5319994696651672,0.5491215332938832,0.5193037447971489,0.5594307973345447,0.5490440531233138
mock,de,en-de(synthetic),4,1,major_fluency,major,fluency,2,1,"2,3,1,0",d35f103f5c88d4f4,de_d35f103f5c88d4f4_4,de_d35f103f5c88d4f4_4_k4,90,95,False,0.8078362828438178,0.875489488993628,0.8447514806832986,0.7168454431630803,0.8229885468107854
mock,de,en-de(synthetic),4,2,major_fluency,major,fluency,"2,3",2,"2,3,1,0",d35f103f5c88d4f4,de_d35f103f5c88d4f4_4,de_d35f103f5c88d4f4_4_k4,90,95,False,0.7566474732292376,0.875489488993628,0.8447514806832986,0.7168454431630803,0.685560125077307
mock,de,en-de(synthetic),4,3,major_fluency,major,fluency,"1,2,3",3,"2,3,1,0",d35f103f5c88d4f4,de_d35f103f5c88d4f4_4,de_d35f103f5c88d4f4_4_k4,90,95,False,0.7295595348803,0.875489488993628,0.698056134797331,0.7168454431630803,0.685560125077307
mock,de,en-de(synthetic),4,4,major_fluency,major,fluency,"0,1,2,3",4,"2,3,1,0",d35f103f5c88d4f4,de_d35f103f5c88d4f4_4,de_d35f103f5c88d4f4_4_k4,90,95,False,0.7170346663341418,0.7557578406700798,0.698056134797331,0.7168454431630803,0.685560125077307
mock,de,en-de(synthetic),1,0,none,,,,0,"1,0,3,2",023f18d41d2651ce,de_023f18d41d2651ce_0,de_023f18d41d2651ce_0_k1,24,25,False,0.8107714334865319,0.8107714334865319,,,
mock,de,en-de(synthetic),1,1,minor_accuracy,minor,accuracy,0,2,"1,0,3,2",023f18d41d2651ce,de_023f18d41d2651ce_0,de_023f18d41d2651ce_0_k1,24,25,False,0.8089954053586191,0.8089954053586191,,,
mock,de,en-de(synthetic),1,1,minor_fluency,minor,fluency,0,2,"1,0,3,2",023f18d41d2651ce,de_023f18d41d2651ce_0,de_023f18d41d2651ce_0_k1,24,25,False,0.7829056585179845,0.7829056585179845,,,
mock,de,en-de(synthetic),1,1,major_accuracy,major,accuracy,0,2,"1,0,3,2",023f18d41d2651ce,de_023f18d41d2651ce_0,de_023f18d41d2651ce_0_k1,24,25,False,0.5114907197665963,0.5114907197665963,,,
mock,de,en-de(synthetic),1,1,major_fluency,major,fluency,0,2,"1,0,3,2",023f18d41d2651ce,de_023f18d41d2651ce_0,de_023f18d41d2651ce_0_k1,24,25,False,0.6989366680945044,0.6989366680945044,,,
mock,de,en-de(synthetic),2,0,none,,,,0,"1,0,3,2",023f18d41d2651ce,de_023f18d41d2651ce_0,de_023f18d41d2651ce_0_k2,46,48,False,0.8076232505113118,0.8107714334865319,0.8023172112662612,,
mock,de,en-de(synthetic),2,1,minor_accuracy,minor,accuracy,1,1,"1,0,3,2",023f18d41d2651ce,de_023f18d41d2651ce_0,de_023f18d41d2651ce_0_k2,46,48,False,0.7828530992367572,0.8107714334865319,0.7752263371643356,,
mock,de,en-de(synthetic),2,2,minor_accuracy,minor,accuracy,"0,1",2,"1,0,3,2",023f18d41d2651ce,de_023f18d41d2651ce_0,de_023f18d41d2651ce_0_k2,46,48,False,0.790848079521748,0.8089954053586191,0.7752263371643356,,
mock,de,en-de(synthetic),2,1,minor_fluency,minor,fluency,1,1,"1,0,3,2",023f18d41d2651ce,de_023f18d41d2651ce_0,de_023f18d41d2651ce_0_k2,46,48,False,0.7454445640600214,0.8107714334865319,0.7122796575350403,,
mock,de,en-de(synthetic),2,2,minor_fluency,minor,fluency,"0,1",2,"1,0,3,2",023f18d41d2651ce,de_023f18d41d2651ce_0,de_023f18d41d2651ce_0_k2,46,48,False,0.7339948102408773,0.7829056585179845,0.7122796575350403,,
mock,de,en-de(synthetic),2,1,major_accuracy,major,accuracy,1,1,"1,0,3,2",023f18d41d2651ce,de_023f18d41d2651ce_0,de_023f18d41d2651ce_0_k2,46,48,False,0.6049891111866881,0.8107714334865319,0.500641316166462,,
mock,de,en-de(synthetic),2,2,major_accuracy,major,accuracy,"0,1",2,"1,0,3,2",023f18d41d2651ce,de_023f18d41d2651ce_0,de_023f18d41d2651ce_0_k2,46,48,False,0.5190741073747484,0.5114907197665963,0.500641316166462,,
mock,de,en-de(synthetic),2,1,major_fluency,major,fluency,1,1,"1,0,3,2",023f18d41d2651ce,de_023f18d41d2651ce_0,de_023f18d41d2651ce_0_k2,46,48,False,0.7645104511554395,0.8107714334865319,0.7141776638478522,,
mock,de,en-de(synthetic),2,2,major_fluency,major,fluency,"0,1",2,"1,0,3,2",023f18d41d2651ce,de_023f18d41d2651ce_0,de_023f18d41d2651ce_0_k2,46,48,False,0.7141276437660857,0.6989366680945044,0.7141776638478522,,
mock,de,en-de(synthetic),4,0,none,,,,0,"1,0,3,2",023f18d41d2651ce,de_023f18d41d2651ce_0,de_023f18d41d2651ce_0_k4,90,95,False,0.820285190500899,0.8107714334865319,0.8023172112662612,0.8429447375082293,0.837094657635171
mock,de,en-de(synthetic),4,1,minor_accuracy,minor,accuracy,1,1,"1,0,3,2",023f18d41d2651ce,de_023f18d41d2651ce_0,de_023f18d41d2651ce_0_k4,90,95,False,0.8024493012187804,0.8107714334865319,0.7752263371643356,0.8429447375082293,0.837094657635171
mock,de,en-de(synthetic),4,2,minor_accuracy,minor,accuracy,"0,1",2,"1,0,3,2",023f18d41d2651ce,de_023f18d41d2651ce_0,de_023f18d41d2651ce_0_k4,90,95,False,0.7986004448552527,0.8089954053586191,0.7752263371643356,0.8429447375082293,0.837094657635171
mock,de,en-de(synthetic),4,3,minor_accuracy,minor,accuracy,"0,1,3",3,"1,0,3,2",023f18d41d2651ce,de_023f18d41d2651ce_0,de_023f18d41d2651ce_0_k4,90,95,False,0.7912174797642115,0.8089954053586191,0.7752263371643356,0.8429447375082293,0.7441343556144508
mock,de,en-de(synthetic),4,4,minor_accuracy,minor,accuracy,"0,1,2,3",4,"1,0,3,2",023f18d41d2651ce,de_023f18d41d2651ce_0,de_023f18d41d2651ce_0_k4,90,95,False,0.7849405620976978,0.8089954053586191,0.7752263371643356,0.755754355743338,0.7441343556144508
mock,de,en-de(synthetic),4,1,minor_fluency,minor,fluency,1,1,"1,0,3,2",023f18d41d2651ce,de_023f18d41d2651ce_0,de_023f18d41d2651ce_0_k4,90,95,False,0.7915479134636721,0.8107714334865319,0.7122796575350403,0.8429447375082293,0.837094657635171
mock,de,en-de(synthetic),4,2,minor_fluency,minor,fluency,"0,1",2,"1,0,3,2",023f18d41d2651ce,de_023f18d41d2651ce_0,de_023f18d41d2651ce_0_k4,90,95,False,0.7921020907882687,0.7829056585179845,0.7122796575350403,0.8429447375082293,0.837094657635171
mock,de,en-de(synthetic),4,3,minor_fluency,minor,fluency,"0,1,3",3,"1,0,3,2",023f18d41d2651ce,de_023f18d41d2651ce_0,de_023f18d41d2651ce_0_k4,90,95,False,0.7893241289574207,0.7829056585179845,0.7122796575350403,0.8429447375082293,0.8219209761196106
mock,de,en-de(synthetic),4,4,minor_fluency,minor,fluency,"0,1,2,3",4,"1,0,3,2",023f18d41d2651ce,de_023f18d41d2651ce_0,de_023f18d41d2651ce_0_k4,90,95,False,0.7771807926497969,0.7829056585179845,0.7122796575350403,0.8073541616415654,0.8219209761196106
mock,de,en-de(synthetic),4,1,major_accuracy,major,accuracy,1,1,"1,0,3,2",023f18d41d2651ce,de_023f18d41d2651ce_0,de_023f18d41d2651ce_0_k4,90,95,False,0.6590081907291163,0.8107714334865319,0.500641316166462,0.8429447375082293,0.837094657635171
mock,de,en-de(synthetic),4,2,major_accuracy,major,accuracy,"0,1",2,"1,0,3,2",023f18d41d2651ce,de_023f18d41d2651ce_0,de_023f18d41d2651ce_0_k4,90,95,False,0.5900328760006325,0.5114907197665963,0.500641316166462,0.8429447375082293,0.837094657635171
mock,de,en-de(synthetic),4,3,major_accuracy,major,accuracy,"0,1,3",3,"1,0,3,2",023f18d41d2651ce,de_023f18d41d2651ce_0,de_023f18d41d2651ce_0_k4,90,95,False,0.5334138462161935,0.5114907197665963,0.500641316166462,0.8429447375082293,0.5338905492349755
mock,de,en-de(synthetic),4,4,major_accuracy,major,accuracy,"0,1,2,3",4,"1,0,3,2",023f18d41d2651ce,de_023f18d41d2651ce_0,de_023f18d41d2651ce_0_k4,90,95,False,0.514947400309677,0.5114907197665963,0.500641316166462,0.5254770165855323,0.5338905492349755
mock,de,en-de(synthetic),4,1,major_fluency,major,fluency,1,1,"1,0,3,2",023f18d41d2651ce,de_023f18d41d2651ce_0,de_023f18d41d2651ce_0_k4,90,95,False,0.802421411122851,0.8107714334865319,0.7141776638478522,0.8429447375082293,0.837094657635171
mock,de,en-de(synthetic),4,2,major_fluency,major,fluency,"0,1",2,"1,0,3,2",023f18d41d2651ce,de_023f18d41d2651ce_0,de_023f18d41d2651ce_0_k4,90,95,False,0.7464159400692835,0.6989366680945044,0.7141776638478522,0.8429447375082293,0.837094657635171
mock,de,en-de(synthetic),4,3,major_fluency,major,fluency,"0,1,3",3,"1,0,3,2",023f18d41d2651ce,de_023f18d41d2651ce_0,de_023f18d41d2651ce_0_k4,90,95,False,0.7120207718122257,0.6989366680945044,0.7141776638478522,0.8429447375082293,0.6651867742839334
mock,de,en-de(synthetic),4,4,major_fluency,major,fluency,"0,1,2,3",4,"1,0,3,2",023f18d41d2651ce,de_023f18d41d2651ce_0,de_023f18d41d2651ce_0_k4,90,95,False,0.6829906905758913,0.6989366680945044,0.7141776638478522,0.7053301917881147,0.6651867742839334
mock,de,en-de(synthetic),1,0,none,,,,0,"1,2,3,0",c7acb789999acb43,de_c7acb789999acb43_0,de_c7acb789999acb43_0_k1,24,25,False,0.8385977065752926,0.8385977065752926,,,
mock,de,en-de(synthetic),1,1,minor_accuracy,minor,accuracy,0,4,"1,2,3,0",c7acb789999acb43,de_c7acb789999acb43_0,de_c7acb789999acb43_0_k1,24,25,False,0.7346995982709612,0.7346995982709612,,,
mock,de,en-de(synthetic),1,1,minor_fluency,minor,fluency,0,4,"1,2,3,0",c7acb789999acb43,de_c7acb789999acb43_0,de_c7acb789999acb43_0_k1,24,25,False,0.8919281275711017,0.8919281275711017,,,
mock,de,en-de(synthetic),1,1,major_accuracy,major,accuracy,0,4,"1,2,3,0",c7acb789999acb43,de_c7acb789999acb43_0,de_c7acb789999acb43_0_k1,24,25,False,0.5306229399942646,0.5306229399942646,,,
mock,de,en-de(synthetic),1,1,major_fluency,major,fluency,0,4,"1,2,3,0",c7acb789999acb43,de_c7acb789999acb43_0,de_c7acb789999acb43_0_k1,24,25,False,0.6599489741210157,0.6599489741210157,,,
mock,de,en-de(synthetic),2,0,none,,,,0,"1,2,3,0",c7acb789999acb43,de_c7acb789999acb43_0,de_c7acb789999acb43_0_k2,46,48,False,0.8333061603705321,0.8385977065752926,0.8534974679258889,,
mock,de,en-de(synthetic),2,1,minor_accuracy,minor,accuracy,1,1,"1,2,3,0",c7acb789999acb43,de_c7acb789999acb43_0,de_c7acb789999acb43_0_k2,46,48,False,0.8125449000353993,0.8385977065752926,0.7774125955302186,,
mock,de,en-de(synthetic),2,2,minor_accuracy,minor,accuracy,"0,1",4,"1,2,3,0",c7acb789999acb43,de_c7acb789999acb43_0,de_c7acb789999acb43_0_k2,46,48,False,0.7584623510679528,0.7346995982709612,0.7774125955302186,,
mock,de,en-de(synthetic),2,1,minor_fluency,minor,fluency,1,1,"1,2,3,0",c7acb789999acb43,de_c7acb789999acb43_0,de_c7acb789999acb43_0_k2,46,48,False,0.7545483776328571,0.8385977065752926,0.7138015547270308,,
mock,de,en-de(synthetic),2,2,minor_fluency,minor,fluency,"0,1",4,"1,2,3,0",c7acb789999acb43,de_c7acb789999acb43_0,de_c7acb789999acb43_0_k2,46,48,False,0.7913530621458237,0.8919281275711017,0.7138015547270308,,
mock,de,en-de(synthetic),2,1,major_accuracy,major,accuracy,1,1,"1,2,3,0",c7acb789999acb43,de_c7acb789999acb43_0,de_c7acb789999acb43_0_k2,46,48,False,0.6193753231646444,0.8385977065752926,0.5401309972024315,,
mock,de,en-de(synthetic),2,2,major_accuracy,major,accuracy,"0,1",4,"1,2,3,0",c7acb789999acb43,de_c7acb789999acb43_0,de_c7acb789999acb43_0_k2,46,48,False,0.5219539394220905,0.5306229399942646,0.5401309972024315,,
mock,de,en-de(synthetic),2,1,major_fluency,major,fluency,1,1,"1,2,3,0",c7acb789999acb43,de_c7acb789999acb43_0,de_c7acb789999acb43_0_k2,46,48,False,0.7629967299891113,0.8385977065752926,0.7111009343423979,,
mock,de,en-de(synthetic),2,2,major_fluency,major,fluency,"0,1",4,"1,2,3,0",c7acb789999acb43,de_c7acb789999acb43_0,de_c7acb789999acb43_0_k2,46,48,False,0.690393678549742,0.6599489741210157,0.7111009343423979,,
mock,de,en-de(synthetic),4,0,none,,,,0,"1,2,3,0",c7acb789999acb43,de_c7acb789999acb43_0,de_c7acb789999acb43_0_k4,90,95,False,0.8398290003092795,0.8385977065752926,0.8534974679258889,0.8940150472748917,0.8015671103282325
mock,de,en-de(synthetic),4,1,minor_accuracy,minor,accuracy,1,1,"1,2,3,0",c7acb789999acb43,de_c7acb789999acb43_0,de_c7acb789999acb43_0_k4,90,95,False,0.8183030362165188,0.8385977065752926,0.7774125955302186,0.8940150472748917,0.8015671103282325
mock,de,en-de(synthetic),4,2,minor_accuracy,minor,accuracy,"1,2",2,"1,2,3,0",c7acb789999acb43,de_c7acb789999acb43_0,de_c7acb789999acb43_0_k4,90,95,False,0.8098651029758859,0.8385977065752926,0.7774125955302186,0.8253482533682984,0.8015671103282325
mock,de,en-de(synthetic),4,3,minor_accuracy,minor,accuracy,"1,2,3",3,"1,2,3,0",c7acb789999acb43,de_c7acb789999acb43_0,de_c7acb789999acb43_0_k4,90,95,False,0.7910777454778068,0.8385977065752926,0.7774125955302186,0.8253482533682984,0.7636565469175124
mock,de,en-de(synthetic),4,4,minor_accuracy,minor,accuracy,"0,1,2,3",4,"1,2,3,0",c7acb789999acb43,de_c7acb789999acb43_0,de_c7acb789999acb43_0_k4,90,95,False,0.7534955479598183,0.7346995982709612,0.7774125955302186,0.8253482533682984,0.7636565469175124
mock,de,en-de(synthetic),4,1,minor_fluency,minor,fluency,1,1,"1,2,3,0",c7acb789999acb43,de_c7acb789999acb43_0,de_c7acb789999acb43_0_k4,90,95,False,0.8051344400174175,0.8385977065752926,0.7138015547270308,0.8940150472748917,0.8015671103282325
mock,de,en-de(synthetic),4,2,minor_fluency,minor,fluency,"1,2",2,"1,2,3,0",c7acb789999acb43,de_c7acb789999acb43_0,de_c7acb789999acb43_0_k4,90,95,False,0.7844567059310019,0.8385977065752926,0.7138015547270308,0.79231625468539,0.8015671103282325
mock,de,en-de(synthetic),4,3,minor_fluency,minor,fluency,"1,2,3",3,"1,2,3,0",c7acb789999acb43,de_c7acb789999acb43_0,de_c7acb789999acb43_0_k4,90,95,False,0.7838804081416391,0.8385977065752926,0.7138015547270308,0.79231625468539,0.7976144110793
mock,de,en-de(synthetic),4,4,minor_fluency,minor,fluency,"0,1,2,3",4,"1,2,3,0",c7acb789999acb43,de_c7acb789999acb43_0,de_c7acb789999acb43_0_k4,90,95,False,0.7836115404928066,0.8919281275711017,0.7138015547270308,0.79231625468539,0.7976144110793
mock,de,en-de(synthetic),4,1,major_accuracy,major,accuracy,1,1,"1,2,3,0",c7acb789999acb43,de_c7acb789999acb43_0,de_c7acb789999acb43_0_k4,90,95,False,0.6926325561652567,0.8385977065752926,0.5401309972024315,0.8940150472748917,0.8015671103282325
mock,de,en-de(synthetic),4,2,major_accuracy,major,accuracy,"1,2",2,"1,2,3,0",c7acb789999acb43,de_c7acb789999acb43_0,de_c7acb789999acb43_0_k4,90,95,False,0.6064618995362563,0.8385977065752926,0.5401309972024315,0.5178087088684262,0.8015671103282325
mock,de,en-de(synthetic),4,3,major_accuracy,major,accuracy,"1,2,3",3,"1,2,3,0",c7acb789999acb43,de_c7acb789999acb43_0,de_c7acb789999acb43_0_k4,90,95,False,0.5564946753753242,0.8385977065752926,0.5401309972024315,0.5178087088684262,0.5490881967509631
mock,de,en-de(synthetic),4,4,major_accuracy,major,accuracy,"0,1,2,3",4,"1,2,3,0",c7acb789999acb43,de_c7acb789999acb43_0,de_c7acb789999acb43_0_k4,90,95,False,0.518889148650913,0.5306229399942646,0.5401309972024315,0.5178087088684262,0.5490881967509631
mock,de,en-de(synthetic),4,1,major_fluency,major,fluency,1,1,"1,2,3,0",c7acb789999acb43,de_c7acb789999acb43_0,de_c7acb789999acb43_0_k4,90,95,False,0.7806432790745432,0.8385977065752926,0.7111009343423979,0.8940150472748917,0.8015671103282325
mock,de,en-de(synthetic),4,2,major_fluency,major,fluency,"1,2",2,"1,2,3,0",c7acb789999acb43,de_c7acb789999acb43_0,de_c7acb789999acb43_0_k4,90,95,False,0.7452610358327482,0.8385977065752926,0.7111009343423979,0.690211412531289,0.8015671103282325
mock,de,en-de(synthetic),4,3,major_fluency,major,fluency,"1,2,3",3,"1,2,3,0",c7acb789999acb43,de_c7acb789999acb43_0,de_c7acb789999acb43_0_k4,90,95,False,0.7192240357549551,0.8385977065752926,0.7111009343423979,0.690211412531289,0.6536186519512938
mock,de,en-de(synthetic),4,4,major_fluency,major,fluency,"0,1,2,3",4,"1,2,3,0",c7acb789999acb43,de_c7acb789999acb43_0,de_c7acb789999acb43_0_k4,90,95,False,0.6838646313608763,0.6599489741210157,0.7111009343423979,0.690211412531289,0.6536186519512938
mock,de,en-de(synthetic),1,0,none,,,,0,"3,1,0,2",54388b3c6278da69,de_54388b3c6278da69_4,de_54388b3c6278da69_4_k1,24,25,False,0.8206122725685172,0.8206122725685172,,,
mock,de,en-de(synthetic),1,1,minor_accuracy,minor,accuracy,0,3,"3,1,0,2",54388b3c6278da69,de_54388b3c6278da69_4,de_54388b3c6278da69_4_k1,24,25,False,0.7552156547127384,0.7552156547127384,,,
mock,de,en-de(synthetic),1,1,minor_fluency,minor,fluency,0,3,"3,1,0,2",54388b3c6278da69,de_54388b3c6278da69_4,de_54388b3c6278da69_4_k1,24,25,False,0.7912028872255392,0.7912028872255392,,,
mock,de,en-de(synthetic),1,1,major_accuracy,major,accuracy,0,3,"3,1,0,2",54388b3c6278da69,de_54388b3c6278da69_4,de_54388b3c6278da69_4_k1,24,25,False,0.5274985893460513,0.5274985893460513,,,
mock,de,en-de(synthetic),1,1,major_fluency,major,fluency,0,3,"3,1,0,2",54388b3c6278da69,de_54388b3c6278da69_4,de_54388b3c6278da69_4_k1,24,25,False,0.6545077550008812,0.6545077550008812,,,
mock,de,en-de(synthetic),2,0,none,,,,0,"3,1,0,2",54388b3c6278da69,de_54388b3c6278da69_4,de_54388b3c6278da69_4_k2,46,48,False,0.8489863660928765,0.8206122725685172,0.8787765922303978,,
mock,de,en-de(synthetic),2,1,minor_accuracy,minor,accuracy,1,2,"3,1,0,2",54388b3c6278da69,de_54388b3c6278da69_4,de_54388b3c6278da69_4_k2,46,48,False,0.7822701374508998,0.8206122725685172,0.7596470671814739,,
mock,de,en-de(synthetic),2,2,minor_accuracy,minor,accuracy,"0,1",3,"3,1,0,2",54388b3c6278da69,de_54388b3c6278da69_4,de_54388b3c6278da69_4_k2,46,48,False,0.75353409753494,0.7552156547127384,0.7596470671814739,,
mock,de,en-de(synthetic),2,1,minor_fluency,minor,fluency,1,2,"3,1,0,2",54388b3c6278da69,de_54388b3c6278da69_4,de_54388b3c6278da69_4_k2,46,48,False,0.8174342660601244,0.8206122725685172,0.8152636266247973,,
mock,de,en-de(synthetic),2,2,minor_fluency,minor,fluency,"0,1",3,"3,1,0,2",54388b3c6278da69,de_54388b3c6278da69_4,de_54388b3c6278da69_4_k2,46,48,False,0.7930768009701292,0.7912028872255392,0.8152636266247973,,
mock,de,en-de(synthetic),2,1,major_accuracy,major,accuracy,1,2,"3,1,0,2",54388b3c6278da69,de_54388b3c6278da69_4,de_54388b3c6278da69_4_k2,46,48,False,0.6418991295778164,0.8206122725685172,0.5637662901416907,,
mock,de,en-de(synthetic),2,2,major_accuracy,major,accuracy,"0,1",3,"3,1,0,2",54388b3c6278da69,de_54388b3c6278da69_4,de_54388b3c6278da69_4_k2,46,48,False,0.5340441681800105,0.5274985893460513,0.5637662901416907,,
mock,de,en-de(synthetic),2,1,major_fluency,major,fluency,1,2,"3,1,0,2",54388b3c6278da69,de_54388b3c6278da69_4,de_54388b3c6278da69_4_k2,46,48,False,0.7410696308613735,0.8206122725685172,0.6937671593569887,,
mock,de,en-de(synthetic),2,2,major_fluency,major,fluency,"0,1",3,"3,1,0,2",54388b3c6278da69,de_54388b3c6278da69_4,de_54388b3c6278da69_4_k2,46,48,False,0.6856167892943376,0.6545077550008812,0.6937671593569887,,
mock,de,en-de(synthetic),4,0,none,,,,0,"3,1,0,2",54388b3c6278da69,de_54388b3c6278da69_4,de_54388b3c6278da69_4_k4,90,95,False,0.8303136115006384,0.8206122725685172,0.8787765922303978,0.8163904455663964,0.8686570005850482
mock,de,en-de(synthetic),4,1,minor_accuracy,minor,accuracy,3,1,"3,1,0,2",54388b3c6278da69,de_54388b3c6278da69_4,de_54388b3c6278da69_4_k4,90,95,False,0.8168385236241846,0.8206122725685172,0.8787765922303978,0.8163904455663964,0.7326939290059725
mock,de,en-de(synthetic),4,2,minor_accuracy,minor,accuracy,"1,3",2,"3,1,0,2",54388b3c6278da69,de_54388b3c6278da69_4,de_54388b3c6278da69_4_k4,90,95,False,0.7755509402900335,0.8206122725685172,0.7596470671814739,0.8163904455663964,0.7326939290059725
mock,de,en-de(synthetic),4,3,minor_accuracy,minor,accuracy,"0,1,3",3,"3,1,0,2",54388b3c6278da69,de_54388b3c6278da69_4,de_54388b3c6278da69_4_k4,90,95,False,0.7512677734768127,0.7552156547127384,0.7596470671814739,0.8163904455663964,0.7326939290059725
mock,de,en-de(synthetic),4,4,minor_accuracy,minor,accuracy,"0,1,2,3",4,"3,1,0,2",54388b3c6278da69,de_54388b3c6278da69_4,de_54388b3c6278da69_4_k4,90,95,False,0.7565602864271062,0.7552156547127384,0.7596470671814739,0.7855077722148246,0.7326939290059725
mock,de,en-de(synthetic),4,1,minor_fluency,minor,fluency,3,1,"3,1,0,2",54388b3c6278da69,de_54388b3c6278da69_4,de_54388b3c6278da69_4_k4,90,95,False,0.8482986644017415,0.8206122725685172,0.8787765922303978,0.8163904455663964,0.7904533734149815
mock,de,en-de(synthetic),4,2,minor_fluency,minor,fluency,"1,3",2,"3,1,0,2",54388b3c6278da69,de_54388b3c6278da69_4,de_54388b3c6278da69_4_k4,90,95,False,0.8033249732450022,0.8206122725685172,0.8152636266247973,0.8163904455663964,0.7904533734149815
mock,de,en-de(synthetic),4,3,minor_fluency,minor,fluency,"0,1,3",3,"3,1,0,2",54388b3c6278da69,de_54388b3c6278da69_4,de_54388b3c6278da69_4_k4,90,95,False,0.8040258094953394,0.7912028872255392,0.8152636266247973,0.8163904455663964,0.7904533734149815
mock,de,en-de(synthetic),4,4,minor_fluency,minor,fluency,"0,1,2,3",4,"3,1,0,2",54388b3c6278da69,de_54388b3c6278da69_4,de_54388b3c6278da69_4_k4,90,95,False,0.7866618336768465,0.7912028872255392,0.8152636266247973,0.7935305570630105,0.7904533734149815
mock,de,en-de(synthetic),4,1,major_accuracy,major,accuracy,3,1,"3,1,0,2",54388b3c6278da69,de_54388b3c6278da69_4,de_54388b3c6278da69_4_k4,90,95,False,0.7102128027107506,0.8206122725685172,0.8787765922303978,0.8163904455663964,0.5879084509727608
mock,de,en-de(synthetic),4,2,major_accuracy,major,accuracy,"1,3",2,"3,1,0,2",54388b3c6278da69,de_54388b3c6278da69_4,de_54388b3c6278da69_4_k4,90,95,False,0.6489153682741903,0.8206122725685172,0.5637662901416907,0.8163904455663964,0.5879084509727608
mock,de,en-de(synthetic),4,3,major_accuracy,major,accuracy,"0,1,3",3,"3,1,0,2",54388b3c6278da69,de_54388b3c6278da69_4,de_54388b3c6278da69_4_k4,90,95,False,0.59772232193849,0.5274985893460513,0.5637662901416907,0.8163904455663964,0.5879084509727608
mock,de,en-de(synthetic),4,4,major_accuracy,major,accuracy,"0,1,2,3",4,"3,1,0,2",54388b3c6278da69,de_54388b3c6278da69_4,de_54388b3c6278da69_4_k4,90,95,False,0.5648562576344994,0.5274985893460513,0.5637662901416907,0.573299626238077,0.5879084509727608
mock,de,en-de(synthetic),4,1,major_fluency,major,fluency,3,1,"3,1,0,2",54388b3c6278da69,de_54388b3c6278da69_4,de_54388b3c6278da69_4_k4,90,95,False,0.7441454045127021,0.8206122725685172,0.8787765922303978,0.8163904455663964,0.6391521145270939
mock,de,en-de(synthetic),4,2,major_fluency,major,fluency,"1,3",2,"3,1,0,2",54388b3c6278da69,de_54388b3c6278da69_4,de_54388b3c6278da69_4_k4,90,95,False,0.7120282635303845,0.8206122725685172,0.6937671593569887,0.8163904455663964,0.6391521145270939
mock,de,en-de(synthetic),4,3,major_fluency,major,fluency,"0,1,3",3,"3,1,0,2",54388b3c6278da69,de_54388b3c6278da69_4,de_54388b3c6278da69_4_k4,90,95,False,0.698887302691413,0.6545077550008812,0.6937671593569887,0.8163904455663964,0.6391521145270939
mock,de,en-de(synthetic),4,4,major_fluency,major,fluency,"0,1,2,3",4,"3,1,0,2",54388b3c6278da69,de_54388b3c6278da69_4,de_54388b3c6278da69_4_k4,90,95,False,0.6444157523946319,0.6545077550008812,0.6937671593569887,0.6508028566750648,0.6391521145270939
mock,de,en-de(synthetic),1,0,none,,,,0,"3,1,2,0",560b468d07a4b853,de_560b468d07a4b853_0,de_560b468d07a4b853_0_k1,24,25,False,0.8738277699846201,0.8738277699846201,,,
mock,de,en-de(synthetic),1,1,minor_accuracy,minor,accuracy,0,4,"3,1,2,0",560b468d07a4b853,de_560b468d07a4b853_0,de_560b468d07a4b853_0_k1,24,25,False,0.7881310178252485,0.7881310178252485,,,
mock,de,en-de(synthetic),1,1,minor_fluency,minor,fluency,0,4,"3,1,2,0",560b468d07a4b853,de_560b468d07a4b853_0,de_560b468d07a4b853_0_k1,24,25,False,0.7619523414181266,0.7619523414181266,,,
mock,de,en-de(synthetic),1,1,major_accuracy,major,accuracy,0,4,"3,1,2,0",560b468d07a4b853,de_560b468d07a4b853_0,de_560b468d07a4b853_0_k1,24,25,False,0.5590103001944329,0.5590103001944329,,,
mock,de,en-de(synthetic),1,1,major_fluency,major,fluency,0,4,"3,1,2,0",560b468d07a4b853,de_560b468d07a4b853_0,de_560b468d07a4b853_0_k1,24,25,False,0.7145624366171367,0.7145624366171367,,,
mock,de,en-de(synthetic),2,0,none,,,,0,"3,1,2,0",560b468d07a4b853,de_560b468d07a4b853_0,de_560b468d07a4b853_0_k2,46,48,False,0.8295531568817474,0.8738277699846201,0.8027315477397274,,
mock,de,en-de(synthetic),2,1,minor_accuracy,minor,accuracy,1,2,"3,1,2,0",560b468d07a4b853,de_560b468d07a4b853_0,de_560b468d07a4b853_0_k2,46,48,False,0.8507076541320385,0.8738277699846201,0.833298087911548,,
mock,de,en-de(synthetic),2,2,minor_accuracy,minor,accuracy,"0,1",4,"3,1,2,0",560b468d07a4b853,de_560b468d07a4b853_0,de_560b468d07a4b853_0_k2,46,48,False,0.8187514157948295,0.7881310178252485,0.833298087911548,,
mock,de,en-de(synthetic),2,1,minor_fluency,minor,fluency,1,2,"3,1,2,0",560b468d07a4b853,de_560b468d07a4b853_0,de_560b468d07a4b853_0_k2,46,48,False,0.8046934678216608,0.8738277699846201,0.7499192861907229,,
mock,de,en-de(synthetic),2,2,minor_fluency,minor,fluency,"0,1",4,"3,1,2,0",560b468d07a4b853,de_560b468d07a4b853_0,de_560b468d07a4b853_0_k2,46,48,False,0.7420553542426966,0.7619523414181266,0.7499192861907229,,
mock,de,en-de(synthetic),2,1,major_accuracy,major,accuracy,1,2,"3,1,2,0",560b468d07a4b853,de_560b468d07a4b853_0,de_560b468d07a4b853_0_k2,46,48,False,0.644970340134727,0.8738277699846201,0.5624097062128144,,
mock,de,en-de(synthetic),2,2,major_accuracy,major,accuracy,"0,1",4,"3,1,2,0",560b468d07a4b853,de_560b468d07a4b853_0,de_560b468d07a4b853_0_k2,46,48,False,0.5590361691802687,0.5590103001944329,0.5624097062128144,,
mock,de,en-de(synthetic),2,1,major_fluency,major,fluency,1,2,"3,1,2,0",560b468d07a4b853,de_560b468d07a4b853_0,de_560b468d07a4b853_0_k2,46,48,False,0.7732295596218057,0.8738277699846201,0.7002212545635633,,
mock,de,en-de(synthetic),2,2,major_fluency,major,fluency,"0,1",4,"3,1,2,0",560b468d07a4b853,de_560b468d07a4b853_0,de_560b468d07a4b853_0_k2,46,48,False,0.6886813347173641,0.7145624366171367,0.7002212545635633,,
mock,de,en-de(synthetic),4,0,none,,,,0,"3,1,2,0",560b468d07a4b853,de_560b468d07a4b853_0,de_560b468d07a4b853_0_k4,90,95,False,0.8424473388659626,0.8738277699846201,0.8027315477397274,0.8594107880126195,0.8427707957062899
mock,de,en-de(synthetic),4,1,minor_accuracy,minor,accuracy,3,1,"3,1,2,0",560b468d07a4b853,de_560b468d07a4b853_0,de_560b468d07a4b853_0_k4,90,95,False,0.8088126940182906,0.8738277699846201,0.8027315477397274,0.8594107880126195,0.7463852824770193
mock,de,en-de(synthetic),4,2,minor_accuracy,minor,accuracy,"1,3",2,"3,1,2,0",560b468d07a4b853,de_560b468d07a4b853_0,de_560b468d07a4b853_0_k4,90,95,False,0.8137956512411569,0.8738277699846201,0.833298087911548,0.8594107880126195,0.7463852824770193
mock,de,en-de(synthetic),4,3,minor_accuracy,minor,accuracy,"1,2,3",3,"3,1,2,0",560b468d07a4b853,de_560b468d07a4b853_0,de_560b468d07a4b853_0_k4,90,95,False,0.79741268810135,0.8738277699846201,0.833298087911548,0.7788853184016816,0.7463852824770193
mock,de,en-de(synthetic),4,4,minor_accuracy,minor,accuracy,"0,1,2,3",4,"3,1,2,0",560b468d07a4b853,de_560b468d07a4b853_0,de_560b468d07a4b853_0_k4,90,95,False,0.7743842689682854,0.7881310178252485,0.833298087911548,0.7788853184016816,0.7463852824770193
mock,de,en-de(synthetic),4,1,minor_fluency,minor,fluency,3,1,"3,1,2,0",560b468d07a4b853,de_560b468d07a4b853_0,de_560b468d07a4b853_0_k4,90,95,False,0.826823779055152,0.8738277699846201,0.8027315477397274,0.8594107880126195,0.8166605558804827
mock,de,en-de(synthetic),4,2,minor_fluency,minor,fluency,"1,3",2,"3,1,2,0",560b468d07a4b853,de_560b468d07a4b853_0,de_560b468d07a4b853_0_k4,90,95,False,0.8034547937965891,0.8738277699846201,0.7499192861907229,0.8594107880126195,0.8166605558804827
mock,de,en-de(synthetic),4,3,minor_fluency,minor,fluency,"1,2,3",3,"3,1,2,0",560b468d07a4b853,de_560b468d07a4b853_0,de_560b468d07a4b853_0_k4,90,95,False,0.786348851895282,0.8738277699846201,0.7499192861907229,0.8125935293167517,0.8166605558804827
mock,de,en-de(synthetic),4,4,minor_fluency,minor,fluency,"0,1,2,3",4,"3,1,2,0",560b468d07a4b853,de_560b468d07a4b853_0,de_560b468d07a4b853_0_k4,90,95,False,0.7828153160674796,0.7619523414181266,0.7499192861907229,0.8125935293167517,0.8166605558804827
mock,de,en-de(synthetic),4,1,major_accuracy,major,accuracy,3,1,"3,1,2,0",560b468d07a4b853,de_560b468d07a4b853_0,de_560b468d07a4b853_0_k4,90,95,False,0.6893888673198306,0.8738277699846201,0.8027315477397274,0.8594107880126195,0.5498573748357165
mock,de,en-de(synthetic),4,2,major_accuracy,major,accuracy,"1,3",2,"3,1,2,0",560b468d07a4b853,de_560b468d07a4b853_0,de_560b468d07a4b853_0_k4,90,95,False,0.621824122159313,0.8738277699846201,0.5624097062128144,0.8594107880126195,0.5498573748357165
mock,de,en-de(synthetic),4,3,major_accuracy,major,accuracy,"1,2,3",3,"3,1,2,0",560b468d07a4b853,de_560b468d07a4b853_0,de_560b468d07a4b853_0_k4,90,95,False,0.6093084331165078,0.8738277699846201,0.5624097062128144,0.5722025206394425,0.5498573748357165
mock,de,en-de(synthetic),4,4,major_accuracy,major,accuracy,"0,1,2,3",4,"3,1,2,0",560b468d07a4b853,de_560b468d07a4b853_0,de_560b468d07a4b853_0_k4,90,95,False,0.5624420129822972,0.5590103001944329,0.5624097062128144,0.5722025206394425,0.5498573748357165
mock,de,en-de(synthetic),4,1,major_fluency,major,fluency,3,1,"3,1,2,0",560b468d07a4b853,de_560b468d07a4b853_0,de_560b468d07a4b853_0_k4,90,95,False,0.809604058726642,0.8738277699846201,0.8027315477397274,0.8594107880126195,0.7383840706345169
mock,de,en-de(synthetic),4,2,major_fluency,major,fluency,"1,3",2,"3,1,2,0",560b468d07a4b853,de_560b468d07a4b853_0,de_560b468d07a4b853_0_k4,90,95,False,0.779625138187046,0.8738277699846201,0.7002212545635633,0.8594107880126195,0.7383840706345169
mock,de,en-de(synthetic),4,3,major_fluency,major,fluency,"1,2,3",3,"3,1,2,0",560b468d07a4b853,de_560b468d07a4b853_0,de_560b468d07a4b853_0_k4,90,95,False,0.7344951271250896,0.8738277699846201,0.7002212545635633,0.6771989677589285,0.7383840706345169
mock,de,en-de(synthetic),4,4,major_fluency,major,fluency,"0,1,2,3",4,"3,1,2,0",560b468d07a4b853,de_560b468d07a4b853_0,de_560b468d07a4b853_0_k4,90,95,False,0.7188793046539524,0.7145624366171367,0.7002212545635633,0.6771989677589285,0.7383840706345169
mock,de,en-de(synthetic),1,0,none,,,,0,"0,1,3,2",be5ecf7be7eda10c,de_be5ecf7be7eda10c_4,de_be5ecf7be7eda10c_4_k1,24,25,False,0.8314176793041451,0.8314176793041451,,,
mock,de,en-de(synthetic),1,1,minor_accuracy,minor,accuracy,0,1,"0,1,3,2",be5ecf7be7eda10c,de_be5ecf7be7eda10c_4,de_be5ecf7be7eda10c_4_k1,24,25,False,0.7872151796126081,0.7872151796126081,,,
mock,de,en-de(synthetic),1,1,minor_fluency,minor,fluency,0,1,"0,1,3,2",be5ecf7be7eda10c,de_be5ecf7be7eda10c_4,de_be5ecf7be7eda10c_4_k1,24,25,False,0.7964417685296429,0.7964417685296429,,,
mock,de,en-de(synthetic),1,1,major_accuracy,major,accuracy,0,1,"0,1,3,2",be5ecf7be7eda10c,de_be5ecf7be7eda10c_4,de_be5ecf7be7eda10c_4_k1,24,25,False,0.5280554507130466,0.5280554507130466,,,
mock,de,en-de(synthetic),1,1,major_fluency,major,fluency,0,1,"0,1,3,2",be5ecf7be7eda10c,de_be5ecf7be7eda10c_4,de_be5ecf7be7eda10c_4_k1,24,25,False,0.7049317527973963,0.7049317527973963,,,
mock,de,en-de(synthetic),2,0,none,,,,0,"0,1,3,2",be5ecf7be7eda10c,de_be5ecf7be7eda10c_4,de_be5ecf7be7eda10c_4_k2,46,48,False,0.8228277022182086,0.8314176793041451,0.8173834359704245,,
mock,de,en-de(synthetic),2,1,minor_accuracy,minor,accuracy,0,1,"0,1,3,2",be5ecf7be7eda10c,de_be5ecf7be7eda10c_4,de_be5ecf7be7eda10c_4_k2,46,48,False,0.7988383855737281,0.7872151796126081,0.8173834359704245,,
mock,de,en-de(synthetic),2,2,minor_accuracy,minor,accuracy,"0,1",2,"0,1,3,2",be5ecf7be7eda10c,de_be5ecf7be7eda10c_4,de_be5ecf7be7eda10c_4_k2,46,48,False,0.8059084183966593,0.7872151796126081,0.8058754267524542,,
mock,de,en-de(synthetic),2,1,minor_fluency,minor,fluency,0,1,"0,1,3,2",be5ecf7be7eda10c,de_be5ecf7be7eda10c_4,de_be5ecf7be7eda10c_4_k2,46,48,False,0.8165840701985091,0.7964417685296429,0.8173834359704245,,
mock,de,en-de(synthetic),2,2,minor_fluency,minor,fluency,"0,1",2,"0,1,3,2",be5ecf7be7eda10c,de_be5ecf7be7eda10c_4,de_be5ecf7be7eda10c_4_k2,46,48,False,0.8061372242201715,0.7964417685296429,0.7999945057378111,,
mock,de,en-de(synthetic),2,1,major_accuracy,major,accuracy,0,1,"0,1,3,2",be5ecf7be7eda10c,de_be5ecf7be7eda10c_4,de_be5ecf7be7eda10c_4_k2,46,48,False,0.6042263803275113,0.5280554507130466,0.8173834359704245,,
mock,de,en-de(synthetic),2,2,major_accuracy,major,accuracy,"0,1",2,"0,1,3,2",be5ecf7be7eda10c,de_be5ecf7be7eda10c_4,de_be5ecf7be7eda10c_4_k2,46,48,False,0.5567125767062432,0.5280554507130466,0.5815894961029269,,
mock,de,en-de(synthetic),2,1,major_fluency,major,fluency,0,1,"0,1,3,2",be5ecf7be7eda10c,de_be5ecf7be7eda10c_4,de_be5ecf7be7eda10c_4_k2,46,48,False,0.7650442272009096,0.7049317527973963,0.8173834359704245,,
mock,de,en-de(synthetic),2,2,major_fluency,major,fluency,"0,1",2,"0,1,3,2",be5ecf7be7eda10c,de_be5ecf7be7eda10c_4,de_be5ecf7be7eda10c_4_k2,46,48,False,0.7183379498055862,0.7049317527973963,0.6908234960181929,,
mock,de,en-de(synthetic),4,0,none,,,,0,"0,1,3,2",be5ecf7be7eda10c,de_be5ecf7be7eda10c_4,de_be5ecf7be7eda10c_4_k4,90,95,False,0.8196065772702898,0.8314176793041451,0.8173834359704245,0.8490954900570143,0.8225167355083605
mock,de,en-de(synthetic),4,1,minor_accuracy,minor,accuracy,0,1,"0,1,3,2",be5ecf7be7eda10c,de_be5ecf7be7eda10c_4,de_be5ecf7be7eda10c_4_k4,90,95,False,0.8133235974013606,0.7872151796126081,0.8173834359704245,0.8490954900570143,0.8225167355083605
mock,de,en-de(synthetic),4,2,minor_accuracy,minor,accuracy,"0,1",2,"0,1,3,2",be5ecf7be7eda10c,de_be5ecf7be7eda10c_4,de_be5ecf7be7eda10c_4_k4,90,95,False,0.8199906925692466,0.7872151796126081,0.8058754267524542,0.8490954900570143,0.8225167355083605
mock,de,en-de(synthetic),4,3,minor_accuracy,minor,accuracy,"0,1,3",3,"0,1,3,2",be5ecf7be7eda10c,de_be5ecf7be7eda10c_4,de_be5ecf7be7eda10c_4_k4,90,95,False,0.7894073107396062,0.7872151796126081,0.8058754267524542,0.8490954900570143,0.7355861900960817
mock,de,en-de(synthetic),4,4,minor_accuracy,minor,accuracy,"0,1,2,3",4,"0,1,3,2",be5ecf7be7eda10c,de_be5ecf7be7eda10c_4,de_be5ecf7be7eda10c_4_k4,90,95,False,0.7690512915980761,0.7872151796126081,0.8058754267524542,0.7834079870770092,0.7355861900960817
mock,de,en-de(synthetic),4,1,minor_fluency,minor,fluency,0,1,"0,1,3,2",be5ecf7be7eda10c,de_be5ecf7be7eda10c_4,de_be5ecf7be7eda10c_4_k4,90,95,False,0.8190010743802251,0.7964417685296429,0.8173834359704245,0.8490954900570143,0.8225167355083605
mock,de,en-de(synthetic),4,2,minor_fluency,minor,fluency,"0,1",2,"0,1,3,2",be5ecf7be7eda10c,de_be5ecf7be7eda10c_4,de_be5ecf7be7eda10c_4_k4,90,95,False,0.8045316422566225,0.7964417685296429,0.7999945057378111,0.8490954900570143,0.8225167355083605
mock,de,en-de(synthetic),4,3,minor_fluency,minor,fluency,"0,1,3",3,"0,1,3,2",be5ecf7be7eda10c,de_be5ecf7be7eda10c_4,de_be5ecf7be7eda10c_4_k4,90,95,False,0.8289317019424776,0.7964417685296429,0.7999945057378111,0.8490954900570143,0.8440648525494653
mock,de,en-de(synthetic),4,4,minor_fluency,minor,fluency,"0,1,2,3",4,"0,1,3,2",be5ecf7be7eda10c,de_be5ecf7be7eda10c_4,de_be5ecf7be7eda10c_4_k4,90,95,False,0.8029121729554068,0.7964417685296429,0.7999945057378111,0.7483682882916453,0.8440648525494653
mock,de,en-de(synthetic),4,1,major_accuracy,major,accuracy,0,1,"0,1,3,2",be5ecf7be7eda10c,de_be5ecf7be7eda10c_4,de_be5ecf7be7eda10c_4_k4,90,95,False,0.6569233908147332,0.5280554507130466,0.8173834359704245,0.8490954900570143,0.8225167355083605
mock,de,en-de(synthetic),4,2,major_accuracy,major,accuracy,"0,1",2,"0,1,3,2",be5ecf7be7eda10c,de_be5ecf7be7eda10c_4,de_be5ecf7be7eda10c_4_k4,90,95,False,0.6309022352400251,0.5280554507130466,0.5815894961029269,0.8490954900570143,0.8225167355083605
mock,de,en-de(synthetic),4,3,major_accuracy,major,accuracy,"0,1,3",3,"0,1,3,2",be5ecf7be7eda10c,de_be5ecf7be7eda10c_4,de_be5ecf7be7eda10c_4_k4,90,95,False,0.5918500803126998,0.5280554507130466,0.5815894961029269,0.8490954900570143,0.5439050500067992
mock,de,en-de(synthetic),4,4,major_accuracy,major,accuracy,"0,1,2,3",4,"0,1,3,2",be5ecf7be7eda10c,de_be5ecf7be7eda10c_4,de_be5ecf7be7eda10c_4_k4,90,95,False,0.5673139696110103,0.5280554507130466,0.5815894961029269,0.6259560644767113,0.5439050500067992
mock,de,en-de(synthetic),4,1,major_fluency,major,fluency,0,1,"0,1,3,2",be5ecf7be7eda10c,de_be5ecf7be7eda10c_4,de_be5ecf7be7eda10c_4_k4,90,95,False,0.7946766081979417,0.7049317527973963,0.8173834359704245,0.8490954900570143,0.8225167355083605
mock,de,en-de(synthetic),4,2,major_fluency,major,fluency,"0,1",2,"0,1,3,2",be5ecf7be7eda10c,de_be5ecf7be7eda10c_4,de_be5ecf7be7eda10c_4_k4,90,95,False,0.7531965585722736,0.7049317527973963,0.6908234960181929,0.8490954900570143,0.8225167355083605
mock,de,en-de(synthetic),4,3,major_fluency,major,fluency,"0,1,3",3,"0,1,3,2",be5ecf7be7eda10c,de_be5ecf7be7eda10c_4,de_be5ecf7be7eda10c_4_k4,90,95,False,0.7299159282809156,0.7049317527973963,0.6908234960181929,0.8490954900570143,0.6987979654218696
mock,de,en-de(synthetic),4,4,major_fluency,major,fluency,"0,1,2,3",4,"0,1,3,2",be5ecf7be7eda10c,de_be5ecf7be7eda10c_4,de_be5ecf7be7eda10c_4_k4,90,95,False,0.7242669429400772,0.7049317527973963,0.6908234960181929,0.7318720123353161,0.6987979654218696
mock,de,en-de(synthetic),1,0,none,,,,0,"2,0,1,3",6f6a57bcea9bc00e,de_6f6a57bcea9bc00e_0,de_6f6a57bcea9bc00e_0_k1,24,25,False,0.8252303982338657,0.8252303982338657,,,
mock,de,en-de(synthetic),1,1,minor_accuracy,minor,accuracy,0,2,"2,0,1,3",6f6a57bcea9bc00e,de_6f6a57bcea9bc00e_0,de_6f6a57bcea9bc00e_0_k1,24,25,False,0.7931358444851733,0.7931358444851733,,,
mock,de,en-de(synthetic),1,1,minor_fluency,minor,fluency,0,2,"2,0,1,3",6f6a57bcea9bc00e,de_6f6a57bcea9bc00e_0,de_6f6a57bcea9bc00e_0_k1,24,25,False,0.792081555959012,0.792081555959012,,,
mock,de,en-de(synthetic),1,1,major_accuracy,major,accuracy,0,2,"2,0,1,3",6f6a57bcea9bc00e,de_6f6a57bcea9bc00e_0,de_6f6a57bcea9bc00e_0_k1,24,25,False,0.51865103743245,0.51865103743245,,,
mock,de,en-de(synthetic),1,1,major_fluency,major,fluency,0,2,"2,0,1,3",6f6a57bcea9bc00e,de_6f6a57bcea9bc00e_0,de_6f6a57bcea9bc00e_0_k1,24,25,False,0.6978594396388359,0.6978594396388359,,,
mock,de,en-de(synthetic),2,0,none,,,,0,"2,0,1,3",6f6a57bcea9bc00e,de_6f6a57bcea9bc00e_0,de_6f6a57bcea9bc00e_0_k2,46,48,False,0.8280517566257259,0.8252303982338657,0.8759428093936037,,
mock,de,en-de(synthetic),2,1,minor_accuracy,minor,accuracy,0,2,"2,0,1,3",6f6a57bcea9bc00e,de_6f6a57bcea9bc00e_0,de_6f6a57bcea9bc00e_0_k2,46,48,False,0.8254069618644856,0.7931358444851733,0.8759428093936037,,
mock,de,en-de(synthetic),2,2,minor_accuracy,minor,accuracy,"0,1",3,"2,0,1,3",6f6a57bcea9bc00e,de_6f6a57bcea9bc00e_0,de_6f6a57bcea9bc00e_0_k2,46,48,False,0.7916472093059418,0.7931358444851733,0.7678449139059133,,
mock,de,en-de(synthetic),2,1,minor_fluency,minor,fluency,0,2,"2,0,1,3",6f6a57bcea9bc00e,de_6f6a57bcea9bc00e_0,de_6f6a57bcea9bc00e_0_k2,46,48,False,0.8284051031435943,0.792081555959012,0.8759428093936037,,
mock,de,en-de(synthetic),2,2,minor_fluency,minor,fluency,"0,1",3,"2,0,1,3",6f6a57bcea9bc00e,de_6f6a57bcea9bc00e_0,de_6f6a57bcea9bc00e_0_k2,46,48,False,0.7867980118707482,0.792081555959012,0.7882574821076839,,
mock,de,en-de(synthetic),2,1,major_accuracy,major,accuracy,0,2,"2,0,1,3",6f6a57bcea9bc00e,de_6f6a57bcea9bc00e_0,de_6f6a57bcea9bc00e_0_k2,46,48,False,0.5912421748162128,0.51865103743245,0.8759428093936037,,
mock,de,en-de(synthetic),2,2,major_accuracy,major,accuracy,"0,1",3,"2,0,1,3",6f6a57bcea9bc00e,de_6f6a57bcea9bc00e_0,de_6f6a57bcea9bc00e_0_k2,46,48,False,0.5255189376719314,0.51865103743245,0.5656388139345643,,
mock,de,en-de(synthetic),2,1,major_fluency,major,fluency,0,2,"2,0,1,3",6f6a57bcea9bc00e,de_6f6a57bcea9bc00e_0,de_6f6a57bcea9bc00e_0_k2,46,48,False,0.7744269979249361,0.6978594396388359,0.8759428093936037,,
mock,de,en-de(synthetic),2,2,major_fluency,major,fluency,"0,1",3,"2,0,1,3",6f6a57bcea9bc00e,de_6f6a57bcea9bc00e_0,de_6f6a57bcea9bc00e_0_k2,46,48,False,0.7321477295987431,0.6978594396388359,0.728900557824027,,
mock,de,en-de(synthetic),4,0,none,,,,0,"2,0,1,3",6f6a57bcea9bc00e,de_6f6a57bcea9bc00e_0,de_6f6a57bcea9bc00e_0_k4,90,95,False,0.8404489137876228,0.8252303982338657,0.8759428093936037,0.8043017779367359,0.8999157411858105
mock,de,en-de(synthetic),4,1,minor_accuracy,minor,accuracy,2,1,"2,0,1,3",6f6a57bcea9bc00e,de_6f6a57bcea9bc00e_0,de_6f6a57bcea9bc00e_0_k4,90,95,False,0.8251033543802917,0.8252303982338657,0.8759428093936037,0.7431782253544247,0.8999157411858105
mock,de,en-de(synthetic),4,2,minor_accuracy,minor,accuracy,"0,2",2,"2,0,1,3",6f6a57bcea9bc00e,de_6f6a57bcea9bc00e_0,de_6f6a57bcea9bc00e_0_k4,90,95,False,0.8102712964368065,0.7931358444851733,0.8759428093936037,0.7431782253544247,0.8999157411858105
mock,de,en-de(synthetic),4,3,minor_accuracy,minor,accuracy,"0,1,2",3,"2,0,1,3",6f6a57bcea9bc00e,de_6f6a57bcea9bc00e_0,de_6f6a57bcea9bc00e_0_k4,90,95,False,0.7965124060201383,0.7931358444851733,0.7678449139059133,0.7431782253544247,0.8999157411858105
mock,de,en-de(synthetic),4,4,minor_accuracy,minor,accuracy,"0,1,2,3",4,"2,0,1,3",6f6a57bcea9bc00e,de_6f6a57bcea9bc00e_0,de_6f6a57bcea9bc00e_0_k4,90,95,False,0.780404826644324,0.7931358444851733,0.7678449139059133,0.7431782253544247,0.780008403824929
mock,de,en-de(synthetic),4,1,minor_fluency,minor,fluency,2,1,"2,0,1,3",6f6a57bcea9bc00e,de_6f6a57bcea9bc00e_0,de_6f6a57bcea9bc00e_0_k4,90,95,False,0.8440570330026547,0.8252303982338657,0.8759428093936037,0.7916549016371339,0.8999157411858105
mock,de,en-de(synthetic),4,2,minor_fluency,minor,fluency,"0,2",2,"2,0,1,3",6f6a57bcea9bc00e,de_6f6a57bcea9bc00e_0,de_6f6a57bcea9bc00e_0_k4,90,95,False,0.8206288121922662,0.792081555959012,0.8759428093936037,0.7916549016371339,0.8999157411858105
mock,de,en-de(synthetic),4,3,minor_fluency,minor,fluency,"0,1,2",3,"2,0,1,3",6f6a57bcea9bc00e,de_6f6a57bcea9bc00e_0,de_6f6a57bcea9bc00e_0_k4,90,95,False,0.830829278298722,0.792081555959012,0.7882574821076839,0.7916549016371339,0.8999157411858105
mock,de,en-de(synthetic),4,4,minor_fluency,minor,fluency,"0,1,2,3",4,"2,0,1,3",6f6a57bcea9bc00e,de_6f6a57bcea9bc00e_0,de_6f6a57bcea9bc00e_0_k4,90,95,False,0.8055364339032441,0.792081555959012,0.7882574821076839,0.7916549016371339,0.8422822460884231
mock,de,en-de(synthetic),4,1,major_accuracy,major,accuracy,2,1,"2,0,1,3",6f6a57bcea9bc00e,de_6f6a57bcea9bc00e_0,de_6f6a57bcea9bc00e_0_k4,90,95,False,0.7216535151758516,0.8252303982338657,0.8759428093936037,0.5831509799564187,0.8999157411858105
mock,de,en-de(synthetic),4,2,major_accuracy,major,accuracy,"0,2",2,"2,0,1,3",6f6a57bcea9bc00e,de_6f6a57bcea9bc00e_0,de_6f6a57bcea9bc00e_0_k4,90,95,False,0.6056606062262904,0.51865103743245,0.8759428093936037,0.5831509799564187,0.8999157411858105
mock,de,en-de(synthetic),4,3,major_accuracy,major,accuracy,"0,1,2",3,"2,0,1,3",6f6a57bcea9bc00e,de_6f6a57bcea9bc00e_0,de_6f6a57bcea9bc00e_0_k4,90,95,False,0.5704676285826121,0.51865103743245,0.5656388139345643,0.5831509799564187,0.8999157411858105
mock,de,en-de(synthetic),4,4,major_accuracy,major,accuracy,"0,1,2,3",4,"2,0,1,3",6f6a57bcea9bc00e,de_6f6a57bcea9bc00e_0,de_6f6a57bcea9bc00e_0_k4,90,95,False,0.5472272997482143,0.51865103743245,0.5656388139345643,0.5831509799564187,0.5905062084415413
mock,de,en-de(synthetic),4,1,major_fluency,major,fluency,2,1,"2,0,1,3",6f6a57bcea9bc00e,de_6f6a57bcea9bc00e_0,de_6f6a57bcea9bc00e_0_k4,90,95,False,0.7614940378331444,0.8252303982338657,0.8759428093936037,0.6354407282259581,0.8999157411858105
mock,de,en-de(synthetic),4,2,major_fluency,major,fluency,"0,2",2,"2,0,1,3",6f6a57bcea9bc00e,de_6f6a57bcea9bc00e_0,de_6f6a57bcea9bc00e_0_k4,90,95,False,0.760816587869305,0.6978594396388359,0.8759428093936037,0.6354407282259581,0.8999157411858105
mock,de,en-de(synthetic),4,3,major_fluency,major,fluency,"0,1,2",3,"2,0,1,3",6f6a57bcea9bc00e,de_6f6a57bcea9bc00e_0,de_6f6a57bcea9bc00e_0_k4,90,95,False,0.7226304818750753,0.6978594396388359,0.728900557824027,0.6354407282259581,0.8999157411858105
mock,de,en-de(synthetic),4,4,major_fluency,major,fluency,"0,1,2,3",4,"2,0,1,3",6f6a57bcea9bc00e,de_6f6a57bcea9bc00e_0,de_6f6a57bcea9bc00e_0_k4,90,95,False,0.6818011396486254,0.6978594396388359,0.728900557824027,0.6354407282259581,0.64460639840422
mock,de,en-de(synthetic),1,0,none,,,,0,"2,0,3,1",78540f0891c50a57,de_78540f0891c50a57_4,de_78540f0891c50a57_4_k1,24,25,False,0.8549326755608584,0.8549326755608584,,,
mock,de,en-de(synthetic),1,1,minor_accuracy,minor,accuracy,0,2,"2,0,3,1",78540f0891c50a57,de_78540f0891c50a57_4,de_78540f0891c50a57_4_k1,24,25,False,0.8066335564282541,0.8066335564282541,,,
mock,de,en-de(synthetic),1,1,minor_fluency,minor,fluency,0,2,"2,0,3,1",78540f0891c50a57,de_78540f0891c50a57_4,de_78540f0891c50a57_4_k1,24,25,False,0.7947350739556843,0.7947350739556843,,,
mock,de,en-de(synthetic),1,1,major_accuracy,major,accuracy,0,2,"2,0,3,1",78540f0891c50a57,de_78540f0891c50a57_4,de_78540f0891c50a57_4_k1,24,25,False,0.5457292930828213,0.5457292930828213,,,
mock,de,en-de(synthetic),1,1,major_fluency,major,fluency,0,2,"2,0,3,1",78540f0891c50a57,de_78540f0891c50a57_4,de_78540f0891c50a57_4_k1,24,25,False,0.7008808213453376,0.7008808213453376,,,
mock,de,en-de(synthetic),2,0,none,,,,0,"2,0,3,1",78540f0891c50a57,de_78540f0891c50a57_4,de_78540f0891c50a57_4_k2,46,48,False,0.8741434933494767,0.8549326755608584,0.856662575054995,,
mock,de,en-de(synthetic),2,1,minor_accuracy,minor,accuracy,0,2,"2,0,3,1",78540f0891c50a57,de_78540f0891c50a57_4,de_78540f0891c50a57_4_k2,46,48,False,0.8404435385844556,0.8066335564282541,0.856662575054995,,
mock,de,en-de(synthetic),2,2,minor_accuracy,minor,accuracy,"0,1",4,"2,0,3,1",78540f0891c50a57,de_78540f0891c50a57_4,de_78540f0891c50a57_4_k2,46,48,False,0.7952808394028229,0.8066335564282541,0.7561685175312574,,
mock,de,en-de(synthetic),2,1,minor_fluency,minor,fluency,0,2,"2,0,3,1",78540f0891c50a57,de_78540f0891c50a57_4,de_78540f0891c50a57_4_k2,46,48,False,0.82068600176714,0.7947350739556843,0.856662575054995,,
mock,de,en-de(synthetic),2,2,minor_fluency,minor,fluency,"0,1",4,"2,0,3,1",78540f0891c50a57,de_78540f0891c50a57_4,de_78540f0891c50a57_4_k2,46,48,False,0.8153634266902615,0.7947350739556843,0.801447966619516,,
mock,de,en-de(synthetic),2,1,major_accuracy,major,accuracy,0,2,"2,0,3,1",78540f0891c50a57,de_78540f0891c50a57_4,de_78540f0891c50a57_4_k2,46,48,False,0.6214367521240867,0.5457292930828213,0.856662575054995,,
mock,de,en-de(synthetic),2,2,major_accuracy,major,accuracy,"0,1",4,"2,0,3,1",78540f0891c50a57,de_78540f0891c50a57_4,de_78540f0891c50a57_4_k2,46,48,False,0.5325438771620775,0.5457292930828213,0.49875538434041927,,
mock,de,en-de(synthetic),2,1,major_fluency,major,fluency,0,2,"2,0,3,1",78540f0891c50a57,de_78540f0891c50a57_4,de_78540f0891c50a57_4_k2,46,48,False,0.7657983254591363,0.7008808213453376,0.856662575054995,,
mock,de,en-de(synthetic),2,2,major_fluency,major,fluency,"0,1",4,"2,0,3,1",78540f0891c50a57,de_78540f0891c50a57_4,de_78540f0891c50a57_4_k2,46,48,False,0.7068499977502327,0.7008808213453376,0.725270885554113,,
mock,de,en-de(synthetic),4,0,none,,,,0,"2,0,3,1",78540f0891c50a57,de_78540f0891c50a57_4,de_78540f0891c50a57_4_k4,90,95,False,0.8387601787465486,0.8549326755608584,0.856662575054995,0.8432555845591287,0.8702500102642448
mock,de,en-de(synthetic),4,1,minor_accuracy,minor,accuracy,2,1,"2,0,3,1",78540f0891c50a57,de_78540f0891c50a57_4,de_78540f0891c50a57_4_k4,90,95,False,0.83760377617092,0.8549326755608584,0.856662575054995,0.7867631467248619,0.8702500102642448
mock,de,en-de(synthetic),4,2,minor_accuracy,minor,accuracy,"0,2",2,"2,0,3,1",78540f0891c50a57,de_78540f0891c50a57_4,de_78540f0891c50a57_4_k4,90,95,False,0.8264674867635854,0.8066335564282541,0.856662575054995,0.7867631467248619,0.8702500102642448
mock,de,en-de(synthetic),4,3,minor_accuracy,minor,accuracy,"0,2,3",3,"2,0,3,1",78540f0891c50a57,de_78540f0891c50a57_4,de_78540f0891c50a57_4_k4,90,95,False,0.8167494062513698,0.8066335564282541,0.856662575054995,0.7867631467248619,0.7989262537455846
mock,de,en-de(synthetic),4,4,minor_accuracy,minor,accuracy,"0,1,2,3",4,"2,0,3,1",78540f0891c50a57,de_78540f0891c50a57_4,de_78540f0891c50a57_4_k4,90,95,False,0.7759662817611649,0.8066335564282541,0.7561685175312574,0.7867631467248619,0.7989262537455846
mock,de,en-de(synthetic),4,1,minor_fluency,minor,fluency,2,1,"2,0,3,1",78540f0891c50a57,de_78540f0891c50a57_4,de_78540f0891c50a57_4_k4,90,95,False,0.8343999365803608,0.8549326755608584,0.856662575054995,0.7901089858033745,0.8702500102642448
mock,de,en-de(synthetic),4,2,minor_fluency,minor,fluency,"0,2",2,"2,0,3,1",78540f0891c50a57,de_78540f0891c50a57_4,de_78540f0891c50a57_4_k4,90,95,False,0.8282521024244959,0.7947350739556843,0.856662575054995,0.7901089858033745,0.8702500102642448
mock,de,en-de(synthetic),4,3,minor_fluency,minor,fluency,"0,2,3",3,"2,0,3,1",78540f0891c50a57,de_78540f0891c50a57_4,de_78540f0891c50a57_4_k4,90,95,False,0.8138791824256436,0.7947350739556843,0.856662575054995,0.7901089858033745,0.8160362874272059
mock,de,en-de(synthetic),4,4,minor_fluency,minor,fluency,"0,1,2,3",4,"2,0,3,1",78540f0891c50a57,de_78540f0891c50a57_4,de_78540f0891c50a57_4_k4,90,95,False,0.7911054788792422,0.7947350739556843,0.801447966619516,0.7901089858033745,0.8160362874272059
mock,de,en-de(synthetic),4,1,major_accuracy,major,accuracy,2,1,"2,0,3,1",78540f0891c50a57,de_78540f0891c50a57_4,de_78540f0891c50a57_4_k4,90,95,False,0.6678196876952024,0.8549326755608584,0.856662575054995,0.5087231561943879,0.8702500102642448
mock,de,en-de(synthetic),4,2,major_accuracy,major,accuracy,"0,2",2,"2,0,3,1",78540f0891c50a57,de_78540f0891c50a57_4,de_78540f0891c50a57_4_k4,90,95,False,0.6104321189365522,0.5457292930828213,0.856662575054995,0.5087231561943879,0.8702500102642448
mock,de,en-de(synthetic),4,3,major_accuracy,major,accuracy,"0,2,3",3,"2,0,3,1",78540f0891c50a57,de_78540f0891c50a57_4,de_78540f0891c50a57_4_k4,90,95,False,0.55872528897962,0.5457292930828213,0.856662575054995,0.5087231561943879,0.5238606520904696
mock,de,en-de(synthetic),4,4,major_accuracy,major,accuracy,"0,1,2,3",4,"2,0,3,1",78540f0891c50a57,de_78540f0891c50a57_4,de_78540f0891c50a57_4_k4,90,95,False,0.5080383433957832,0.5457292930828213,0.49875538434041927,0.5087231561943879,0.5238606520904696
mock,de,en-de(synthetic),4,1,major_fluency,major,fluency,2,1,"2,0,3,1",78540f0891c50a57,de_78540f0891c50a57_4,de_78540f0891c50a57_4_k4,90,95,False,0.7953030324196452,0.8549326755608584,0.856662575054995,0.67268050189443,0.8702500102642448
mock,de,en-de(synthetic),4,2,major_fluency,major,fluency,"0,2",2,"2,0,3,1",78540f0891c50a57,de_78540f0891c50a57_4,de_78540f0891c50a57_4_k4,90,95,False,0.771585605624767,0.7008808213453376,0.856662575054995,0.67268050189443,0.8702500102642448
mock,de,en-de(synthetic),4,3,major_fluency,major,fluency,"0,2,3",3,"2,0,3,1",78540f0891c50a57,de_78540f0891c50a57_4,de_78540f0891c50a57_4_k4,90,95,False,0.7189799728181172,0.7008808213453376,0.856662575054995,0.67268050189443,0.6577784796684747
mock,de,en-de(synthetic),4,4,major_fluency,major,fluency,"0,1,2,3",4,"2,0,3,1",78540f0891c50a57,de_78540f0891c50a57_4,de_78540f0891c50a57_4_k4,90,95,False,0.6809112887763399,0.7008808213453376,0.725270885554113,0.67268050189443,0.6577784796684747
mock,de,en-de(synthetic),1,0,none,,,,0,"3,2,1,0",6f6a57bcea9bc00e,de_6f6a57bcea9bc00e_4,de_6f6a57bcea9bc00e_4_k1,24,25,False,0.8880397036695085,0.8880397036695085,,,
mock,de,en-de(synthetic),1,1,minor_accuracy,minor,accuracy,0,4,"3,2,1,0",6f6a57bcea9bc00e,de_6f6a57bcea9bc00e_4,de_6f6a57bcea9bc00e_4_k1,24,25,False,0.7547767910561618,0.7547767910561618,,,
mock,de,en-de(synthetic),1,1,minor_fluency,minor,fluency,0,4,"3,2,1,0",6f6a57bcea9bc00e,de_6f6a57bcea9bc00e_4,de_6f6a57bcea9bc00e_4_k1,24,25,False,0.8220755197620162,0.8220755197620162,,,
mock,de,en-de(synthetic),1,1,major_accuracy,major,accuracy,0,4,"3,2,1,0",6f6a57bcea9bc00e,de_6f6a57bcea9bc00e_4,de_6f6a57bcea9bc00e_4_k1,24,25,False,0.565410616733953,0.565410616733953,,,
mock,de,en-de(synthetic),1,1,major_fluency,major,fluency,0,4,"3,2,1,0",6f6a57bcea9bc00e,de_6f6a57bcea9bc00e_4,de_6f6a57bcea9bc00e_4_k1,24,25,False,0.7408696103078452,0.7408696103078452,,,
mock,de,en-de(synthetic),2,0,none,,,,0,"3,2,1,0",6f6a57bcea9bc00e,de_6f6a57bcea9bc00e_4,de_6f6a57bcea9bc00e_4_k2,46,48,False,0.8896637004717098,0.8880397036695085,0.8518368946807988,,
mock,de,en-de(synthetic),2,1,minor_accuracy,minor,accuracy,1,3,"3,2,1,0",6f6a57bcea9bc00e,de_6f6a57bcea9bc00e_4,de_6f6a57bcea9bc00e_4_k2,46,48,False,0.8213227128720624,0.8880397036695085,0.7706206122054182,,
mock,de,en-de(synthetic),2,2,minor_accuracy,minor,accuracy,"0,1",4,"3,2,1,0",6f6a57bcea9bc00e,de_6f6a57bcea9bc00e_4,de_6f6a57bcea9bc00e_4_k2,46,48,False,0.7459342101983378,0.7547767910561618,0.7706206122054182,,
mock,de,en-de(synthetic),2,1,minor_fluency,minor,fluency,1,3,"3,2,1,0",6f6a57bcea9bc00e,de_6f6a57bcea9bc00e_4,de_6f6a57bcea9bc00e_4_k2,46,48,False,0.8410032144889158,0.8880397036695085,0.843735335927103,,
mock,de,en-de(synthetic),2,2,minor_fluency,minor,fluency,"0,1",4,"3,2,1,0",6f6a57bcea9bc00e,de_6f6a57bcea9bc00e_4,de_6f6a57bcea9bc00e_4_k2,46,48,False,0.8271766066822877,0.8220755197620162,0.843735335927103,,
mock,de,en-de(synthetic),2,1,major_accuracy,major,accuracy,1,3,"3,2,1,0",6f6a57bcea9bc00e,de_6f6a57bcea9bc00e_4,de_6f6a57bcea9bc00e_4_k2,46,48,False,0.6400833477403387,0.8880397036695085,0.5505514438615746,,
mock,de,en-de(synthetic),2,2,major_accuracy,major,accuracy,"0,1",4,"3,2,1,0",6f6a57bcea9bc00e,de_6f6a57bcea9bc00e_4,de_6f6a57bcea9bc00e_4_k2,46,48,False,0.5688638048980293,0.565410616733953,0.5505514438615746,,
mock,de,en-de(synthetic),2,1,major_fluency,major,fluency,1,3,"3,2,1,0",6f6a57bcea9bc00e,de_6f6a57bcea9bc00e_4,de_6f6a57bcea9bc00e_4_k2,46,48,False,0.7799474799599887,0.8880397036695085,0.7348684172559051,,
mock,de,en-de(synthetic),2,2,major_fluency,major,fluency,"0,1",4,"3,2,1,0",6f6a57bcea9bc00e,de_6f6a57bcea9bc00e_4,de_6f6a57bcea9bc00e_4_k2,46,48,False,0.7497888012330487,0.7408696103078452,0.7348684172559051,,
mock,de,en-de(synthetic),4,0,none,,,,0,"3,2,1,0",6f6a57bcea9bc00e,de_6f6a57bcea9bc00e_4,de_6f6a57bcea9bc00e_4_k4,90,95,False,0.8898715906448774,0.8880397036695085,0.8518368946807988,0.9006090959384321,0.853048432585
mock,de,en-de(synthetic),4,1,minor_accuracy,minor,accuracy,3,1,"3,2,1,0",6f6a57bcea9bc00e,de_6f6a57bcea9bc00e_4,de_6f6a57bcea9bc00e_4_k4,90,95,False,0.8584529155064826,0.8880397036695085,0.8518368946807988,0.9006090959384321,0.7731819801781441
mock,de,en-de(synthetic),4,2,minor_accuracy,minor,accuracy,"2,3",2,"3,2,1,0",6f6a57bcea9bc00e,de_6f6a57bcea9bc00e_4,de_6f6a57bcea9bc00e_4_k4,90,95,False,0.8230823913106254,0.8880397036695085,0.8518368946807988,0.8036132595748776,0.7731819801781441
mock,de,en-de(synthetic),4,3,minor_accuracy,minor,accuracy,"1,2,3",3,"3,2,1,0",6f6a57bcea9bc00e,de_6f6a57bcea9bc00e_4,de_6f6a57bcea9bc00e_4_k4,90,95,False,0.8049372568345714,0.8880397036695085,0.7706206122054182,0.8036132595748776,0.7731819801781441
mock,de,en-de(synthetic),4,4,minor_accuracy,minor,accuracy,"0,1,2,3",4,"3,2,1,0",6f6a57bcea9bc00e,de_6f6a57bcea9bc00e_4,de_6f6a57bcea9bc00e_4_k4,90,95,False,0.7879202239345594,0.7547767910561618,0.7706206122054182,0.8036132595748776,0.7731819801781441
mock,de,en-de(synthetic),4,1,minor_fluency,minor,fluency,3,1,"3,2,1,0",6f6a57bcea9bc00e,de_6f6a57bcea9bc00e_4,de_6f6a57bcea9bc00e_4_k4,90,95,False,0.8424900027586235,0.8880397036695085,0.8518368946807988,0.9006090959384321,0.7441824256526647
mock,de,en-de(synthetic),4,2,minor_fluency,minor,fluency,"2,3",2,"3,2,1,0",6f6a57bcea9bc00e,de_6f6a57bcea9bc00e_4,de_6f6a57bcea9bc00e_4_k4,90,95,False,0.8147816297822738,0.8880397036695085,0.8518368946807988,0.7812967548949946,0.7441824256526647
mock,de,en-de(synthetic),4,3,minor_fluency,minor,fluency,"1,2,3",3,"3,2,1,0",6f6a57bcea9bc00e,de_6f6a57bcea9bc00e_4,de_6f6a57bcea9bc00e_4_k4,90,95,False,0.7942621330487806,0.8880397036695085,0.843735335927103,0.7812967548949946,0.7441824256526647
mock,de,en-de(synthetic),4,4,minor_fluency,minor,fluency,"0,1,2,3",4,"3,2,1,0",6f6a57bcea9bc00e,de_6f6a57bcea9bc00e_4,de_6f6a57bcea9bc00e_4_k4,90,95,False,0.7934125822130609,0.8220755197620162,0.843735335927103,0.7812967548949946,0.7441824256526647
mock,de,en-de(synthetic),4,1,major_accuracy,major,accuracy,3,1,"3,2,1,0",6f6a57bcea9bc00e,de_6f6a57bcea9bc00e_4,de_6f6a57bcea9bc00e_4_k4,90,95,False,0.6919457263381953,0.8880397036695085,0.8518368946807988,0.9006090959384321,0.5470617179568109
mock,de,en-de(synthetic),4,2,major_accuracy,major,accuracy,"2,3",2,"3,2,1,0",6f6a57bcea9bc00e,de_6f6a57bcea9bc00e_4,de_6f6a57bcea9bc00e_4_k4,90,95,False,0.6057638235415489,0.8880397036695085,0.8518368946807988,0.49868380948139973,0.5470617179568109
mock,de,en-de(synthetic),4,3,major_accuracy,major,accuracy,"1,2,3",3,"3,2,1,0",6f6a57bcea9bc00e,de_6f6a57bcea9bc00e_4,de_6f6a57bcea9bc00e_4_k4,90,95,False,0.5531295177545751,0.8880397036695085,0.5505514438615746,0.49868380948139973,0.5470617179568109
mock,de,en-de(synthetic),4,4,major_accuracy,major,accuracy,"0,1,2,3",4,"3,2,1,0",6f6a57bcea9bc00e,de_6f6a57bcea9bc00e_4,de_6f6a57bcea9bc00e_4_k4,90,95,False,0.5328232227522036,0.565410616733953,0.5505514438615746,0.49868380948139973,0.5470617179568109
mock,de,en-de(synthetic),4,1,major_fluency,major,fluency,3,1,"3,2,1,0",6f6a57bcea9bc00e,de_6f6a57bcea9bc00e_4,de_6f6a57bcea9bc00e_4_k4,90,95,False,0.8143859140622606,0.8880397036695085,0.8518368946807988,0.9006090959384321,0.7151177768464115
mock,de,en-de(synthetic),4,2,major_fluency,major,fluency,"2,3",2,"3,2,1,0",6f6a57bcea9bc00e,de_6f6a57bcea9bc00e_4,de_6f6a57bcea9bc00e_4_k4,90,95,False,0.7504466545667045,0.8880397036695085,0.8518368946807988,0.6661950914819282,0.7151177768464115
mock,de,en-de(synthetic),4,3,major_fluency,major,fluency,"1,2,3",3,"3,2,1,0",6f6a57bcea9bc00e,de_6f6a57bcea9bc00e_4,de_6f6a57bcea9bc00e_4_k4,90,95,False,0.738100813069938,0.8880397036695085,0.7348684172559051,0.6661950914819282,0.7151177768464115
mock,de,en-de(synthetic),4,4,major_fluency,major,fluency,"0,1,2,3",4,"3,2,1,0",6f6a57bcea9bc00e,de_6f6a57bcea9bc00e_4,de_6f6a57bcea9bc00e_4_k4,90,95,False,0.7189632593060127,0.7408696103078452,0.7348684172559051,0.6661950914819282,0.7151177768464115
mock,de,en-de(synthetic),1,0,none,,,,0,"2,1,3,0",dc2f27b8b410ffda,de_dc2f27b8b410ffda_0,de_dc2f27b8b410ffda_0_k1,24,25,False,0.8343415887968041,0.8343415887968041,,,
mock,de,en-de(synthetic),1,1,minor_accuracy,minor,accuracy,0,4,"2,1,3,0",dc2f27b8b410ffda,de_dc2f27b8b410ffda_0,de_dc2f27b8b410ffda_0_k1,24,25,False,0.7693785456867588,0.7693785456867588,,,
mock,de,en-de(synthetic),1,1,minor_fluency,minor,fluency,0,4,"2,1,3,0",dc2f27b8b410ffda,de_dc2f27b8b410ffda_0,de_dc2f27b8b410ffda_0_k1,24,25,False,0.8073447967432332,0.8073447967432332,,,
mock,de,en-de(synthetic),1,1,major_accuracy,major,accuracy,0,4,"2,1,3,0",dc2f27b8b410ffda,de_dc2f27b8b410ffda_0,de_dc2f27b8b410ffda_0_k1,24,25,False,0.5917631457163031,0.5917631457163031,,,
mock,de,en-de(synthetic),1,1,major_fluency,major,fluency,0,4,"2,1,3,0",dc2f27b8b410ffda,de_dc2f27b8b410ffda_0,de_dc2f27b8b410ffda_0_k1,24,25,False,0.6651853789579861,0.6651853789579861,,,
mock,de,en-de(synthetic),2,0,none,,,,0,"2,1,3,0",dc2f27b8b410ffda,de_dc2f27b8b410ffda_0,de_dc2f27b8b410ffda_0_k2,46,48,False,0.8230971481484518,0.8343415887968041,0.8353286042183452,,
mock,de,en-de(synthetic),2,1,minor_accuracy,minor,accuracy,1,2,"2,1,3,0",dc2f27b8b410ffda,de_dc2f27b8b410ffda_0,de_dc2f27b8b410ffda_0_k2,46,48,False,0.7850277534321256,0.8343415887968041,0.736346198679381,,
mock,de,en-de(synthetic),2,2,minor_accuracy,minor,accuracy,"0,1",4,"2,1,3,0",dc2f27b8b410ffda,de_dc2f27b8b410ffda_0,de_dc2f27b8b410ffda_0_k2,46,48,False,0.7434060923614835,0.7693785456867588,0.736346198679381,,
mock,de,en-de(synthetic),2,1,minor_fluency,minor,fluency,1,2,"2,1,3,0",dc2f27b8b410ffda,de_dc2f27b8b410ffda_0,de_dc2f27b8b410ffda_0_k2,46,48,False,0.8271959408591263,0.8343415887968041,0.8101957058653922,,
mock,de,en-de(synthetic),2,2,minor_fluency,minor,fluency,"0,1",4,"2,1,3,0",dc2f27b8b410ffda,de_dc2f27b8b410ffda_0,de_dc2f27b8b410ffda_0_k2,46,48,False,0.8027201112018146,0.8073447967432332,0.8101957058653922,,
mock,de,en-de(synthetic),2,1,major_accuracy,major,accuracy,1,2,"2,1,3,0",dc2f27b8b410ffda,de_dc2f27b8b410ffda_0,de_dc2f27b8b410ffda_0_k2,46,48,False,0.654664635886223,0.8343415887968041,0.5726248245541967,,
mock,de,en-de(synthetic),2,2,major_accuracy,major,accuracy,"0,1",4,"2,1,3,0",dc2f27b8b410ffda,de_dc2f27b8b410ffda_0,de_dc2f27b8b410ffda_0_k2,46,48,False,0.5735651861166832,0.5917631457163031,0.5726248245541967,,
mock,de,en-de(synthetic),2,1,major_fluency,major,fluency,1,2,"2,1,3,0",dc2f27b8b410ffda,de_dc2f27b8b410ffda_0,de_dc2f27b8b410ffda_0_k2,46,48,False,0.7279586787271782,0.8343415887968041,0.6704810390364943,,
mock,de,en-de(synthetic),2,2,major_fluency,major,fluency,"0,1",4,"2,1,3,0",dc2f27b8b410ffda,de_dc2f27b8b410ffda_0,de_dc2f27b8b410ffda_0_k2,46,48,False,0.6685627418660172,0.6651853789579861,0.6704810390364943,,
mock,de,en-de(synthetic),4,0,none,,,,0,"2,1,3,0",dc2f27b8b410ffda,de_dc2f27b8b410ffda_0,de_dc2f27b8b410ffda_0_k4,90,95,False,0.8315766123384425,0.8343415887968041,0.8353286042183452,0.8476299694065608,0.8460451229247969
mock,de,en-de(synthetic),4,1,minor_accuracy,minor,accuracy,2,1,"2,1,3,0",dc2f27b8b410ffda,de_dc2f27b8b410ffda_0,de_dc2f27b8b410ffda_0_k4,90,95,False,0.8134676161534353,0.8343415887968041,0.8353286042183452,0.7564097324305041,0.8460451229247969
mock,de,en-de(synthetic),4,2,minor_accuracy,minor,accuracy,"1,2",2,"2,1,3,0",dc2f27b8b410ffda,de_dc2f27b8b410ffda_0,de_dc2f27b8b410ffda_0_k4,90,95,False,0.7858436079052474,0.8343415887968041,0.736346198679381,0.7564097324305041,0.8460451229247969
mock,de,en-de(synthetic),4,3,minor_accuracy,minor,accuracy,"1,2,3",3,"2,1,3,0",dc2f27b8b410ffda,de_dc2f27b8b410ffda_0,de_dc2f27b8b410ffda_0_k4,90,95,False,0.7872406932009817,0.8343415887968041,0.736346198679381,0.7564097324305041,0.8021478073189481
mock,de,en-de(synthetic),4,4,minor_accuracy,minor,accuracy,"0,1,2,3",4,"2,1,3,0",dc2f27b8b410ffda,de_dc2f27b8b410ffda_0,de_dc2f27b8b410ffda_0_k4,90,95,False,0.7467678876837498,0.7693785456867588,0.736346198679381,0.7564097324305041,0.8021478073189481
mock,de,en-de(synthetic),4,1,minor_fluency,minor,fluency,2,1,"2,1,3,0",dc2f27b8b410ffda,de_dc2f27b8b410ffda_0,de_dc2f27b8b410ffda_0_k4,90,95,False,0.8295663667101892,0.8343415887968041,0.8353286042183452,0.7816657443828324,0.8460451229247969
mock,de,en-de(synthetic),4,2,minor_fluency,minor,fluency,"1,2",2,"2,1,3,0",dc2f27b8b410ffda,de_dc2f27b8b410ffda_0,de_dc2f27b8b410ffda_0_k4,90,95,False,0.8179806853653833,0.8343415887968041,0.8101957058653922,0.7816657443828324,0.8460451229247969
mock,de,en-de(synthetic),4,3,minor_fluency,minor,fluency,"1,2,3",3,"2,1,3,0",dc2f27b8b410ffda,de_dc2f27b8b410ffda_0,de_dc2f27b8b410ffda_0_k4,90,95,False,0.8104215732920391,0.8343415887968041,0.8101957058653922,0.7816657443828324,0.7807776913568715
mock,de,en-de(synthetic),4,4,minor_fluency,minor,fluency,"0,1,2,3",4,"2,1,3,0",dc2f27b8b410ffda,de_dc2f27b8b410ffda_0,de_dc2f27b8b410ffda_0_k4,90,95,False,0.7830304961993254,0.8073447967432332,0.8101957058653922,0.7816657443828324,0.7807776913568715
mock,de,en-de(synthetic),4,1,major_accuracy,major,accuracy,2,1,"2,1,3,0",dc2f27b8b410ffda,de_dc2f27b8b410ffda_0,de_dc2f27b8b410ffda_0_k4,90,95,False,0.6677988072622513,0.8343415887968041,0.8353286042183452,0.5204894285159463,0.8460451229247969
mock,de,en-de(synthetic),4,2,major_accuracy,major,accuracy,"1,2",2,"2,1,3,0",dc2f27b8b410ffda,de_dc2f27b8b410ffda_0,de_dc2f27b8b410ffda_0_k4,90,95,False,0.623797443600247,0.8343415887968041,0.5726248245541967,0.5204894285159463,0.8460451229247969
mock,de,en-de(synthetic),4,3,major_accuracy,major,accuracy,"1,2,3",3,"2,1,3,0",dc2f27b8b410ffda,de_dc2f27b8b410ffda_0,de_dc2f27b8b410ffda_0_k4,90,95,False,0.5951087190552617,0.8343415887968041,0.5726248245541967,0.5204894285159463,0.5528360660290317
mock,de,en-de(synthetic),4,4,major_accuracy,major,accuracy,"0,1,2,3",4,"2,1,3,0",dc2f27b8b410ffda,de_dc2f27b8b410ffda_0,de_dc2f27b8b410ffda_0_k4,90,95,False,0.5617734308141478,0.5917631457163031,0.5726248245541967,0.5204894285159463,0.5528360660290317
mock,de,en-de(synthetic),4,1,major_fluency,major,fluency,2,1,"2,1,3,0",dc2f27b8b410ffda,de_dc2f27b8b410ffda_0,de_dc2f27b8b410ffda_0_k4,90,95,False,0.8070336798603472,0.8343415887968041,0.8353286042183452,0.7180794789064563,0.8460451229247969
mock,de,en-de(synthetic),4,2,major_fluency,major,fluency,"1,2",2,"2,1,3,0",dc2f27b8b410ffda,de_dc2f27b8b410ffda_0,de_dc2f27b8b410ffda_0_k4,90,95,False,0.7246741789336826,0.8343415887968041,0.6704810390364943,0.7180794789064563,0.8460451229247969
mock,de,en-de(synthetic),4,3,major_fluency,major,fluency,"1,2,3",3,"2,1,3,0",dc2f27b8b410ffda,de_dc2f27b8b410ffda_0,de_dc2f27b8b410ffda_0_k4,90,95,False,0.7347255241683373,0.8343415887968041,0.6704810390364943,0.7180794789064563,0.7528409188738979
mock,de,en-de(synthetic),4,4,major_fluency,major,fluency,"0,1,2,3",4,"2,1,3,0",dc2f27b8b410ffda,de_dc2f27b8b410ffda_0,de_dc2f27b8b410ffda_0_k4,90,95,False,0.668127055267081,0.6651853789579861,0.6704810390364943,0.7180794789064563,0.7528409188738979
mock,de,en-de(synthetic),1,0,none,,,,0,"0,1,2,3",13b62911b77b955c,de_13b62911b77b955c_4,de_13b62911b77b955c_4_k1,24,25,False,0.836692104781475,0.836692104781475,,,
mock,de,en-de(synthetic),1,1,minor_accuracy,minor,accuracy,0,1,"0,1,2,3",13b62911b77b955c,de_13b62911b77b955c_4,de_13b62911b77b955c_4_k1,24,25,False,0.7822280607721082,0.7822280607721082,,,
mock,de,en-de(synthetic),1,1,minor_fluency,minor,fluency,0,1,"0,1,2,3",13b62911b77b955c,de_13b62911b77b955c_4,de_13b62911b77b955c_4_k1,24,25,False,0.8096772040551514,0.8096772040551514,,,
mock,de,en-de(synthetic),1,1,major_accuracy,major,accuracy,0,1,"0,1,2,3",13b62911b77b955c,de_13b62911b77b955c_4,de_13b62911b77b955c_4_k1,24,25,False,0.5858103211002521,0.5858103211002521,,,
mock,de,en-de(synthetic),1,1,major_fluency,major,fluency,0,1,"0,1,2,3",13b62911b77b955c,de_13b62911b77b955c_4,de_13b62911b77b955c_4_k1,24,25,False,0.6494300274710177,0.6494300274710177,,,
mock,de,en-de(synthetic),2,0,none,,,,0,"0,1,2,3",13b62911b77b955c,de_13b62911b77b955c_4,de_13b62911b77b955c_4_k2,46,48,False,0.8368115055336659,0.836692104781475,0.8385745848886128,,
mock,de,en-de(synthetic),2,1,minor_accuracy,minor,accuracy,0,1,"0,1,2,3",13b62911b77b955c,de_13b62911b77b955c_4,de_13b62911b77b955c_4_k2,46,48,False,0.8087540569854605,0.7822280607721082,0.8385745848886128,,
mock,de,en-de(synthetic),2,2,minor_accuracy,minor,accuracy,"0,1",2,"0,1,2,3",13b62911b77b955c,de_13b62911b77b955c_4,de_13b62911b77b955c_4_k2,46,48,False,0.7873577435649605,0.7822280607721082,0.7923562159993457,,
mock,de,en-de(synthetic),2,1,minor_fluency,minor,fluency,0,1,"0,1,2,3",13b62911b77b955c,de_13b62911b77b955c_4,de_13b62911b77b955c_4_k2,46,48,False,0.8306086105468009,0.8096772040551514,0.8385745848886128,,
mock,de,en-de(synthetic),2,2,minor_fluency,minor,fluency,"0,1",2,"0,1,2,3",13b62911b77b955c,de_13b62911b77b955c_4,de_13b62911b77b955c_4_k2,46,48,False,0.7921730352734058,0.8096772040551514,0.7881595787374686,,
mock,de,en-de(synthetic),2,1,major_accuracy,major,accuracy,0,1,"0,1,2,3",13b62911b77b955c,de_13b62911b77b955c_4,de_13b62911b77b955c_4_k2,46,48,False,0.661776745823503,0.5858103211002521,0.8385745848886128,,
mock,de,en-de(synthetic),2,2,major_accuracy,major,accuracy,"0,1",2,"0,1,2,3",13b62911b77b955c,de_13b62911b77b955c_4,de_13b62911b77b955c_4_k2,46,48,False,0.5628833225998089,0.5858103211002521,0.5565067629748233,,
mock,de,en-de(synthetic),2,1,major_fluency,major,fluency,0,1,"0,1,2,3",13b62911b77b955c,de_13b62911b77b955c_4,de_13b62911b77b955c_4_k2,46,48,False,0.73362246484184,0.6494300274710177,0.8385745848886128,,
mock,de,en-de(synthetic),2,2,major_fluency,major,fluency,"0,1",2,"0,1,2,3",13b62911b77b955c,de_13b62911b77b955c_4,de_13b62911b77b955c_4_k2,46,48,False,0.6532245300404734,0.6494300274710177,0.6556263851767437,,
mock,de,en-de(synthetic),4,0,none,,,,0,"0,1,2,3",13b62911b77b955c,de_13b62911b77b955c_4,de_13b62911b77b955c_4_k4,90,95,False,0.8240669820928503,0.836692104781475,0.8385745848886128,0.8227257892367219,0.8272737619619
mock,de,en-de(synthetic),4,1,minor_accuracy,minor,accuracy,0,1,"0,1,2,3",13b62911b77b955c,de_13b62911b77b955c_4,de_13b62911b77b955c_4_k4,90,95,False,0.8196059038065584,0.7822280607721082,0.8385745848886128,0.8227257892367219,0.8272737619619
mock,de,en-de(synthetic),4,2,minor_accuracy,minor,accuracy,"0,1",2,"0,1,2,3",13b62911b77b955c,de_13b62911b77b955c_4,de_13b62911b77b955c_4_k4,90,95,False,0.8009322733083095,0.7822280607721082,0.7923562159993457,0.8227257892367219,0.8272737619619
mock,de,en-de(synthetic),4,3,minor_accuracy,minor,accuracy,"0,1,2",3,"0,1,2,3",13b62911b77b955c,de_13b62911b77b955c_4,de_13b62911b77b955c_4_k4,90,95,False,0.7977827222210929,0.7822280607721082,0.7923562159993457,0.7824709678273878,0.8272737619619
mock,de,en-de(synthetic),4,4,minor_accuracy,minor,accuracy,"0,1,2,3",4,"0,1,2,3",13b62911b77b955c,de_13b62911b77b955c_4,de_13b62911b77b955c_4_k4,90,95,False,0.7741836853272334,0.7822280607721082,0.7923562159993457,0.7824709678273878,0.8248374755468172
mock,de,en-de(synthetic),4,1,minor_fluency,minor,fluency,0,1,"0,1,2,3",13b62911b77b955c,de_13b62911b77b955c_4,de_13b62911b77b955c_4_k4,90,95,False,0.835295911343306,0.8096772040551514,0.8385745848886128,0.8227257892367219,0.8272737619619
mock,de,en-de(synthetic),4,2,minor_fluency,minor,fluency,"0,1",2,"0,1,2,3",13b62911b77b955c,de_13b62911b77b955c_4,de_13b62911b77b955c_4_k4,90,95,False,0.8253518501450446,0.8096772040551514,0.7881595787374686,0.8227257892367219,0.8272737619619
mock,de,en-de(synthetic),4,3,minor_fluency,minor,fluency,"0,1,2",3,"0,1,2,3",13b62911b77b955c,de_13b62911b77b955c_4,de_13b62911b77b955c_4_k4,90,95,False,0.8047813079135405,0.8096772040551514,0.7881595787374686,0.774188174419053,0.8272737619619
mock,de,en-de(synthetic),4,4,minor_fluency,minor,fluency,"0,1,2,3",4,"0,1,2,3",13b62911b77b955c,de_13b62911b77b955c_4,de_13b62911b77b955c_4_k4,90,95,False,0.7872600162691878,0.8096772040551514,0.7881595787374686,0.774188174419053,0.779529398137083
mock,de,en-de(synthetic),4,1,major_accuracy,major,accuracy,0,1,"0,1,2,3",13b62911b77b955c,de_13b62911b77b955c_4,de_13b62911b77b955c_4_k4,90,95,False,0.7087178673897594,0.5858103211002521,0.8385745848886128,0.8227257892367219,0.8272737619619
mock,de,en-de(synthetic),4,2,major_accuracy,major,accuracy,"0,1",2,"0,1,2,3",13b62911b77b955c,de_13b62911b77b955c_4,de_13b62911b77b955c_4_k4,90,95,False,0.6483973464575704,0.5858103211002521,0.5565067629748233,0.8227257892367219,0.8272737619619
mock,de,en-de(synthetic),4,3,major_accuracy,major,accuracy,"0,1,2",3,"0,1,2,3",13b62911b77b955c,de_13b62911b77b955c_4,de_13b62911b77b955c_4_k4,90,95,False,0.5852136130304704,0.5858103211002521,0.5565067629748233,0.5164717317045802,0.8272737619619
mock,de,en-de(synthetic),4,4,major_accuracy,major,accuracy,"0,1,2,3",4,"0,1,2,3",13b62911b77b955c,de_13b62911b77b955c_4,de_13b62911b77b955c_4_k4,90,95,False,0.5583358134691773,0.5858103211002521,0.5565067629748233,0.5164717317045802,0.584695032900715
mock,de,en-de(synthetic),4,1,major_fluency,major,fluency,0,1,"0,1,2,3",13b62911b77b955c,de_13b62911b77b955c_4,de_13b62911b77b955c_4_k4,90,95,False,0.7668618786772579,0.6494300274710177,0.8385745848886128,0.8227257892367219,0.8272737619619
mock,de,en-de(synthetic),4,2,major_fluency,major,fluency,"0,1",2,"0,1,2,3",13b62911b77b955c,de_13b62911b77b955c_4,de_13b62911b77b955c_4_k4,90,95,False,0.7134951696604287,0.6494300274710177,0.6556263851767437,0.8227257892367219,0.8272737619619
mock,de,en-de(synthetic),4,3,major_fluency,major,fluency,"0,1,2",3,"0,1,2,3",13b62911b77b955c,de_13b62911b77b955c_4,de_13b62911b77b955c_4_k4,90,95,False,0.6996207442470682,0.6494300274710177,0.6556263851767437,0.722943918562096,0.8272737619619
mock,de,en-de(synthetic),4,4,major_fluency,major,fluency,"0,1,2,3",4,"0,1,2,3",13b62911b77b955c,de_13b62911b77b955c_4,de_13b62911b77b955c_4_k4,90,95,False,0.6883919055953492,0.6494300274710177,0.6556263851767437,0.722943918562096,0.7800179691088702
mock,de,en-de(synthetic),1,0,none,,,,0,"3,1,2,0",45134e1c5930057c,de_45134e1c5930057c_4,de_45134e1c5930057c_4_k1,24,25,False,0.8143177246165669,0.8143177246165669,,,
mock,de,en-de(synthetic),1,1,minor_accuracy,minor,accuracy,0,4,"3,1,2,0",45134e1c5930057c,de_45134e1c5930057c_4,de_45134e1c5930057c_4_k1,24,25,False,0.7790147154326496,0.7790147154326496,,,
mock,de,en-de(synthetic),1,1,minor_fluency,minor,fluency,0,4,"3,1,2,0",45134e1c5930057c,de_45134e1c5930057c_4,de_45134e1c5930057c_4_k1,24,25,False,0.8009642082353622,0.8009642082353622,,,
mock,de,en-de(synthetic),1,1,major_accuracy,major,accuracy,0,4,"3,1,2,0",45134e1c5930057c,de_45134e1c5930057c_4,de_45134e1c5930057c_4_k1,24,25,False,0.5216222833853275,0.5216222833853275,,,
mock,de,en-de(synthetic),1,1,major_fluency,major,fluency,0,4,"3,1,2,0",45134e1c5930057c,de_45134e1c5930057c_4,de_45134e1c5930057c_4_k1,24,25,False,0.7450107171426186,0.7450107171426186,,,
mock,de,en-de(synthetic),2,0,none,,,,0,"3,1,2,0",45134e1c5930057c,de_45134e1c5930057c_4,de_45134e1c5930057c_4_k2,46,48,False,0.824194561018184,0.8143177246165669,0.8514583447261175,,
mock,de,en-de(synthetic),2,1,minor_accuracy,minor,accuracy,1,2,"3,1,2,0",45134e1c5930057c,de_45134e1c5930057c_4,de_45134e1c5930057c_4_k2,46,48,False,0.7971466236761525,0.8143177246165669,0.8048416197791898,,
mock,de,en-de(synthetic),2,2,minor_accuracy,minor,accuracy,"0,1",4,"3,1,2,0",45134e1c5930057c,de_45134e1c5930057c_4,de_45134e1c5930057c_4_k2,46,48,False,0.7957587194363928,0.7790147154326496,0.8048416197791898,,
mock,de,en-de(synthetic),2,1,minor_fluency,minor,fluency,1,2,"3,1,2,0",45134e1c5930057c,de_45134e1c5930057c_4,de_45134e1c5930057c_4_k2,46,48,False,0.7942083090955172,0.8143177246165669,0.8211294104412268,,
mock,de,en-de(synthetic),2,2,minor_fluency,minor,fluency,"0,1",4,"3,1,2,0",45134e1c5930057c,de_45134e1c5930057c_4,de_45134e1c5930057c_4_k2,46,48,False,0.8257430330324459,0.8009642082353622,0.8211294104412268,,
mock,de,en-de(synthetic),2,1,major_accuracy,major,accuracy,1,2,"3,1,2,0",45134e1c5930057c,de_45134e1c5930057c_4,de_45134e1c5930057c_4_k2,46,48,False,0.711310527186196,0.8143177246165669,0.6399744251370041,,
mock,de,en-de(synthetic),2,2,major_accuracy,major,accuracy,"0,1",4,"3,1,2,0",45134e1c5930057c,de_45134e1c5930057c_4,de_45134e1c5930057c_4_k2,46,48,False,0.5739335765981627,0.5216222833853275,0.6399744251370041,,
mock,de,en-de(synthetic),2,1,major_fluency,major,fluency,1,2,"3,1,2,0",45134e1c5930057c,de_45134e1c5930057c_4,de_45134e1c5930057c_4_k2,46,48,False,0.756874064456425,0.8143177246165669,0.6987101511665083,,
mock,de,en-de(synthetic),2,2,major_fluency,major,fluency,"0,1",4,"3,1,2,0",45134e1c5930057c,de_45134e1c5930057c_4,de_45134e1c5930057c_4_k2,46,48,False,0.7194957559632461,0.7450107171426186,0.6987101511665083,,
mock,de,en-de(synthetic),4,0,none,,,,0,"3,1,2,0",45134e1c5930057c,de_45134e1c5930057c_4,de_45134e1c5930057c_4_k4,90,95,False,0.8236026429981353,0.8143177246165669,0.8514583447261175,0.7905171359712523,0.8630675541751249
mock,de,en-de(synthetic),4,1,minor_accuracy,minor,accuracy,3,1,"3,1,2,0",45134e1c5930057c,de_45134e1c5930057c_4,de_45134e1c5930057c_4_k4,90,95,False,0.8186921996645721,0.8143177246165669,0.8514583447261175,0.7905171359712523,0.8259069601588108
mock,de,en-de(synthetic),4,2,minor_accuracy,minor,accuracy,"1,3",2,"3,1,2,0",45134e1c5930057c,de_45134e1c5930057c_4,de_45134e1c5930057c_4_k4,90,95,False,0.8031906398738458,0.8143177246165669,0.8048416197791898,0.7905171359712523,0.8259069601588108
mock,de,en-de(synthetic),4,3,minor_accuracy,minor,accuracy,"1,2,3",3,"3,1,2,0",45134e1c5930057c,de_45134e1c5930057c_4,de_45134e1c5930057c_4_k4,90,95,False,0.8025487492698739,0.8143177246165669,0.8048416197791898,0.8012492043104074,0.8259069601588108
mock,de,en-de(synthetic),4,4,minor_accuracy,minor,accuracy,"0,1,2,3",4,"3,1,2,0",45134e1c5930057c,de_45134e1c5930057c_4,de_45134e1c5930057c_4_k4,90,95,False,0.7933878110142691,0.7790147154326496,0.8048416197791898,0.8012492043104074,0.8259069601588108
mock,de,en-de(synthetic),4,1,minor_fluency,minor,fluency,3,1,"3,1,2,0",45134e1c5930057c,de_45134e1c5930057c_4,de_45134e1c5930057c_4_k4,90,95,False,0.8309554353899995,0.8143177246165669,0.8514583447261175,0.7905171359712523,0.8407358095065888
mock,de,en-de(synthetic),4,2,minor_fluency,minor,fluency,"1,3",2,"3,1,2,0",45134e1c5930057c,de_45134e1c5930057c_4,de_45134e1c5930057c_4_k4,90,95,False,0.8327185352928534,0.8143177246165669,0.8211294104412268,0.7905171359712523,0.8407358095065888
mock,de,en-de(synthetic),4,3,minor_fluency,minor,fluency,"1,2,3",3,"3,1,2,0",45134e1c5930057c,de_45134e1c5930057c_4,de_45134e1c5930057c_4_k4,90,95,False,0.8063858752065288,0.8143177246165669,0.8211294104412268,0.7776360074327323,0.8407358095065888
mock,de,en-de(synthetic),4,4,minor_fluency,minor,fluency,"0,1,2,3",4,"3,1,2,0",45134e1c5930057c,de_45134e1c5930057c_4,de_45134e1c5930057c_4_k4,90,95,False,0.7958496185079887,0.8009642082353622,0.8211294104412268,0.7776360074327323,0.8407358095065888
mock,de,en-de(synthetic),4,1,major_accuracy,major,accuracy,3,1,"3,1,2,0",45134e1c5930057c,de_45134e1c5930057c_4,de_45134e1c5930057c_4_k4,90,95,False,0.6890291182520942,0.8143177246165669,0.8514583447261175,0.7905171359712523,0.5653622638720754
mock,de,en-de(synthetic),4,2,major_accuracy,major,accuracy,"1,3",2,"3,1,2,0",45134e1c5930057c,de_45134e1c5930057c_4,de_45134e1c5930057c_4_k4,90,95,False,0.6508333269431847,0.8143177246165669,0.6399744251370041,0.7905171359712523,0.5653622638720754
mock,de,en-de(synthetic),4,3,major_accuracy,major,accuracy,"1,2,3",3,"3,1,2,0",45134e1c5930057c,de_45134e1c5930057c_4,de_45134e1c5930057c_4_k4,90,95,False,0.6272875951468627,0.8143177246165669,0.6399744251370041,0.6105081286611489,0.5653622638720754
mock,de,en-de(synthetic),4,4,major_accuracy,major,accuracy,"0,1,2,3",4,"3,1,2,0",45134e1c5930057c,de_45134e1c5930057c_4,de_45134e1c5930057c_4_k4,90,95,False,0.5852760177156678,0.5216222833853275,0.6399744251370041,0.6105081286611489,0.5653622638720754
mock,de,en-de(synthetic),4,1,major_fluency,major,fluency,3,1,"3,1,2,0",45134e1c5930057c,de_45134e1c5930057c_4,de_45134e1c5930057c_4_k4,90,95,False,0.7920199380077733,0.8143177246165669,0.8514583447261175,0.7905171359712523,0.7007223592158626
mock,de,en-de(synthetic),4,2,major_fluency,major,fluency,"1,3",2,"3,1,2,0",45134e1c5930057c,de_45134e1c5930057c_4,de_45134e1c5930057c_4_k4,90,95,False,0.7464754407188587,0.8143177246165669,0.6987101511665083,0.7905171359712523,0.7007223592158626
mock,de,en-de(synthetic),4,3,major_fluency,major,fluency,"1,2,3",3,"3,1,2,0",45134e1c5930057c,de_45134e1c5930057c_4,de_45134e1c5930057c_4_k4,90,95,False,0.7011998465235721,0.8143177246165669,0.6987101511665083,0.6589554273951638,0.7007223592158626
mock,de,en-de(synthetic),4,4,major_fluency,major,fluency,"0,1,2,3",4,"3,1,2,0",45134e1c5930057c,de_45134e1c5930057c_4,de_45134e1c5930057c_4_k4,90,95,False,0.6919611508420553,0.7450107171426186,0.6987101511665083,0.6589554273951638,0.7007223592158626
mock,de,en-de(synthetic),1,0,none,,,,0,"2,3,0,1",cc8aa7e2eeb9ed41,de_cc8aa7e2eeb9ed41_4,de_cc8aa7e2eeb9ed41_4_k1,24,25,False,0.8988067715541737,0.8988067715541737,,,
mock,de,en-de(synthetic),1,1,minor_accuracy,minor,accuracy,0,3,"2,3,0,1",cc8aa7e2eeb9ed41,de_cc8aa7e2eeb9ed41_4,de_cc8aa7e2eeb9ed41_4_k1,24,25,False,0.7607244826711392,0.7607244826711392,,,
mock,de,en-de(synthetic),1,1,minor_fluency,minor,fluency,0,3,"2,3,0,1",cc8aa7e2eeb9ed41,de_cc8aa7e2eeb9ed41_4,de_cc8aa7e2eeb9ed41_4_k1,24,25,False,0.7632114021495888,0.7632114021495888,,,
mock,de,en-de(synthetic),1,1,major_accuracy,major,accuracy,0,3,"2,3,0,1",cc8aa7e2eeb9ed41,de_cc8aa7e2eeb9ed41_4,de_cc8aa7e2eeb9ed41_4_k1,24,25,False,0.5408635786662368,0.5408635786662368,,,
mock,de,en-de(synthetic),1,1,major_fluency,major,fluency,0,3,"2,3,0,1",cc8aa7e2eeb9ed41,de_cc8aa7e2eeb9ed41_4,de_cc8aa7e2eeb9ed41_4_k1,24,25,False,0.6718440147063757,0.6718440147063757,,,
mock,de,en-de(synthetic),2,0,none,,,,0,"2,3,0,1",cc8aa7e2eeb9ed41,de_cc8aa7e2eeb9ed41_4,de_cc8aa7e2eeb9ed41_4_k2,46,48,False,0.8347494677879382,0.8988067715541737,0.811581051116198,,
mock,de,en-de(synthetic),2,1,minor_accuracy,minor,accuracy,0,3,"2,3,0,1",cc8aa7e2eeb9ed41,de_cc8aa7e2eeb9ed41_4,de_cc8aa7e2eeb9ed41_4_k2,46,48,False,0.7915268747157791,0.7607244826711392,0.811581051116198,,
mock,de,en-de(synthetic),2,2,minor_accuracy,minor,accuracy,"0,1",4,"2,3,0,1",cc8aa7e2eeb9ed41,de_cc8aa7e2eeb9ed41_4,de_cc8aa7e2eeb9ed41_4_k2,46,48,False,0.7887578129431632,0.7607244826711392,0.801232422539964,,
mock,de,en-de(synthetic),2,1,minor_fluency,minor,fluency,0,3,"2,3,0,1",cc8aa7e2eeb9ed41,de_cc8aa7e2eeb9ed41_4,de_cc8aa7e2eeb9ed41_4_k2,46,48,False,0.7963461159234996,0.7632114021495888,0.811581051116198,,
mock,de,en-de(synthetic),2,2,minor_fluency,minor,fluency,"0,1",4,"2,3,0,1",cc8aa7e2eeb9ed41,de_cc8aa7e2eeb9ed41_4,de_cc8aa7e2eeb9ed41_4_k2,46,48,False,0.7680148465437638,0.7632114021495888,0.7751036311971946,,
mock,de,en-de(synthetic),2,1,major_accuracy,major,accuracy,0,3,"2,3,0,1",cc8aa7e2eeb9ed41,de_cc8aa7e2eeb9ed41_4,de_cc8aa7e2eeb9ed41_4_k2,46,48,False,0.6002616223688141,0.5408635786662368,0.811581051116198,,
mock,de,en-de(synthetic),2,2,major_accuracy,major,accuracy,"0,1",4,"2,3,0,1",cc8aa7e2eeb9ed41,de_cc8aa7e2eeb9ed41_4,de_cc8aa7e2eeb9ed41_4_k2,46,48,False,0.5311424598154335,0.5408635786662368,0.5368046047510917,,
mock,de,en-de(synthetic),2,1,major_fluency,major,fluency,0,3,"2,3,0,1",cc8aa7e2eeb9ed41,de_cc8aa7e2eeb9ed41_4,de_cc8aa7e2eeb9ed41_4_k2,46,48,False,0.7216393200979272,0.6718440147063757,0.811581051116198,,
mock,de,en-de(synthetic),2,2,major_fluency,major,fluency,"0,1",4,"2,3,0,1",cc8aa7e2eeb9ed41,de_cc8aa7e2eeb9ed41_4,de_cc8aa7e2eeb9ed41_4_k2,46,48,False,0.6755516594665807,0.6718440147063757,0.7127034086823599,,
mock,de,en-de(synthetic),4,0,none,,,,0,"2,3,0,1",cc8aa7e2eeb9ed41,de_cc8aa7e2eeb9ed41_4,de_cc8aa7e2eeb9ed41_4_k4,90,95,False,0.8517208503071605,0.8988067715541737,0.811581051116198,0.8354827668548809,0.8830723859812001
mock,de,en-de(synthetic),4,1,minor_accuracy,minor,accuracy,2,1,"2,3,0,1",cc8aa7e2eeb9ed41,de_cc8aa7e2eeb9ed41_4,de_cc8aa7e2eeb9ed41_4_k4,90,95,False,0.8370056613681267,0.8988067715541737,0.811581051116198,0.7279116191682355,0.8830723859812001
mock,de,en-de(synthetic),4,2,minor_accuracy,minor,accuracy,"2,3",2,"2,3,0,1",cc8aa7e2eeb9ed41,de_cc8aa7e2eeb9ed41_4,de_cc8aa7e2eeb9ed41_4_k4,90,95,False,0.7796720268650403,0.8988067715541737,0.811581051116198,0.7279116191682355,0.7370410453847895
mock,de,en-de(synthetic),4,3,minor_accuracy,minor,accuracy,"0,2,3",3,"2,3,0,1",cc8aa7e2eeb9ed41,de_cc8aa7e2eeb9ed41_4,de_cc8aa7e2eeb9ed41_4_k4,90,95,False,0.7495479870746878,0.7607244826711392,0.811581051116198,0.7279116191682355,0.7370410453847895
mock,de,en-de(synthetic),4,4,minor_accuracy,minor,accuracy,"0,1,2,3",4,"2,3,0,1",cc8aa7e2eeb9ed41,de_cc8aa7e2eeb9ed41_4,de_cc8aa7e2eeb9ed41_4_k4,90,95,False,0.7566857525087303,0.7607244826711392,0.801232422539964,0.7279116191682355,0.7370410453847895
mock,de,en-de(synthetic),4,1,minor_fluency,minor,fluency,2,1,"2,3,0,1",cc8aa7e2eeb9ed41,de_cc8aa7e2eeb9ed41_4,de_cc8aa7e2eeb9ed41_4_k4,90,95,False,0.8482135123283787,0.8988067715541737,0.811581051116198,0.8256357027292626,0.8830723859812001
mock,de,en-de(synthetic),4,2,minor_fluency,minor,fluency,"2,3",2,"2,3,0,1",cc8aa7e2eeb9ed41,de_cc8aa7e2eeb9ed41_4,de_cc8aa7e2eeb9ed41_4_k4,90,95,False,0.826940129201746,0.8988067715541737,0.811581051116198,0.8256357027292626,0.8176301533498405
mock,de,en-de(synthetic),4,3,minor_fluency,minor,fluency,"0,2,3",3,"2,3,0,1",cc8aa7e2eeb9ed41,de_cc8aa7e2eeb9ed41_4,de_cc8aa7e2eeb9ed41_4_k4,90,95,False,0.7969528462786573,0.7632114021495888,0.811581051116198,0.8256357027292626,0.8176301533498405
mock,de,en-de(synthetic),4,4,minor_fluency,minor,fluency,"0,1,2,3",4,"2,3,0,1",cc8aa7e2eeb9ed41,de_cc8aa7e2eeb9ed41_4,de_cc8aa7e2eeb9ed41_4_k4,90,95,False,0.7966763109463856,0.7632114021495888,0.7751036311971946,0.8256357027292626,0.8176301533498405
mock,de,en-de(synthetic),4,1,major_accuracy,major,accuracy,2,1,"2,3,0,1",cc8aa7e2eeb9ed41,de_cc8aa7e2eeb9ed41_4,de_cc8aa7e2eeb9ed41_4_k4,90,95,False,0.6815745554584749,0.8988067715541737,0.811581051116198,0.5409092668914883,0.8830723859812001
mock,de,en-de(synthetic),4,2,major_accuracy,major,accuracy,"2,3",2,"2,3,0,1",cc8aa7e2eeb9ed41,de_cc8aa7e2eeb9ed41_4,de_cc8aa7e2eeb9ed41_4_k4,90,95,False,0.6006927686142443,0.8988067715541737,0.811581051116198,0.5409092668914883,0.5508551293436861
mock,de,en-de(synthetic),4,3,major_accuracy,major,accuracy,"0,2,3",3,"2,3,0,1",cc8aa7e2eeb9ed41,de_cc8aa7e2eeb9ed41_4,de_cc8aa7e2eeb9ed41_4_k4,90,95,False,0.5806368312499764,0.5408635786662368,0.811581051116198,0.5409092668914883,0.5508551293436861
mock,de,en-de(synthetic),4,4,major_accuracy,major,accuracy,"0,1,2,3",4,"2,3,0,1",cc8aa7e2eeb9ed41,de_cc8aa7e2eeb9ed41_4,de_cc8aa7e2eeb9ed41_4_k4,90,95,False,0.5329185565528496,0.5408635786662368,0.5368046047510917,0.5409092668914883,0.5508551293436861
mock,de,en-de(synthetic),4,1,major_fluency,major,fluency,2,1,"2,3,0,1",cc8aa7e2eeb9ed41,de_cc8aa7e2eeb9ed41_4,de_cc8aa7e2eeb9ed41_4_k4,90,95,False,0.8193100768654824,0.8988067715541737,0.811581051116198,0.7466267474316798,0.8830723859812001
mock,de,en-de(synthetic),4,2,major_fluency,major,fluency,"2,3",2,"2,3,0,1",cc8aa7e2eeb9ed41,de_cc8aa7e2eeb9ed41_4,de_cc8aa7e2eeb9ed41_4_k4,90,95,False,0.7798863179526685,0.8988067715541737,0.811581051116198,0.7466267474316798,0.7090642789157721
mock,de,en-de(synthetic),4,3,major_fluency,major,fluency,"0,2,3",3,"2,3,0,1",cc8aa7e2eeb9ed41,de_cc8aa7e2eeb9ed41_4,de_cc8aa7e2eeb9ed41_4_k4,90,95,False,0.7296436624036928,0.6718440147063757,0.811581051116198,0.7466267474316798,0.7090642789157721
mock,de,en-de(synthetic),4,4,major_fluency,major,fluency,"0,1,2,3",4,"2,3,0,1",cc8aa7e2eeb9ed41,de_cc8aa7e2eeb9ed41_4,de_cc8aa7e2eeb9ed41_4_k4,90,95,False,0.7076263702738289,0.6718440147063757,0.7127034086823599,0.7466267474316798,0.7090642789157721
mock,de,en-de(synthetic),1,0,none,,,,0,"1,3,2,0",c756225d2dde6ac0,de_c756225d2dde6ac0_4,de_c756225d2dde6ac0_4_k1,24,25,False,0.8801657295791284,0.8801657295791284,,,
mock,de,en-de(synthetic),1,1,minor_accuracy,minor,accuracy,0,4,"1,3,2,0",c756225d2dde6ac0,de_c756225d2dde6ac0_4,de_c756225d2dde6ac0_4_k1,24,25,False,0.7971746974554185,0.7971746974554185,,,
mock,de,en-de(synthetic),1,1,minor_fluency,minor,fluency,0,4,"1,3,2,0",c756225d2dde6ac0,de_c756225d2dde6ac0_4,de_c756225d2dde6ac0_4_k1,24,25,False,0.7628005713086976,0.7628005713086976,,,
mock,de,en-de(synthetic),1,1,major_accuracy,major,accuracy,0,4,"1,3,2,0",c756225d2dde6ac0,de_c756225d2dde6ac0_4,de_c756225d2dde6ac0_4_k1,24,25,False,0.5706344169347148,0.5706344169347148,,,
mock,de,en-de(synthetic),1,1,major_fluency,major,fluency,0,4,"1,3,2,0",c756225d2dde6ac0,de_c756225d2dde6ac0_4,de_c756225d2dde6ac0_4_k1,24,25,False,0.6872693452208308,0.6872693452208308,,,
mock,de,en-de(synthetic),2,0,none,,,,0,"1,3,2,0",c756225d2dde6ac0,de_c756225d2dde6ac0_4,de_c756225d2dde6ac0_4_k2,46,48,False,0.8391706693692983,0.8801657295791284,0.8257100472326696,,
mock,de,en-de(synthetic),2,1,minor_accuracy,minor,accuracy,1,1,"1,3,2,0",c756225d2dde6ac0,de_c756225d2dde6ac0_4,de_c756225d2dde6ac0_4_k2,46,48,False,0.8021382754940497,0.8801657295791284,0.7687941112345924,,
mock,de,en-de(synthetic),2,2,minor_accuracy,minor,accuracy,"0,1",4,"1,3,2,0",c756225d2dde6ac0,de_c756225d2dde6ac0_4,de_c756225d2dde6ac0_4_k2,46,48,False,0.7876392056962968,0.7971746974554185,0.7687941112345924,,
mock,de,en-de(synthetic),2,1,minor_fluency,minor,fluency,1,1,"1,3,2,0",c756225d2dde6ac0,de_c756225d2dde6ac0_4,de_c756225d2dde6ac0_4_k2,46,48,False,0.8037231112944888,0.8801657295791284,0.7457375456408633,,
mock,de,en-de(synthetic),2,2,minor_fluency,minor,fluency,"0,1",4,"1,3,2,0",c756225d2dde6ac0,de_c756225d2dde6ac0_4,de_c756225d2dde6ac0_4_k2,46,48,False,0.7516452526976057,0.7628005713086976,0.7457375456408633,,
mock,de,en-de(synthetic),2,1,major_accuracy,major,accuracy,1,1,"1,3,2,0",c756225d2dde6ac0,de_c756225d2dde6ac0_4,de_c756225d2dde6ac0_4_k2,46,48,False,0.580736473427827,0.8801657295791284,0.500187929804754,,
mock,de,en-de(synthetic),2,2,major_accuracy,major,accuracy,"0,1",4,"1,3,2,0",c756225d2dde6ac0,de_c756225d2dde6ac0_4,de_c756225d2dde6ac0_4_k2,46,48,False,0.5262125301526088,0.5706344169347148,0.500187929804754,,
mock,de,en-de(synthetic),2,1,major_fluency,major,fluency,1,1,"1,3,2,0",c756225d2dde6ac0,de_c756225d2dde6ac0_4,de_c756225d2dde6ac0_4_k2,46,48,False,0.7614700141626304,0.8801657295791284,0.6985449391519225,,
mock,de,en-de(synthetic),2,2,major_fluency,major,fluency,"0,1",4,"1,3,2,0",c756225d2dde6ac0,de_c756225d2dde6ac0_4,de_c756225d2dde6ac0_4_k2,46,48,False,0.719032749885193,0.6872693452208308,0.6985449391519225,,
mock,de,en-de(synthetic),4,0,none,,,,0,"1,3,2,0",c756225d2dde6ac0,de_c756225d2dde6ac0_4,de_c756225d2dde6ac0_4_k4,90,95,False,0.8737874627268044,0.8801657295791284,0.8257100472326696,0.8826776441270359,0.8944355939621211
mock,de,en-de(synthetic),4,1,minor_accuracy,minor,accuracy,1,1,"1,3,2,0",c756225d2dde6ac0,de_c756225d2dde6ac0_4,de_c756225d2dde6ac0_4_k4,90,95,False,0.8636037896137275,0.8801657295791284,0.7687941112345924,0.8826776441270359,0.8944355939621211
mock,de,en-de(synthetic),4,2,minor_accuracy,minor,accuracy,"1,3",2,"1,3,2,0",c756225d2dde6ac0,de_c756225d2dde6ac0_4,de_c756225d2dde6ac0_4_k4,90,95,False,0.8155703977356139,0.8801657295791284,0.7687941112345924,0.8826776441270359,0.7623742569014514
mock,de,en-de(synthetic),4,3,minor_accuracy,minor,accuracy,"1,2,3",3,"1,3,2,0",c756225d2dde6ac0,de_c756225d2dde6ac0_4,de_c756225d2dde6ac0_4_k4,90,95,False,0.791262956542434,0.8801657295791284,0.7687941112345924,0.8114381927478357,0.7623742569014514
mock,de,en-de(synthetic),4,4,minor_accuracy,minor,accuracy,"0,1,2,3",4,"1,3,2,0",c756225d2dde6ac0,de_c756225d2dde6ac0_4,de_c756225d2dde6ac0_4_k4,90,95,False,0.7747315680748516,0.7971746974554185,0.7687941112345924,0.8114381927478357,0.7623742569014514
mock,de,en-de(synthetic),4,1,minor_fluency,minor,fluency,1,1,"1,3,2,0",c756225d2dde6ac0,de_c756225d2dde6ac0_4,de_c756225d2dde6ac0_4_k4,90,95,False,0.8386787629933533,0.8801657295791284,0.7457375456408633,0.8826776441270359,0.8944355939621211
mock,de,en-de(synthetic),4,2,minor_fluency,minor,fluency,"1,3",2,"1,3,2,0",c756225d2dde6ac0,de_c756225d2dde6ac0_4,de_c756225d2dde6ac0_4_k4,90,95,False,0.8361896709236646,0.8801657295791284,0.7457375456408633,0.8826776441270359,0.8170572533300515
mock,de,en-de(synthetic),4,3,minor_fluency,minor,fluency,"1,2,3",3,"1,3,2,0",c756225d2dde6ac0,de_c756225d2dde6ac0_4,de_c756225d2dde6ac0_4_k4,90,95,False,0.7952673375095236,0.8801657295791284,0.7457375456408633,0.751619343196948,0.8170572533300515
mock,de,en-de(synthetic),4,4,minor_fluency,minor,fluency,"0,1,2,3",4,"1,3,2,0",c756225d2dde6ac0,de_c756225d2dde6ac0_4,de_c756225d2dde6ac0_4_k4,90,95,False,0.7624710753247379,0.7628005713086976,0.7457375456408633,0.751619343196948,0.8170572533300515
mock,de,en-de(synthetic),4,1,major_accuracy,major,accuracy,1,1,"1,3,2,0",c756225d2dde6ac0,de_c756225d2dde6ac0_4,de_c756225d2dde6ac0_4_k4,90,95,False,0.6768837355065219,0.8801657295791284,0.500187929804754,0.8826776441270359,0.8944355939621211
mock,de,en-de(synthetic),4,2,major_accuracy,major,accuracy,"1,3",2,"1,3,2,0",c756225d2dde6ac0,de_c756225d2dde6ac0_4,de_c756225d2dde6ac0_4_k4,90,95,False,0.6223921664431766,0.8801657295791284,0.500187929804754,0.8826776441270359,0.5670444357453615
mock,de,en-de(synthetic),4,3,major_accuracy,major,accuracy,"1,2,3",3,"1,3,2,0",c756225d2dde6ac0,de_c756225d2dde6ac0_4,de_c756225d2dde6ac0_4_k4,90,95,False,0.5653680153260279,0.8801657295791284,0.500187929804754,0.5654728557996604,0.5670444357453615
mock,de,en-de(synthetic),4,4,major_accuracy,major,accuracy,"0,1,2,3",4,"1,3,2,0",c756225d2dde6ac0,de_c756225d2dde6ac0_4,de_c756225d2dde6ac0_4_k4,90,95,False,0.5531246827851403,0.5706344169347148,0.500187929804754,0.5654728557996604,0.5670444357453615
mock,de,en-de(synthetic),4,1,major_fluency,major,fluency,1,1,"1,3,2,0",c756225d2dde6ac0,de_c756225d2dde6ac0_4,de_c756225d2dde6ac0_4_k4,90,95,False,0.8122041965303566,0.8801657295791284,0.6985449391519225,0.8826776441270359,0.8944355939621211
mock,de,en-de(synthetic),4,2,major_fluency,major,fluency,"1,3",2,"1,3,2,0",c756225d2dde6ac0,de_c756225d2dde6ac0_4,de_c756225d2dde6ac0_4_k4,90,95,False,0.7723938725700855,0.8801657295791284,0.6985449391519225,0.8826776441270359,0.7140918701205952
mock,de,en-de(synthetic),4,3,major_fluency,major,fluency,"1,2,3",3,"1,3,2,0",c756225d2dde6ac0,de_c756225d2dde6ac0_4,de_c756225d2dde6ac0_4_k4,90,95,False,0.7307149941899439,0.8801657295791284,0.6985449391519225,0.6881790822088438,0.7140918701205952
mock,de,en-de(synthetic),4,4,major_fluency,major,fluency,"0,1,2,3",4,"1,3,2,0",c756225d2dde6ac0,de_c756225d2dde6ac0_4,de_c756225d2dde6ac0_4_k4,90,95,False,0.694384133325408,0.6872693452208308,0.6985449391519225,0.6881790822088438,0.7140918701205952
mock,de,en-de(synthetic),1,0,none,,,,0,"3,2,1,0",cc8aa7e2eeb9ed41,de_cc8aa7e2eeb9ed41_0,de_cc8aa7e2eeb9ed41_0_k1,24,25,False,0.7942180313748866,0.7942180313748866,,,
mock,de,en-de(synthetic),1,1,minor_accuracy,minor,accuracy,0,4,"3,2,1,0",cc8aa7e2eeb9ed41,de_cc8aa7e2eeb9ed41_0,de_cc8aa7e2eeb9ed41_0_k1,24,25,False,0.7498246558615257,0.7498246558615257,,,
mock,de,en-de(synthetic),1,1,minor_fluency,minor,fluency,0,4,"3,2,1,0",cc8aa7e2eeb9ed41,de_cc8aa7e2eeb9ed41_0,de_cc8aa7e2eeb9ed41_0_k1,24,25,False,0.8113747669513933,0.8113747669513933,,,
mock,de,en-de(synthetic),1,1,major_accuracy,major,accuracy,0,4,"3,2,1,0",cc8aa7e2eeb9ed41,de_cc8aa7e2eeb9ed41_0,de_cc8aa7e2eeb9ed41_0_k1,24,25,False,0.5304956997527877,0.5304956997527877,,,
mock,de,en-de(synthetic),1,1,major_fluency,major,fluency,0,4,"3,2,1,0",cc8aa7e2eeb9ed41,de_cc8aa7e2eeb9ed41_0,de_cc8aa7e2eeb9ed41_0_k1,24,25,False,0.7035473090754866,0.7035473090754866,,,
mock,de,en-de(synthetic),2,0,none,,,,0,"3,2,1,0",cc8aa7e2eeb9ed41,de_cc8aa7e2eeb9ed41_0,de_cc8aa7e2eeb9ed41_0_k2,46,48,False,0.8301386757926004,0.7942180313748866,0.9066366227815067,,
mock,de,en-de(synthetic),2,1,minor_accuracy,minor,accuracy,1,3,"3,2,1,0",cc8aa7e2eeb9ed41,de_cc8aa7e2eeb9ed41_0,de_cc8aa7e2eeb9ed41_0_k2,46,48,False,0.8085127082615979,0.7942180313748866,0.8213824453841381,,
mock,de,en-de(synthetic),2,2,minor_accuracy,minor,accuracy,"0,1",4,"3,2,1,0",cc8aa7e2eeb9ed41,de_cc8aa7e2eeb9ed41_0,de_cc8aa7e2eeb9ed41_0_k2,46,48,False,0.7816308709758926,0.7498246558615257,0.8213824453841381,,
mock,de,en-de(synthetic),2,1,minor_fluency,minor,fluency,1,3,"3,2,1,0",cc8aa7e2eeb9ed41,de_cc8aa7e2eeb9ed41_0,de_cc8aa7e2eeb9ed41_0_k2,46,48,False,0.7819773846668283,0.7942180313748866,0.7718249323773451,,
mock,de,en-de(synthetic),2,2,minor_fluency,minor,fluency,"0,1",4,"3,2,1,0",cc8aa7e2eeb9ed41,de_cc8aa7e2eeb9ed41_0,de_cc8aa7e2eeb9ed41_0_k2,46,48,False,0.80464237003137,0.8113747669513933,0.7718249323773451,,
mock,de,en-de(synthetic),2,1,major_accuracy,major,accuracy,1,3,"3,2,1,0",cc8aa7e2eeb9ed41,de_cc8aa7e2eeb9ed41_0,de_cc8aa7e2eeb9ed41_0_k2,46,48,False,0.6115688117675904,0.7942180313748866,0.5438326538195764,,
mock,de,en-de(synthetic),2,2,major_accuracy,major,accuracy,"0,1",4,"3,2,1,0",cc8aa7e2eeb9ed41,de_cc8aa7e2eeb9ed41_0,de_cc8aa7e2eeb9ed41_0_k2,46,48,False,0.5364095013498376,0.5304956997527877,0.5438326538195764,,
mock,de,en-de(synthetic),2,1,major_fluency,major,fluency,1,3,"3,2,1,0",cc8aa7e2eeb9ed41,de_cc8aa7e2eeb9ed41_0,de_cc8aa7e2eeb9ed41_0_k2,46,48,False,0.7420169190171186,0.7942180313748866,0.6945636492189724,,
mock,de,en-de(synthetic),2,2,major_fluency,major,fluency,"0,1",4,"3,2,1,0",cc8aa7e2eeb9ed41,de_cc8aa7e2eeb9ed41_0,de_cc8aa7e2eeb9ed41_0_k2,46,48,False,0.7073500069325828,0.7035473090754866,0.6945636492189724,,
mock,de,en-de(synthetic),4,0,none,,,,0,"3,2,1,0",cc8aa7e2eeb9ed41,de_cc8aa7e2eeb9ed41_0,de_cc8aa7e2eeb9ed41_0_k4,90,95,False,0.8566500732189788,0.7942180313748866,0.9066366227815067,0.8401460836958492,0.89596949038744
mock,de,en-de(synthetic),4,1,minor_accuracy,minor,accuracy,3,1,"3,2,1,0",cc8aa7e2eeb9ed41,de_cc8aa7e2eeb9ed41_0,de_cc8aa7e2eeb9ed41_0_k4,90,95,False,0.812970664103657,0.7942180313748866,0.9066366227815067,0.8401460836958492,0.7698796562557053
mock,de,en-de(synthetic),4,2,minor_accuracy,minor,accuracy,"2,3",2,"3,2,1,0",cc8aa7e2eeb9ed41,de_cc8aa7e2eeb9ed41_0,de_cc8aa7e2eeb9ed41_0_k4,90,95,False,0.7883723031011107,0.7942180313748866,0.9066366227815067,0.7588728712173102,0.7698796562557053
mock,de,en-de(synthetic),4,3,minor_accuracy,minor,accuracy,"1,2,3",3,"3,2,1,0",cc8aa7e2eeb9ed41,de_cc8aa7e2eeb9ed41_0,de_cc8aa7e2eeb9ed41_0_k4,90,95,False,0.7773494527049457,0.7942180313748866,0.8213824453841381,0.7588728712173102,0.7698796562557053
mock,de,en-de(synthetic),4,4,minor_accuracy,minor,accuracy,"0,1,2,3",4,"3,2,1,0",cc8aa7e2eeb9ed41,de_cc8aa7e2eeb9ed41_0,de_cc8aa7e2eeb9ed41_0_k4,90,95,False,0.7721828206758107,0.7498246558615257,0.8213824453841381,0.7588728712173102,0.7698796562557053
mock,de,en-de(synthetic),4,1,minor_fluency,minor,fluency,3,1,"3,2,1,0",cc8aa7e2eeb9ed41,de_cc8aa7e2eeb9ed41_0,de_cc8aa7e2eeb9ed41_0_k4,90,95,False,0.8458412038653057,0.7942180313748866,0.9066366227815067,0.8401460836958492,0.8171921064524682
mock,de,en-de(synthetic),4,2,minor_fluency,minor,fluency,"2,3",2,"3,2,1,0",cc8aa7e2eeb9ed41,de_cc8aa7e2eeb9ed41_0,de_cc8aa7e2eeb9ed41_0_k4,90,95,False,0.8031916471492013,0.7942180313748866,0.9066366227815067,0.7677606618457271,0.8171921064524682
mock,de,en-de(synthetic),4,3,minor_fluency,minor,fluency,"1,2,3",3,"3,2,1,0",cc8aa7e2eeb9ed41,de_cc8aa7e2eeb9ed41_0,de_cc8aa7e2eeb9ed41_0_k4,90,95,False,0.774259443624348,0.7942180313748866,0.7718249323773451,0.7677606618457271,0.8171921064524682
mock,de,en-de(synthetic),4,4,minor_fluency,minor,fluency,"0,1,2,3",4,"3,2,1,0",cc8aa7e2eeb9ed41,de_cc8aa7e2eeb9ed41_0,de_cc8aa7e2eeb9ed41_0_k4,90,95,False,0.8059744949487062,0.8113747669513933,0.7718249323773451,0.7677606618457271,0.8171921064524682
mock,de,en-de(synthetic),4,1,major_accuracy,major,accuracy,3,1,"3,2,1,0",cc8aa7e2eeb9ed41,de_cc8aa7e2eeb9ed41_0,de_cc8aa7e2eeb9ed41_0_k4,90,95,False,0.6763902237941886,0.7942180313748866,0.9066366227815067,0.8401460836958492,0.5394151923434616
mock,de,en-de(synthetic),4,2,major_accuracy,major,accuracy,"2,3",2,"3,2,1,0",cc8aa7e2eeb9ed41,de_cc8aa7e2eeb9ed41_0,de_cc8aa7e2eeb9ed41_0_k4,90,95,False,0.6210731956664561,0.7942180313748866,0.9066366227815067,0.5556503854996275,0.5394151923434616
mock,de,en-de(synthetic),4,3,major_accuracy,major,accuracy,"1,2,3",3,"3,2,1,0",cc8aa7e2eeb9ed41,de_cc8aa7e2eeb9ed41_0,de_cc8aa7e2eeb9ed41_0_k4,90,95,False,0.5666977025516022,0.7942180313748866,0.5438326538195764,0.5556503854996275,0.5394151923434616
mock,de,en-de(synthetic),4,4,major_accuracy,major,accuracy,"0,1,2,3",4,"3,2,1,0",cc8aa7e2eeb9ed41,de_cc8aa7e2eeb9ed41_0,de_cc8aa7e2eeb9ed41_0_k4,90,95,False,0.531880376061333,0.5304956997527877,0.5438326538195764,0.5556503854996275,0.5394151923434616
mock,de,en-de(synthetic),4,1,major_fluency,major,fluency,3,1,"3,2,1,0",cc8aa7e2eeb9ed41,de_cc8aa7e2eeb9ed41_0,de_cc8aa7e2eeb9ed41_0_k4,90,95,False,0.8087176535008501,0.7942180313748866,0.9066366227815067,0.8401460836958492,0.7241579761675734
mock,de,en-de(synthetic),4,2,major_fluency,major,fluency,"2,3",2,"3,2,1,0",cc8aa7e2eeb9ed41,de_cc8aa7e2eeb9ed41_0,de_cc8aa7e2eeb9ed41_0_k4,90,95,False,0.7853677711959789,0.7942180313748866,0.9066366227815067,0.7502031517129678,0.7241579761675734
mock,de,en-de(synthetic),4,3,major_fluency,major,fluency,"1,2,3",3,"3,2,1,0",cc8aa7e2eeb9ed41,de_cc8aa7e2eeb9ed41_0,de_cc8aa7e2eeb9ed41_0_k4,90,95,False,0.7490031230621735,0.7942180313748866,0.6945636492189724,0.7502031517129678,0.7241579761675734
mock,de,en-de(synthetic),4,4,major_fluency,major,fluency,"0,1,2,3",4,"3,2,1,0",cc8aa7e2eeb9ed41,de_cc8aa7e2eeb9ed41_0,de_cc8aa7e2eeb9ed41_0_k4,90,95,False,0.7138803748483781,0.7035473090754866,0.6945636492189724,0.7502031517129678,0.7241579761675734
mock,de,en-de(synthetic),1,0,none,,,,0,"3,2,1,0",030ef2c89e37167d,de_030ef2c89e37167d_4,de_030ef2c89e37167d_4_k1,24,25,False,0.8790159632196983,0.8790159632196983,,,
mock,de,en-de(synthetic),1,1,minor_accuracy,minor,accuracy,0,4,"3,2,1,0",030ef2c89e37167d,de_030ef2c89e37167d_4,de_030ef2c89e37167d_4_k1,24,25,False,0.754324181761814,0.754324181761814,,,
mock,de,en-de(synthetic),1,1,minor_fluency,minor,fluency,0,4,"3,2,1,0",030ef2c89e37167d,de_030ef2c89e37167d_4,de_030ef2c89e37167d_4_k1,24,25,False,0.8178848777906277,0.8178848777906277,,,
mock,de,en-de(synthetic),1,1,major_accuracy,major,accuracy,0,4,"3,2,1,0",030ef2c89e37167d,de_030ef2c89e37167d_4,de_030ef2c89e37167d_4_k1,24,25,False,0.5432144441118352,0.5432144441118352,,,
mock,de,en-de(synthetic),1,1,major_fluency,major,fluency,0,4,"3,2,1,0",030ef2c89e37167d,de_030ef2c89e37167d_4,de_030ef2c89e37167d_4_k1,24,25,False,0.6667441263063305,0.6667441263063305,,,
mock,de,en-de(synthetic),2,0,none,,,,0,"3,2,1,0",030ef2c89e37167d,de_030ef2c89e37167d_4,de_030ef2c89e37167d_4_k2,46,48,False,0.8897490428126201,0.8790159632196983,0.8653872148554345,,
mock,de,en-de(synthetic),2,1,minor_accuracy,minor,accuracy,1,3,"3,2,1,0",030ef2c89e37167d,de_030ef2c89e37167d_4,de_030ef2c89e37167d_4_k2,46,48,False,0.8688731068211772,0.8790159632196983,0.8382533490348839,,
mock,de,en-de(synthetic),2,2,minor_accuracy,minor,accuracy,"0,1",4,"3,2,1,0",030ef2c89e37167d,de_030ef2c89e37167d_4,de_030ef2c89e37167d_4_k2,46,48,False,0.7862249370255974,0.754324181761814,0.8382533490348839,,
mock,de,en-de(synthetic),2,1,minor_fluency,minor,fluency,1,3,"3,2,1,0",030ef2c89e37167d,de_030ef2c89e37167d_4,de_030ef2c89e37167d_4_k2,46,48,False,0.8232876208535579,0.8790159632196983,0.7693319690583005,,
mock,de,en-de(synthetic),2,2,minor_fluency,minor,fluency,"0,1",4,"3,2,1,0",030ef2c89e37167d,de_030ef2c89e37167d_4,de_030ef2c89e37167d_4_k2,46,48,False,0.7877697523586292,0.8178848777906277,0.7693319690583005,,
mock,de,en-de(synthetic),2,1,major_accuracy,major,accuracy,1,3,"3,2,1,0",030ef2c89e37167d,de_030ef2c89e37167d_4,de_030ef2c89e37167d_4_k2,46,48,False,0.6601486959790916,0.8790159632196983,0.5634293440247526,,
mock,de,en-de(synthetic),2,2,major_accuracy,major,accuracy,"0,1",4,"3,2,1,0",030ef2c89e37167d,de_030ef2c89e37167d_4,de_030ef2c89e37167d_4_k2,46,48,False,0.5460456365515606,0.5432144441118352,0.5634293440247526,,
mock,de,en-de(synthetic),2,1,major_fluency,major,fluency,1,3,"3,2,1,0",030ef2c89e37167d,de_030ef2c89e37167d_4,de_030ef2c89e37167d_4_k2,46,48,False,0.7267229450717494,0.8790159632196983,0.6699062419196625,,
mock,de,en-de(synthetic),2,2,major_fluency,major,fluency,"0,1",4,"3,2,1,0",030ef2c89e37167d,de_030ef2c89e37167d_4,de_030ef2c89e37167d_4_k2,46,48,False,0.6609165441173243,0.6667441263063305,0.6699062419196625,,
mock,de,en-de(synthetic),4,0,none,,,,0,"3,2,1,0",030ef2c89e37167d,de_030ef2c89e37167d_4,de_030ef2c89e37167d_4_k4,90,95,False,0.872142960879874,0.8790159632196983,0.8653872148554345,0.8705216415801618,0.8543966783557541
mock,de,en-de(synthetic),4,1,minor_accuracy,minor,accuracy,3,1,"3,2,1,0",030ef2c89e37167d,de_030ef2c89e37167d_4,de_030ef2c89e37167d_4_k4,90,95,False,0.8434096884213969,0.8790159632196983,0.8653872148554345,0.8705216415801618,0.7780264603089879
mock,de,en-de(synthetic),4,2,minor_accuracy,minor,accuracy,"2,3",2,"3,2,1,0",030ef2c89e37167d,de_030ef2c89e37167d_4,de_030ef2c89e37167d_4_k4,90,95,False,0.8202975067658483,0.8790159632196983,0.8653872148554345,0.7520452661541839,0.7780264603089879
mock,de,en-de(synthetic),4,3,minor_accuracy,minor,accuracy,"1,2,3",3,"3,2,1,0",030ef2c89e37167d,de_030ef2c89e37167d_4,de_030ef2c89e37167d_4_k4,90,95,False,0.793964502081861,0.8790159632196983,0.8382533490348839,0.7520452661541839,0.7780264603089879
mock,de,en-de(synthetic),4,4,minor_accuracy,minor,accuracy,"0,1,2,3",4,"3,2,1,0",030ef2c89e37167d,de_030ef2c89e37167d_4,de_030ef2c89e37167d_4_k4,90,95,False,0.7883694186327949,0.754324181761814,0.8382533490348839,0.7520452661541839,0.7780264603089879
mock,de,en-de(synthetic),4,1,minor_fluency,minor,fluency,3,1,"3,2,1,0",030ef2c89e37167d,de_030ef2c89e37167d_4,de_030ef2c89e37167d_4_k4,90,95,False,0.8671626181184925,0.8790159632196983,0.8653872148554345,0.8705216415801618,0.7957403277881991
mock,de,en-de(synthetic),4,2,minor_fluency,minor,fluency,"2,3",2,"3,2,1,0",030ef2c89e37167d,de_030ef2c89e37167d_4,de_030ef2c89e37167d_4_k4,90,95,False,0.8300646943441371,0.8790159632196983,0.8653872148554345,0.7748243356959426,0.7957403277881991
mock,de,en-de(synthetic),4,3,minor_fluency,minor,fluency,"1,2,3",3,"3,2,1,0",030ef2c89e37167d,de_030ef2c89e37167d_4,de_030ef2c89e37167d_4_k4,90,95,False,0.805054804065701,0.8790159632196983,0.7693319690583005,0.7748243356959426,0.7957403277881991
mock,de,en-de(synthetic),4,4,minor_fluency,minor,fluency,"0,1,2,3",4,"3,2,1,0",030ef2c89e37167d,de_030ef2c89e37167d_4,de_030ef2c89e37167d_4_k4,90,95,False,0.797583719122066,0.8178848777906277,0.7693319690583005,0.7748243356959426,0.7957403277881991
mock,de,en-de(synthetic),4,1,major_accuracy,major,accuracy,3,1,"3,2,1,0",030ef2c89e37167d,de_030ef2c89e37167d_4,de_030ef2c89e37167d_4_k4,90,95,False,0.6995516186140541,0.8790159632196983,0.8653872148554345,0.8705216415801618,0.5223603844268958
mock,de,en-de(synthetic),4,2,major_accuracy,major,accuracy,"2,3",2,"3,2,1,0",030ef2c89e37167d,de_030ef2c89e37167d_4,de_030ef2c89e37167d_4_k4,90,95,False,0.6194224183354837,0.8790159632196983,0.8653872148554345,0.5538174114909331,0.5223603844268958
mock,de,en-de(synthetic),4,3,major_accuracy,major,accuracy,"1,2,3",3,"3,2,1,0",030ef2c89e37167d,de_030ef2c89e37167d_4,de_030ef2c89e37167d_4_k4,90,95,False,0.5736440795182599,0.8790159632196983,0.5634293440247526,0.5538174114909331,0.5223603844268958
mock,de,en-de(synthetic),4,4,major_accuracy,major,accuracy,"0,1,2,3",4,"3,2,1,0",030ef2c89e37167d,de_030ef2c89e37167d_4,de_030ef2c89e37167d_4_k4,90,95,False,0.5575828590576394,0.5432144441118352,0.5634293440247526,0.5538174114909331,0.5223603844268958
mock,de,en-de(synthetic),4,1,major_fluency,major,fluency,3,1,"3,2,1,0",030ef2c89e37167d,de_030ef2c89e37167d_4,de_030ef2c89e37167d_4_k4,90,95,False,0.8019635360180628,0.8790159632196983,0.8653872148554345,0.8705216415801618,0.684758676454147
mock,de,en-de(synthetic),4,2,major_fluency,major,fluency,"2,3",2,"3,2,1,0",030ef2c89e37167d,de_030ef2c89e37167d_4,de_030ef2c89e37167d_4_k4,90,95,False,0.7418138672388085,0.8790159632196983,0.8653872148554345,0.6515783144279527,0.684758676454147
mock,de,en-de(synthetic),4,3,major_fluency,major,fluency,"1,2,3",3,"3,2,1,0",030ef2c89e37167d,de_030ef2c89e37167d_4,de_030ef2c89e37167d_4_k4,90,95,False,0.6773971014972828,0.8790159632196983,0.6699062419196625,0.6515783144279527,0.684758676454147
mock,de,en-de(synthetic),4,4,major_fluency,major,fluency,"0,1,2,3",4,"3,2,1,0",030ef2c89e37167d,de_030ef2c89e37167d_4,de_030ef2c89e37167d_4_k4,90,95,False,0.6795491766145518,0.6667441263063305,0.6699062419196625,0.6515783144279527,0.684758676454147
mock,de,en-de(synthetic),1,0,none,,,,0,"0,1,2,3",db8f894f0fc2b57e,de_db8f894f0fc2b57e_4,de_db8f894f0fc2b57e_4_k1,24,25,False,0.820633400675188,0.820633400675188,,,
mock,de,en-de(synthetic),1,1,minor_accuracy,minor,accuracy,0,1,"0,1,2,3",db8f894f0fc2b57e,de_db8f894f0fc2b57e_4,de_db8f894f0fc2b57e_4_k1,24,25,False,0.7334573581903863,0.7334573581903863,,,
mock,de,en-de(synthetic),1,1,minor_fluency,minor,fluency,0,1,"0,1,2,3",db8f894f0fc2b57e,de_db8f894f0fc2b57e_4,de_db8f894f0fc2b57e_4_k1,24,25,False,0.8212173192805797,0.8212173192805797,,,
mock,de,en-de(synthetic),1,1,major_accuracy,major,accuracy,0,1,"0,1,2,3",db8f894f0fc2b57e,de_db8f894f0fc2b57e_4,de_db8f894f0fc2b57e_4_k1,24,25,False,0.5426898468886496,0.5426898468886496,,,
mock,de,en-de(synthetic),1,1,major_fluency,major,fluency,0,1,"0,1,2,3",db8f894f0fc2b57e,de_db8f894f0fc2b57e_4,de_db8f894f0fc2b57e_4_k1,24,25,False,0.7216591020342928,0.7216591020342928,,,
mock,de,en-de(synthetic),2,0,none,,,,0,"0,1,2,3",db8f894f0fc2b57e,de_db8f894f0fc2b57e_4,de_db8f894f0fc2b57e_4_k2,46,48,False,0.8470244242670615,0.820633400675188,0.8840651811497028,,
mock,de,en-de(synthetic),2,1,minor_accuracy,minor,accuracy,0,1,"0,1,2,3",db8f894f0fc2b57e,de_db8f894f0fc2b57e_4,de_db8f894f0fc2b57e_4_k2,46,48,False,0.7866620001759812,0.7334573581903863,0.8840651811497028,,
mock,de,en-de(synthetic),2,2,minor_accuracy,minor,accuracy,"0,1",2,"0,1,2,3",db8f894f0fc2b57e,de_db8f894f0fc2b57e_4,de_db8f894f0fc2b57e_4_k2,46,48,False,0.7572578637736699,0.7334573581903863,0.7820578650751117,,
mock,de,en-de(synthetic),2,1,minor_fluency,minor,fluency,0,1,"0,1,2,3",db8f894f0fc2b57e,de_db8f894f0fc2b57e_4,de_db8f894f0fc2b57e_4_k2,46,48,False,0.8614781659329008,0.8212173192805797,0.8840651811497028,,
mock,de,en-de(synthetic),2,2,minor_fluency,minor,fluency,"0,1",2,"0,1,2,3",db8f894f0fc2b57e,de_db8f894f0fc2b57e_4,de_db8f894f0fc2b57e_4_k2,46,48,False,0.7917098937639626,0.8212173192805797,0.7929312009472316,,
mock,de,en-de(synthetic),2,1,major_accuracy,major,accuracy,0,1,"0,1,2,3",db8f894f0fc2b57e,de_db8f894f0fc2b57e_4,de_db8f894f0fc2b57e_4_k2,46,48,False,0.6138263287171578,0.5426898468886496,0.8840651811497028,,
mock,de,en-de(synthetic),2,2,major_accuracy,major,accuracy,"0,1",2,"0,1,2,3",db8f894f0fc2b57e,de_db8f894f0fc2b57e_4,de_db8f894f0fc2b57e_4_k2,46,48,False,0.5499228751225862,0.5426898468886496,0.5611096560680358,,
mock,de,en-de(synthetic),2,1,major_fluency,major,fluency,0,1,"0,1,2,3",db8f894f0fc2b57e,de_db8f894f0fc2b57e_4,de_db8f894f0fc2b57e_4_k2,46,48,False,0.7895944531186136,0.7216591020342928,0.8840651811497028,,
mock,de,en-de(synthetic),2,2,major_fluency,major,fluency,"0,1",2,"0,1,2,3",db8f894f0fc2b57e,de_db8f894f0fc2b57e_4,de_db8f894f0fc2b57e_4_k2,46,48,False,0.7221807471248134,0.7216591020342928,0.7354786534034338,,
mock,de,en-de(synthetic),4,0,none,,,,0,"0,1,2,3",db8f894f0fc2b57e,de_db8f894f0fc2b57e_4,de_db8f894f0fc2b57e_4_k4,90,95,False,0.8680995457531175,0.820633400675188,0.8840651811497028,0.8399494741305231,0.8782460337274556
mock,de,en-de(synthetic),4,1,minor_accuracy,minor,accuracy,0,1,"0,1,2,3",db8f894f0fc2b57e,de_db8f894f0fc2b57e_4,de_db8f894f0fc2b57e_4_k4,90,95,False,0.8038002628713155,0.7334573581903863,0.8840651811497028,0.8399494741305231,0.8782460337274556
mock,de,en-de(synthetic),4,2,minor_accuracy,minor,accuracy,"0,1",2,"0,1,2,3",db8f894f0fc2b57e,de_db8f894f0fc2b57e_4,de_db8f894f0fc2b57e_4_k4,90,95,False,0.7889463464534164,0.7334573581903863,0.7820578650751117,0.8399494741305231,0.8782460337274556
mock,de,en-de(synthetic),4,3,minor_accuracy,minor,accuracy,"0,1,2",3,"0,1,2,3",db8f894f0fc2b57e,de_db8f894f0fc2b57e_4,de_db8f894f0fc2b57e_4_k4,90,95,False,0.7831886045094243,0.7334573581903863,0.7820578650751117,0.7478458027333467,0.8782460337274556
mock,de,en-de(synthetic),4,4,minor_accuracy,minor,accuracy,"0,1,2,3",4,"0,1,2,3",db8f894f0fc2b57e,de_db8f894f0fc2b57e_4,de_db8f894f0fc2b57e_4_k4,90,95,False,0.7687926936305503,0.7334573581903863,0.7820578650751117,0.7478458027333467,0.7785837403108608
mock,de,en-de(synthetic),4,1,minor_fluency,minor,fluency,0,1,"0,1,2,3",db8f894f0fc2b57e,de_db8f894f0fc2b57e_4,de_db8f894f0fc2b57e_4_k4,90,95,False,0.8368178619531946,0.8212173192805797,0.8840651811497028,0.8399494741305231,0.8782460337274556
mock,de,en-de(synthetic),4,2,minor_fluency,minor,fluency,"0,1",2,"0,1,2,3",db8f894f0fc2b57e,de_db8f894f0fc2b57e_4,de_db8f894f0fc2b57e_4_k4,90,95,False,0.8253153302631562,0.8212173192805797,0.7929312009472316,0.8399494741305231,0.8782460337274556
mock,de,en-de(synthetic),4,3,minor_fluency,minor,fluency,"0,1,2",3,"0,1,2,3",db8f894f0fc2b57e,de_db8f894f0fc2b57e_4,de_db8f894f0fc2b57e_4_k4,90,95,False,0.8057725620155165,0.8212173192805797,0.7929312009472316,0.7857106626558424,0.8782460337274556
mock,de,en-de(synthetic),4,4,minor_fluency,minor,fluency,"0,1,2,3",4,"0,1,2,3",db8f894f0fc2b57e,de_db8f894f0fc2b57e_4,de_db8f894f0fc2b57e_4_k4,90,95,False,0.802988342080554,0.8212173192805797,0.7929312009472316,0.7857106626558424,0.8085173721730686
mock,de,en-de(synthetic),4,1,major_accuracy,major,accuracy,0,1,"0,1,2,3",db8f894f0fc2b57e,de_db8f894f0fc2b57e_4,de_db8f894f0fc2b57e_4_k4,90,95,False,0.6968847089683194,0.5426898468886496,0.8840651811497028,0.8399494741305231,0.8782460337274556
mock,de,en-de(synthetic),4,2,major_accuracy,major,accuracy,"0,1",2,"0,1,2,3",db8f894f0fc2b57e,de_db8f894f0fc2b57e_4,de_db8f894f0fc2b57e_4_k4,90,95,False,0.6170671867369616,0.5426898468886496,0.5611096560680358,0.8399494741305231,0.8782460337274556
mock,de,en-de(synthetic),4,3,major_accuracy,major,accuracy,"0,1,2",3,"0,1,2,3",db8f894f0fc2b57e,de_db8f894f0fc2b57e_4,de_db8f894f0fc2b57e_4_k4,90,95,False,0.5820107757610479,0.5426898468886496,0.5611096560680358,0.5381503227877096,0.8782460337274556
mock,de,en-de(synthetic),4,4,major_accuracy,major,accuracy,"0,1,2,3",4,"0,1,2,3",db8f894f0fc2b57e,de_db8f894f0fc2b57e_4,de_db8f894f0fc2b57e_4_k4,90,95,False,0.5491397645466938,0.5426898468886496,0.5611096560680358,0.5381503227877096,0.561976143613472
mock,de,en-de(synthetic),4,1,major_fluency,major,fluency,0,1,"0,1,2,3",db8f894f0fc2b57e,de_db8f894f0fc2b57e_4,de_db8f894f0fc2b57e_4_k4,90,95,False,0.8151790516810687,0.7216591020342928,0.8840651811497028,0.8399494741305231,0.8782460337274556
mock,de,en-de(synthetic),4,2,major_fluency,major,fluency,"0,1",2,"0,1,2,3",db8f894f0fc2b57e,de_db8f894f0fc2b57e_4,de_db8f894f0fc2b57e_4_k4,90,95,False,0.775704325793212,0.7216591020342928,0.7354786534034338,0.8399494741305231,0.8782460337274556
mock,de,en-de(synthetic),4,3,major_fluency,major,fluency,"0,1,2",3,"0,1,2,3",db8f894f0fc2b57e,de_db8f894f0fc2b57e_4,de_db8f894f0fc2b57e_4_k4,90,95,False,0.7553381410044228,0.7216591020342928,0.7354786534034338,0.6792842759932805,0.8782460337274556
mock,de,en-de(synthetic),4,4,major_fluency,major,fluency,"0,1,2,3",4,"0,1,2,3",db8f894f0fc2b57e,de_db8f894f0fc2b57e_4,de_db8f894f0fc2b57e_4_k4,90,95,False,0.711004897353541,0.7216591020342928,0.7354786534034338,0.6792842759932805,0.6939455482087562
mock,de,en-de(synthetic),1,0,none,,,,0,"0,2,1,3",17eb8302878337c5,de_17eb8302878337c5_0,de_17eb8302878337c5_0_k1,24,25,False,0.8350325203501305,0.8350325203501305,,,
mock,de,en-de(synthetic),1,1,minor_accuracy,minor,accuracy,0,1,"0,2,1,3",17eb8302878337c5,de_17eb8302878337c5_0,de_17eb8302878337c5_0_k1,24,25,False,0.7901861658130895,0.7901861658130895,,,
mock,de,en-de(synthetic),1,1,minor_fluency,minor,fluency,0,1,"0,2,1,3",17eb8302878337c5,de_17eb8302878337c5_0,de_17eb8302878337c5_0_k1,24,25,False,0.7292016864342148,0.7292016864342148,,,
mock,de,en-de(synthetic),1,1,major_accuracy,major,accuracy,0,1,"0,2,1,3",17eb8302878337c5,de_17eb8302878337c5_0,de_17eb8302878337c5_0_k1,24,25,False,0.5465032367855889,0.5465032367855889,,,
mock,de,en-de(synthetic),1,1,major_fluency,major,fluency,0,1,"0,2,1,3",17eb8302878337c5,de_17eb8302878337c5_0,de_17eb8302878337c5_0_k1,24,25,False,0.6842277233787534,0.6842277233787534,,,
mock,de,en-de(synthetic),2,0,none,,,,0,"0,2,1,3",17eb8302878337c5,de_17eb8302878337c5_0,de_17eb8302878337c5_0_k2,46,48,False,0.8694852352267162,0.8350325203501305,0.8818832248027065,,
mock,de,en-de(synthetic),2,1,minor_accuracy,minor,accuracy,0,1,"0,2,1,3",17eb8302878337c5,de_17eb8302878337c5_0,de_17eb8302878337c5_0_k2,46,48,False,0.8381232037736009,0.7901861658130895,0.8818832248027065,,
mock,de,en-de(synthetic),2,2,minor_accuracy,minor,accuracy,"0,1",3,"0,2,1,3",17eb8302878337c5,de_17eb8302878337c5_0,de_17eb8302878337c5_0_k2,46,48,False,0.7673386246549375,0.7901861658130895,0.7726287653558107,,
mock,de,en-de(synthetic),2,1,minor_fluency,minor,fluency,0,1,"0,2,1,3",17eb8302878337c5,de_17eb8302878337c5_0,de_17eb8302878337c5_0_k2,46,48,False,0.788188110739487,0.7292016864342148,0.8818832248027065,,
mock,de,en-de(synthetic),2,2,minor_fluency,minor,fluency,"0,1",3,"0,2,1,3",17eb8302878337c5,de_17eb8302878337c5_0,de_17eb8302878337c5_0_k2,46,48,False,0.7559005818348259,0.7292016864342148,0.791742491729769,,
mock,de,en-de(synthetic),2,1,major_accuracy,major,accuracy,0,1,"0,2,1,3",17eb8302878337c5,de_17eb8302878337c5_0,de_17eb8302878337c5_0_k2,46,48,False,0.6300655744301793,0.5465032367855889,0.8818832248027065,,
mock,de,en-de(synthetic),2,2,major_accuracy,major,accuracy,"0,1",3,"0,2,1,3",17eb8302878337c5,de_17eb8302878337c5_0,de_17eb8302878337c5_0_k2,46,48,False,0.5545778439757512,0.5465032367855889,0.5422554624283216,,
mock,de,en-de(synthetic),2,1,major_fluency,major,fluency,0,1,"0,2,1,3",17eb8302878337c5,de_17eb8302878337c5_0,de_17eb8302878337c5_0_k2,46,48,False,0.764821065236893,0.6842277233787534,0.8818832248027065,,
mock,de,en-de(synthetic),2,2,major_fluency,major,fluency,"0,1",3,"0,2,1,3",17eb8302878337c5,de_17eb8302878337c5_0,de_17eb8302878337c5_0_k2,46,48,False,0.6728339750603528,0.6842277233787534,0.6535821149276754,,
mock,de,en-de(synthetic),4,0,none,,,,0,"0,2,1,3",17eb8302878337c5,de_17eb8302878337c5_0,de_17eb8302878337c5_0_k4,90,95,False,0.8437324293020058,0.8350325203501305,0.8818832248027065,0.8312580312408112,0.8195804146261754
mock,de,en-de(synthetic),4,1,minor_accuracy,minor,accuracy,0,1,"0,2,1,3",17eb8302878337c5,de_17eb8302878337c5_0,de_17eb8302878337c5_0_k4,90,95,False,0.8195192835699224,0.7901861658130895,0.8818832248027065,0.8312580312408112,0.8195804146261754
mock,de,en-de(synthetic),4,2,minor_accuracy,minor,accuracy,"0,2",2,"0,2,1,3",17eb8302878337c5,de_17eb8302878337c5_0,de_17eb8302878337c5_0_k4,90,95,False,0.8227304088491492,0.7901861658130895,0.8818832248027065,0.7990057910189274,0.8195804146261754
mock,de,en-de(synthetic),4,3,minor_accuracy,minor,accuracy,"0,1,2",3,"0,2,1,3",17eb8302878337c5,de_17eb8302878337c5_0,de_17eb8302878337c5_0_k4,90,95,False,0.7836079147277518,0.7901861658130895,0.7726287653558107,0.7990057910189274,0.8195804146261754
mock,de,en-de(synthetic),4,4,minor_accuracy,minor,accuracy,"0,1,2,3",4,"0,2,1,3",17eb8302878337c5,de_17eb8302878337c5_0,de_17eb8302878337c5_0_k4,90,95,False,0.7830272960617631,0.7901861658130895,0.7726287653558107,0.7990057910189274,0.8014734948628598
mock,de,en-de(synthetic),4,1,minor_fluency,minor,fluency,0,1,"0,2,1,3",17eb8302878337c5,de_17eb8302878337c5_0,de_17eb8302878337c5_0_k4,90,95,False,0.8208788657421751,0.7292016864342148,0.8818832248027065,0.8312580312408112,0.8195804146261754
mock,de,en-de(synthetic),4,2,minor_fluency,minor,fluency,"0,2",2,"0,2,1,3",17eb8302878337c5,de_17eb8302878337c5_0,de_17eb8302878337c5_0_k4,90,95,False,0.8066521026733631,0.7292016864342148,0.8818832248027065,0.7835957331773402,0.8195804146261754
mock,de,en-de(synthetic),4,3,minor_fluency,minor,fluency,"0,1,2",3,"0,2,1,3",17eb8302878337c5,de_17eb8302878337c5_0,de_17eb8302878337c5_0_k4,90,95,False,0.7711293470860293,0.7292016864342148,0.791742491729769,0.7835957331773402,0.8195804146261754
mock,de,en-de(synthetic),4,4,minor_fluency,minor,fluency,"0,1,2,3",4,"0,2,1,3",17eb8302878337c5,de_17eb8302878337c5_0,de_17eb8302878337c5_0_k4,90,95,False,0.7778496824067593,0.7292016864342148,0.791742491729769,0.7835957331773402,0.7740039194708676
mock,de,en-de(synthetic),4,1,major_accuracy,major,accuracy,0,1,"0,2,1,3",17eb8302878337c5,de_17eb8302878337c5_0,de_17eb8302878337c5_0_k4,90,95,False,0.6874663977802131,0.5465032367855889,0.8818832248027065,0.8312580312408112,0.8195804146261754
mock,de,en-de(synthetic),4,2,major_accuracy,major,accuracy,"0,2",2,"0,2,1,3",17eb8302878337c5,de_17eb8302878337c5_0,de_17eb8302878337c5_0_k4,90,95,False,0.6082301809628965,0.5465032367855889,0.8818832248027065,0.5475746864129161,0.8195804146261754
mock,de,en-de(synthetic),4,3,major_accuracy,major,accuracy,"0,1,2",3,"0,2,1,3",17eb8302878337c5,de_17eb8302878337c5_0,de_17eb8302878337c5_0_k4,90,95,False,0.5775369446113899,0.5465032367855889,0.5422554624283216,0.5475746864129161,0.8195804146261754
mock,de,en-de(synthetic),4,4,major_accuracy,major,accuracy,"0,1,2,3",4,"0,2,1,3",17eb8302878337c5,de_17eb8302878337c5_0,de_17eb8302878337c5_0_k4,90,95,False,0.5711021710947181,0.5465032367855889,0.5422554624283216,0.5475746864129161,0.6030999807431641
mock,de,en-de(synthetic),4,1,major_fluency,major,fluency,0,1,"0,2,1,3",17eb8302878337c5,de_17eb8302878337c5_0,de_17eb8302878337c5_0_k4,90,95,False,0.7768582464211548,0.6842277233787534,0.8818832248027065,0.8312580312408112,0.8195804146261754
mock,de,en-de(synthetic),4,2,major_fluency,major,fluency,"0,2",2,"0,2,1,3",17eb8302878337c5,de_17eb8302878337c5_0,de_17eb8302878337c5_0_k4,90,95,False,0.7533418767472594,0.6842277233787534,0.8818832248027065,0.6816368214092158,0.8195804146261754
mock,de,en-de(synthetic),4,3,major_fluency,major,fluency,"0,1,2",3,"0,2,1,3",17eb8302878337c5,de_17eb8302878337c5_0,de_17eb8302878337c5_0_k4,90,95,False,0.708144498308906,0.6842277233787534,0.6535821149276754,0.6816368214092158,0.8195804146261754
mock,de,en-de(synthetic),4,4,major_fluency,major,fluency,"0,1,2,3",4,"0,2,1,3",17eb8302878337c5,de_17eb8302878337c5_0,de_17eb8302878337c5_0_k4,90,95,False,0.6806202604557127,0.6842277233787534,0.6535821149276754,0.6816368214092158,0.7401377425847454
mock,de,en-de(synthetic),1,0,none,,,,0,"0,2,3,1",85fb7ea9ebc20662,de_85fb7ea9ebc20662_0,de_85fb7ea9ebc20662_0_k1,24,25,False,0.8406095854682278,0.8406095854682278,,,
mock,de,en-de(synthetic),1,1,minor_accuracy,minor,accuracy,0,1,"0,2,3,1",85fb7ea9ebc20662,de_85fb7ea9ebc20662_0,de_85fb7ea9ebc20662_0_k1,24,25,False,0.7434379328053426,0.7434379328053426,,,
mock,de,en-de(synthetic),1,1,minor_fluency,minor,fluency,0,1,"0,2,3,1",85fb7ea9ebc20662,de_85fb7ea9ebc20662_0,de_85fb7ea9ebc20662_0_k1,24,25,False,0.812821949777661,0.812821949777661,,,
mock,de,en-de(synthetic),1,1,major_accuracy,major,accuracy,0,1,"0,2,3,1",85fb7ea9ebc20662,de_85fb7ea9ebc20662_0,de_85fb7ea9ebc20662_0_k1,24,25,False,0.560182167591071,0.560182167591071,,,
mock,de,en-de(synthetic),1,1,major_fluency,major,fluency,0,1,"0,2,3,1",85fb7ea9ebc20662,de_85fb7ea9ebc20662_0,de_85fb7ea9ebc20662_0_k1,24,25,False,0.7205243358696626,0.7205243358696626,,,
mock,de,en-de(synthetic),2,0,none,,,,0,"0,2,3,1",85fb7ea9ebc20662,de_85fb7ea9ebc20662_0,de_85fb7ea9ebc20662_0_k2,46,48,False,0.8465414980266238,0.8406095854682278,0.8548574107252883,,
mock,de,en-de(synthetic),2,1,minor_accuracy,minor,accuracy,0,1,"0,2,3,1",85fb7ea9ebc20662,de_85fb7ea9ebc20662_0,de_85fb7ea9ebc20662_0_k2,46,48,False,0.7975444399271829,0.7434379328053426,0.8548574107252883,,
mock,de,en-de(synthetic),2,2,minor_accuracy,minor,accuracy,"0,1",4,"0,2,3,1",85fb7ea9ebc20662,de_85fb7ea9ebc20662_0,de_85fb7ea9ebc20662_0_k2,46,48,False,0.7760141321263889,0.7434379328053426,0.799538224436699,,
mock,de,en-de(synthetic),2,1,minor_fluency,minor,fluency,0,1,"0,2,3,1",85fb7ea9ebc20662,de_85fb7ea9ebc20662_0,de_85fb7ea9ebc20662_0_k2,46,48,False,0.8241718968202005,0.812821949777661,0.8548574107252883,,
mock,de,en-de(synthetic),2,2,minor_fluency,minor,fluency,"0,1",4,"0,2,3,1",85fb7ea9ebc20662,de_85fb7ea9ebc20662_0,de_85fb7ea9ebc20662_0_k2,46,48,False,0.8196328453749455,0.812821949777661,0.8221439558912182,,
mock,de,en-de(synthetic),2,1,major_accuracy,major,accuracy,0,1,"0,2,3,1",85fb7ea9ebc20662,de_85fb7ea9ebc20662_0,de_85fb7ea9ebc20662_0_k2,46,48,False,0.6199388917956381,0.560182167591071,0.8548574107252883,,
mock,de,en-de(synthetic),2,2,major_accuracy,major,accuracy,"0,1",4,"0,2,3,1",85fb7ea9ebc20662,de_85fb7ea9ebc20662_0,de_85fb7ea9ebc20662_0_k2,46,48,False,0.5632227168034972,0.560182167591071,0.5502171697708202,,
mock,de,en-de(synthetic),2,1,major_fluency,major,fluency,0,1,"0,2,3,1",85fb7ea9ebc20662,de_85fb7ea9ebc20662_0,de_85fb7ea9ebc20662_0_k2,46,48,False,0.7766322326219544,0.7205243358696626,0.8548574107252883,,
mock,de,en-de(synthetic),2,2,major_fluency,major,fluency,"0,1",4,"0,2,3,1",85fb7ea9ebc20662,de_85fb7ea9ebc20662_0,de_85fb7ea9ebc20662_0_k2,46,48,False,0.6809311475283802,0.7205243358696626,0.6601316070717977,,
mock,de,en-de(synthetic),4,0,none,,,,0,"0,2,3,1",85fb7ea9ebc20662,de_85fb7ea9ebc20662_0,de_85fb7ea9ebc20662_0_k4,90,95,False,0.8711958054972517,0.8406095854682278,0.8548574107252883,0.8638644952202639,0.9080754197892837
mock,de,en-de(synthetic),4,1,minor_accuracy,minor,accuracy,0,1,"0,2,3,1",85fb7ea9ebc20662,de_85fb7ea9ebc20662_0,de_85fb7ea9ebc20662_0_k4,90,95,False,0.8252157595132773,0.7434379328053426,0.8548574107252883,0.8638644952202639,0.9080754197892837
mock,de,en-de(synthetic),4,2,minor_accuracy,minor,accuracy,"0,2",2,"0,2,3,1",85fb7ea9ebc20662,de_85fb7ea9ebc20662_0,de_85fb7ea9ebc20662_0_k4,90,95,False,0.7927616102556119,0.7434379328053426,0.8548574107252883,0.6967766042934549,0.9080754197892837
mock,de,en-de(synthetic),4,3,minor_accuracy,minor,accuracy,"0,2,3",3,"0,2,3,1",85fb7ea9ebc20662,de_85fb7ea9ebc20662_0,de_85fb7ea9ebc20662_0_k4,90,95,False,0.7626178978688491,0.7434379328053426,0.8548574107252883,0.6967766042934549,0.8038323185504082
mock,de,en-de(synthetic),4,4,minor_accuracy,minor,accuracy,"0,1,2,3",4,"0,2,3,1",85fb7ea9ebc20662,de_85fb7ea9ebc20662_0,de_85fb7ea9ebc20662_0_k4,90,95,False,0.7440887035333907,0.7434379328053426,0.799538224436699,0.6967766042934549,0.8038323185504082
mock,de,en-de(synthetic),4,1,minor_fluency,minor,fluency,0,1,"0,2,3,1",85fb7ea9ebc20662,de_85fb7ea9ebc20662_0,de_85fb7ea9ebc20662_0_k4,90,95,False,0.8579716251595316,0.812821949777661,0.8548574107252883,0.8638644952202639,0.9080754197892837
mock,de,en-de(synthetic),4,2,minor_fluency,minor,fluency,"0,2",2,"0,2,3,1",85fb7ea9ebc20662,de_85fb7ea9ebc20662_0,de_85fb7ea9ebc20662_0_k4,90,95,False,0.8475283095170711,0.812821949777661,0.8548574107252883,0.8412250250872131,0.9080754197892837
mock,de,en-de(synthetic),4,3,minor_fluency,minor,fluency,"0,2,3",3,"0,2,3,1",85fb7ea9ebc20662,de_85fb7ea9ebc20662_0,de_85fb7ea9ebc20662_0_k4,90,95,False,0.8098437528407777,0.812821949777661,0.8548574107252883,0.8412250250872131,0.7650471576144587
mock,de,en-de(synthetic),4,4,minor_fluency,minor,fluency,"0,1,2,3",4,"0,2,3,1",85fb7ea9ebc20662,de_85fb7ea9ebc20662_0,de_85fb7ea9ebc20662_0_k4,90,95,False,0.8039840421627201,0.812821949777661,0.8221439558912182,0.8412250250872131,0.7650471576144587
mock,de,en-de(synthetic),4,1,major_accuracy,major,accuracy,0,1,"0,2,3,1",85fb7ea9ebc20662,de_85fb7ea9ebc20662_0,de_85fb7ea9ebc20662_0_k4,90,95,False,0.7134982227909193,0.560182167591071,0.8548574107252883,0.8638644952202639,0.9080754197892837
mock,de,en-de(synthetic),4,2,major_accuracy,major,accuracy,"0,2",2,"0,2,3,1",85fb7ea9ebc20662,de_85fb7ea9ebc20662_0,de_85fb7ea9ebc20662_0_k4,90,95,False,0.629167731154118,0.560182167591071,0.8548574107252883,0.5342987113482354,0.9080754197892837
mock,de,en-de(synthetic),4,3,major_accuracy,major,accuracy,"0,2,3",3,"0,2,3,1",85fb7ea9ebc20662,de_85fb7ea9ebc20662_0,de_85fb7ea9ebc20662_0_k4,90,95,False,0.5672666292259213,0.560182167591071,0.8548574107252883,0.5342987113482354,0.5336847485995722
mock,de,en-de(synthetic),4,4,major_accuracy,major,accuracy,"0,1,2,3",4,"0,2,3,1",85fb7ea9ebc20662,de_85fb7ea9ebc20662_0,de_85fb7ea9ebc20662_0_k4,90,95,False,0.562298472104265,0.560182167591071,0.5502171697708202,0.5342987113482354,0.5336847485995722
mock,de,en-de(synthetic),4,1,major_fluency,major,fluency,0,1,"0,2,3,1",85fb7ea9ebc20662,de_85fb7ea9ebc20662_0,de_85fb7ea9ebc20662_0_k4,90,95,False,0.8238801639778164,0.7205243358696626,0.8548574107252883,0.8638644952202639,0.9080754197892837
mock,de,en-de(synthetic),4,2,major_fluency,major,fluency,"0,2",2,"0,2,3,1",85fb7ea9ebc20662,de_85fb7ea9ebc20662_0,de_85fb7ea9ebc20662_0_k4,90,95,False,0.770069945219056,0.7205243358696626,0.8548574107252883,0.68952988652478,0.9080754197892837
mock,de,en-de(synthetic),4,3,major_fluency,major,fluency,"0,2,3",3,"0,2,3,1",85fb7ea9ebc20662,de_85fb7ea9ebc20662_0,de_85fb7ea9ebc20662_0_k4,90,95,False,0.7417788007201311,0.7205243358696626,0.8548574107252883,0.68952988652478,0.7344400737389455
mock,de,en-de(synthetic),4,4,major_fluency,major,fluency,"0,1,2,3",4,"0,2,3,1",85fb7ea9ebc20662,de_85fb7ea9ebc20662_0,de_85fb7ea9ebc20662_0_k4,90,95,False,0.6925092042146019,0.7205243358696626,0.6601316070717977,0.68952988652478,0.7344400737389455
mock,de,en-de(synthetic),1,0,none,,,,0,"0,2,1,3",d95be2f90fd84aa0,de_d95be2f90fd84aa0_0,de_d95be2f90fd84aa0_0_k1,24,25,False,0.8479728950637246,0.8479728950637246,,,
mock,de,en-de(synthetic),1,1,minor_accuracy,minor,accuracy,0,1,"0,2,1,3",d95be2f90fd84aa0,de_d95be2f90fd84aa0_0,de_d95be2f90fd84aa0_0_k1,24,25,False,0.7651076868466311,0.7651076868466311,,,
mock,de,en-de(synthetic),1,1,minor_fluency,minor,fluency,0,1,"0,2,1,3",d95be2f90fd84aa0,de_d95be2f90fd84aa0_0,de_d95be2f90fd84aa0_0_k1,24,25,False,0.8192902515765943,0.8192902515765943,,,
mock,de,en-de(synthetic),1,1,major_accuracy,major,accuracy,0,1,"0,2,1,3",d95be2f90fd84aa0,de_d95be2f90fd84aa0_0,de_d95be2f90fd84aa0_0_k1,24,25,False,0.6229386993901502,0.6229386993901502,,,
mock,de,en-de(synthetic),1,1,major_fluency,major,fluency,0,1,"0,2,1,3",d95be2f90fd84aa0,de_d95be2f90fd84aa0_0,de_d95be2f90fd84aa0_0_k1,24,25,False,0.6852150953425059,0.6852150953425059,,,
mock,de,en-de(synthetic),2,0,none,,,,0,"0,2,1,3",d95be2f90fd84aa0,de_d95be2f90fd84aa0_0,de_d95be2f90fd84aa0_0_k2,46,48,False,0.8567650122963791,0.8479728950637246,0.8845971318812549,,
mock,de,en-de(synthetic),2,1,minor_accuracy,minor,accuracy,0,1,"0,2,1,3",d95be2f90fd84aa0,de_d95be2f90fd84aa0_0,de_d95be2f90fd84aa0_0_k2,46,48,False,0.8193405767911024,0.7651076868466311,0.8845971318812549,,
mock,de,en-de(synthetic),2,2,minor_accuracy,minor,accuracy,"0,1",3,"0,2,1,3",d95be2f90fd84aa0,de_d95be2f90fd84aa0_0,de_d95be2f90fd84aa0_0_k2,46,48,False,0.8036708795987253,0.7651076868466311,0.8223848775933199,,
mock,de,en-de(synthetic),2,1,minor_fluency,minor,fluency,0,1,"0,2,1,3",d95be2f90fd84aa0,de_d95be2f90fd84aa0_0,de_d95be2f90fd84aa0_0_k2,46,48,False,0.855993156772172,0.8192902515765943,0.8845971318812549,,
mock,de,en-de(synthetic),2,2,minor_fluency,minor,fluency,"0,1",3,"0,2,1,3",d95be2f90fd84aa0,de_d95be2f90fd84aa0_0,de_d95be2f90fd84aa0_0_k2,46,48,False,0.8186065281548633,0.8192902515765943,0.8076741060456225,,
mock,de,en-de(synthetic),2,1,major_accuracy,major,accuracy,0,1,"0,2,1,3",d95be2f90fd84aa0,de_d95be2f90fd84aa0_0,de_d95be2f90fd84aa0_0_k2,46,48,False,0.7046479162108967,0.6229386993901502,0.8845971318812549,,
mock,de,en-de(synthetic),2,2,major_accuracy,major,accuracy,"0,1",3,"0,2,1,3",d95be2f90fd84aa0,de_d95be2f90fd84aa0_0,de_d95be2f90fd84aa0_0_k2,46,48,False,0.5522132780689161,0.6229386993901502,0.5295285389654389,,
mock,de,en-de(synthetic),2,1,major_fluency,major,fluency,0,1,"0,2,1,3",d95be2f90fd84aa0,de_d95be2f90fd84aa0_0,de_d95be2f90fd84aa0_0_k2,46,48,False,0.7721513691133466,0.6852150953425059,0.8845971318812549,,
mock,de,en-de(synthetic),2,2,major_fluency,major,fluency,"0,1",3,"0,2,1,3",d95be2f90fd84aa0,de_d95be2f90fd84aa0_0,de_d95be2f90fd84aa0_0_k2,46,48,False,0.6998185457159458,0.6852150953425059,0.7042010923781826,,
mock,de,en-de(synthetic),4,0,none,,,,0,"0,2,1,3",d95be2f90fd84aa0,de_d95be2f90fd84aa0_0,de_d95be2f90fd84aa0_0_k4,90,95,False,0.8578579658445561,0.8479728950637246,0.8845971318812549,0.8490421207678949,0.8864448392558264
mock,de,en-de(synthetic),4,1,minor_accuracy,minor,accuracy,0,1,"0,2,1,3",d95be2f90fd84aa0,de_d95be2f90fd84aa0_0,de_d95be2f90fd84aa0_0_k4,90,95,False,0.8229889004983423,0.7651076868466311,0.8845971318812549,0.8490421207678949,0.8864448392558264
mock,de,en-de(synthetic),4,2,minor_accuracy,minor,accuracy,"0,2",2,"0,2,1,3",d95be2f90fd84aa0,de_d95be2f90fd84aa0_0,de_d95be2f90fd84aa0_0_k4,90,95,False,0.812960599931854,0.7651076868466311,0.8845971318812549,0.7936621606586923,0.8864448392558264
mock,de,en-de(synthetic),4,3,minor_accuracy,minor,accuracy,"0,1,2",3,"0,2,1,3",d95be2f90fd84aa0,de_d95be2f90fd84aa0_0,de_d95be2f90fd84aa0_0_k4,90,95,False,0.8028755810350542,0.7651076868466311,0.8223848775933199,0.7936621606586923,0.8864448392558264
mock,de,en-de(synthetic),4,4,minor_accuracy,minor,accuracy,"0,1,2,3",4,"0,2,1,3",d95be2f90fd84aa0,de_d95be2f90fd84aa0_0,de_d95be2f90fd84aa0_0_k4,90,95,False,0.7966440876183954,0.7651076868466311,0.8223848775933199,0.7936621606586923,0.8180055388373295
mock,de,en-de(synthetic),4,1,minor_fluency,minor,fluency,0,1,"0,2,1,3",d95be2f90fd84aa0,de_d95be2f90fd84aa0_0,de_d95be2f90fd84aa0_0_k4,90,95,False,0.8446966827582872,0.8192902515765943,0.8845971318812549,0.8490421207678949,0.8864448392558264
mock,de,en-de(synthetic),4,2,minor_fluency,minor,fluency,"0,2",2,"0,2,1,3",d95be2f90fd84aa0,de_d95be2f90fd84aa0_0,de_d95be2f90fd84aa0_0_k4,90,95,False,0.8295698231878084,0.8192902515765943,0.8845971318812549,0.7703680885986192,0.8864448392558264
mock,de,en-de(synthetic),4,3,minor_fluency,minor,fluency,"0,1,2",3,"0,2,1,3",d95be2f90fd84aa0,de_d95be2f90fd84aa0_0,de_d95be2f90fd84aa0_0_k4,90,95,False,0.8208777769758304,0.8192902515765943,0.8076741060456225,0.7703680885986192,0.8864448392558264
mock,de,en-de(synthetic),4,4,minor_fluency,minor,fluency,"0,1,2,3",4,"0,2,1,3",d95be2f90fd84aa0,de_d95be2f90fd84aa0_0,de_d95be2f90fd84aa0_0_k4,90,95,False,0.7914739901110912,0.8192902515765943,0.8076741060456225,0.7703680885986192,0.7783693716909955
mock,de,en-de(synthetic),4,1,major_accuracy,major,accuracy,0,1,"0,2,1,3",d95be2f90fd84aa0,de_d95be2f90fd84aa0_0,de_d95be2f90fd84aa0_0_k4,90,95,False,0.754284263444064,0.6229386993901502,0.8845971318812549,0.8490421207678949,0.8864448392558264
mock,de,en-de(synthetic),4,2,major_accuracy,major,accuracy,"0,2",2,"0,2,1,3",d95be2f90fd84aa0,de_d95be2f90fd84aa0_0,de_d95be2f90fd84aa0_0_k4,90,95,False,0.6425503832662479,0.6229386993901502,0.8845971318812549,0.5410972441561348,0.8864448392558264
mock,de,en-de(synthetic),4,3,major_accuracy,major,accuracy,"0,1,2",3,"0,2,1,3",d95be2f90fd84aa0,de_d95be2f90fd84aa0_0,de_d95be2f90fd84aa0_0_k4,90,95,False,0.571605393346442,0.6229386993901502,0.5295285389654389,0.5410972441561348,0.8864448392558264
mock,de,en-de(synthetic),4,4,major_accuracy,major,accuracy,"0,1,2,3",4,"0,2,1,3",d95be2f90fd84aa0,de_d95be2f90fd84aa0_0,de_d95be2f90fd84aa0_0_k4,90,95,False,0.5490282718812229,0.6229386993901502,0.5295285389654389,0.5410972441561348,0.5382113116206984
mock,de,en-de(synthetic),4,1,major_fluency,major,fluency,0,1,"0,2,1,3",d95be2f90fd84aa0,de_d95be2f90fd84aa0_0,de_d95be2f90fd84aa0_0_k4,90,95,False,0.8097620019661611,0.6852150953425059,0.8845971318812549,0.8490421207678949,0.8864448392558264
mock,de,en-de(synthetic),4,2,major_fluency,major,fluency,"0,2",2,"0,2,1,3",d95be2f90fd84aa0,de_d95be2f90fd84aa0_0,de_d95be2f90fd84aa0_0_k4,90,95,False,0.7675165298045467,0.6852150953425059,0.8845971318812549,0.7018004407070426,0.8864448392558264
mock,de,en-de(synthetic),4,3,major_fluency,major,fluency,"0,1,2",3,"0,2,1,3",d95be2f90fd84aa0,de_d95be2f90fd84aa0_0,de_d95be2f90fd84aa0_0_k4,90,95,False,0.727050368991996,0.6852150953425059,0.7042010923781826,0.7018004407070426,0.8864448392558264
mock,de,en-de(synthetic),4,4,major_fluency,major,fluency,"0,1,2,3",4,"0,2,1,3",d95be2f90fd84aa0,de_d95be2f90fd84aa0_0,de_d95be2f90fd84aa0_0_k4,90,95,False,0.6912354014343735,0.6852150953425059,0.7042010923781826,0.7018004407070426,0.6819245923069029
mock,de,en-de(synthetic),1,0,none,,,,0,"3,1,0,2",a035f57b8e941bc0,de_a035f57b8e941bc0_0,de_a035f57b8e941bc0_0_k1,24,25,False,0.7897606100752782,0.7897606100752782,,,
mock,de,en-de(synthetic),1,1,minor_accuracy,minor,accuracy,0,3,"3,1,0,2",a035f57b8e941bc0,de_a035f57b8e941bc0_0,de_a035f57b8e941bc0_0_k1,24,25,False,0.7437804290935255,0.7437804290935255,,,
mock,de,en-de(synthetic),1,1,minor_fluency,minor,fluency,0,3,"3,1,0,2",a035f57b8e941bc0,de_a035f57b8e941bc0_0,de_a035f57b8e941bc0_0_k1,24,25,False,0.796949804860615,0.796949804860615,,,
mock,de,en-de(synthetic),1,1,major_accuracy,major,accuracy,0,3,"3,1,0,2",a035f57b8e941bc0,de_a035f57b8e941bc0_0,de_a035f57b8e941bc0_0_k1,24,25,False,0.5474579797442867,0.5474579797442867,,,
mock,de,en-de(synthetic),1,1,major_fluency,major,fluency,0,3,"3,1,0,2",a035f57b8e941bc0,de_a035f57b8e941bc0_0,de_a035f57b8e941bc0_0_k1,24,25,False,0.6918705300314082,0.6918705300314082,,,
mock,de,en-de(synthetic),2,0,none,,,,0,"3,1,0,2",a035f57b8e941bc0,de_a035f57b8e941bc0_0,de_a035f57b8e941bc0_0_k2,46,48,False,0.8030595234998688,0.7897606100752782,0.8230504755777209,,
mock,de,en-de(synthetic),2,1,minor_accuracy,minor,accuracy,1,2,"3,1,0,2",a035f57b8e941bc0,de_a035f57b8e941bc0_0,de_a035f57b8e941bc0_0_k2,46,48,False,0.763731804423089,0.7897606100752782,0.7472611750031865,,
mock,de,en-de(synthetic),2,2,minor_accuracy,minor,accuracy,"0,1",3,"3,1,0,2",a035f57b8e941bc0,de_a035f57b8e941bc0_0,de_a035f57b8e941bc0_0_k2,46,48,False,0.7342605922207298,0.7437804290935255,0.7472611750031865,,
mock,de,en-de(synthetic),2,1,minor_fluency,minor,fluency,1,2,"3,1,0,2",a035f57b8e941bc0,de_a035f57b8e941bc0_0,de_a035f57b8e941bc0_0_k2,46,48,False,0.7668750513507411,0.7897606100752782,0.7631398290487635,,
mock,de,en-de(synthetic),2,2,minor_fluency,minor,fluency,"0,1",3,"3,1,0,2",a035f57b8e941bc0,de_a035f57b8e941bc0_0,de_a035f57b8e941bc0_0_k2,46,48,False,0.7773901453376155,0.796949804860615,0.7631398290487635,,
mock,de,en-de(synthetic),2,1,major_accuracy,major,accuracy,1,2,"3,1,0,2",a035f57b8e941bc0,de_a035f57b8e941bc0_0,de_a035f57b8e941bc0_0_k2,46,48,False,0.5900647734766294,0.7897606100752782,0.5146734393318688,,
mock,de,en-de(synthetic),2,2,major_accuracy,major,accuracy,"0,1",3,"3,1,0,2",a035f57b8e941bc0,de_a035f57b8e941bc0_0,de_a035f57b8e941bc0_0_k2,46,48,False,0.5380707027222396,0.5474579797442867,0.5146734393318688,,
mock,de,en-de(synthetic),2,1,major_fluency,major,fluency,1,2,"3,1,0,2",a035f57b8e941bc0,de_a035f57b8e941bc0_0,de_a035f57b8e941bc0_0_k2,46,48,False,0.7395173600589738,0.7897606100752782,0.6882831008972519,,
mock,de,en-de(synthetic),2,2,major_fluency,major,fluency,"0,1",3,"3,1,0,2",a035f57b8e941bc0,de_a035f57b8e941bc0_0,de_a035f57b8e941bc0_0_k2,46,48,False,0.6924235517011073,0.6918705300314082,0.6882831008972519,,
mock,de,en-de(synthetic),4,0,none,,,,0,"3,1,0,2",a035f57b8e941bc0,de_a035f57b8e941bc0_0,de_a035f57b8e941bc0_0_k4,90,95,False,0.7943639244003498,0.7897606100752782,0.8230504755777209,0.8585875436407939,0.795530402631722
mock,de,en-de(synthetic),4,1,minor_accuracy,minor,accuracy,3,1,"3,1,0,2",a035f57b8e941bc0,de_a035f57b8e941bc0_0,de_a035f57b8e941bc0_0_k4,90,95,False,0.8203256118237965,0.7897606100752782,0.8230504755777209,0.8585875436407939,0.7764599430258494
mock,de,en-de(synthetic),4,2,minor_accuracy,minor,accuracy,"1,3",2,"3,1,0,2",a035f57b8e941bc0,de_a035f57b8e941bc0_0,de_a035f57b8e941bc0_0_k4,90,95,False,0.7937385354283362,0.7897606100752782,0.7472611750031865,0.8585875436407939,0.7764599430258494
mock,de,en-de(synthetic),4,3,minor_accuracy,minor,accuracy,"0,1,3",3,"3,1,0,2",a035f57b8e941bc0,de_a035f57b8e941bc0_0,de_a035f57b8e941bc0_0_k4,90,95,False,0.7649872233737942,0.7437804290935255,0.7472611750031865,0.8585875436407939,0.7764599430258494
mock,de,en-de(synthetic),4,4,minor_accuracy,minor,accuracy,"0,1,2,3",4,"3,1,0,2",a035f57b8e941bc0,de_a035f57b8e941bc0_0,de_a035f57b8e941bc0_0_k4,90,95,False,0.7697381884836503,0.7437804290935255,0.7472611750031865,0.784796351512575,0.7764599430258494
mock,de,en-de(synthetic),4,1,minor_fluency,minor,fluency,3,1,"3,1,0,2",a035f57b8e941bc0,de_a035f57b8e941bc0_0,de_a035f57b8e941bc0_0_k4,90,95,False,0.8293285569045441,0.7897606100752782,0.8230504755777209,0.8585875436407939,0.8270364165293952
mock,de,en-de(synthetic),4,2,minor_fluency,minor,fluency,"1,3",2,"3,1,0,2",a035f57b8e941bc0,de_a035f57b8e941bc0_0,de_a035f57b8e941bc0_0_k4,90,95,False,0.8111821812433293,0.7897606100752782,0.7631398290487635,0.8585875436407939,0.8270364165293952
mock,de,en-de(synthetic),4,3,minor_fluency,minor,fluency,"0,1,3",3,"3,1,0,2",a035f57b8e941bc0,de_a035f57b8e941bc0_0,de_a035f57b8e941bc0_0_k4,90,95,False,0.8216889313961141,0.796949804860615,0.7631398290487635,0.8585875436407939,0.8270364165293952
mock,de,en-de(synthetic),4,4,minor_fluency,minor,fluency,"0,1,2,3",4,"3,1,0,2",a035f57b8e941bc0,de_a035f57b8e941bc0_0,de_a035f57b8e941bc0_0_k4,90,95,False,0.780504247844913,0.796949804860615,0.7631398290487635,0.8222222420286425,0.8270364165293952
mock,de,en-de(synthetic),4,1,major_accuracy,major,accuracy,3,1,"3,1,0,2",a035f57b8e941bc0,de_a035f57b8e941bc0_0,de_a035f57b8e941bc0_0_k4,90,95,False,0.6392242055298578,0.7897606100752782,0.8230504755777209,0.8585875436407939,0.49716920602694054
mock,de,en-de(synthetic),4,2,major_accuracy,major,accuracy,"1,3",2,"3,1,0,2",a035f57b8e941bc0,de_a035f57b8e941bc0_0,de_a035f57b8e941bc0_0_k4,90,95,False,0.6000897959308386,0.7897606100752782,0.5146734393318688,0.8585875436407939,0.49716920602694054
mock,de,en-de(synthetic),4,3,major_accuracy,major,accuracy,"0,1,3",3,"3,1,0,2",a035f57b8e941bc0,de_a035f57b8e941bc0_0,de_a035f57b8e941bc0_0_k4,90,95,False,0.5502977341619697,0.5474579797442867,0.5146734393318688,0.8585875436407939,0.49716920602694054
mock,de,en-de(synthetic),4,4,major_accuracy,major,accuracy,"0,1,2,3",4,"3,1,0,2",a035f57b8e941bc0,de_a035f57b8e941bc0_0,de_a035f57b8e941bc0_0_k4,90,95,False,0.5342485439811064,0.5474579797442867,0.5146734393318688,0.5433623586635412,0.49716920602694054
mock,de,en-de(synthetic),4,1,major_fluency,major,fluency,3,1,"3,1,0,2",a035f57b8e941bc0,de_a035f57b8e941bc0_0,de_a035f57b8e941bc0_0_k4,90,95,False,0.7862107510510185,0.7897606100752782,0.8230504755777209,0.8585875436407939,0.712076948337357
mock,de,en-de(synthetic),4,2,major_fluency,major,fluency,"1,3",2,"3,1,0,2",a035f57b8e941bc0,de_a035f57b8e941bc0_0,de_a035f57b8e941bc0_0_k4,90,95,False,0.7539791711772892,0.7897606100752782,0.6882831008972519,0.8585875436407939,0.712076948337357
mock,de,en-de(synthetic),4,3,major_fluency,major,fluency,"0,1,3",3,"3,1,0,2",a035f57b8e941bc0,de_a035f57b8e941bc0_0,de_a035f57b8e941bc0_0_k4,90,95,False,0.7246538967712652,0.6918705300314082,0.6882831008972519,0.8585875436407939,0.712076948337357
mock,de,en-de(synthetic),4,4,major_fluency,major,fluency,"0,1,2,3",4,"3,1,0,2",a035f57b8e941bc0,de_a035f57b8e941bc0_0,de_a035f57b8e941bc0_0_k4,90,95,False,0.6789045155775802,0.6918705300314082,0.6882831008972519,0.6279900616340535,0.712076948337357
mock,de,en-de(synthetic),1,0,none,,,,0,"2,1,3,0",a1188c572802588e,de_a1188c572802588e_0,de_a1188c572802588e_0_k1,24,25,False,0.8409998034772327,0.8409998034772327,,,
mock,de,en-de(synthetic),1,1,minor_accuracy,minor,accuracy,0,4,"2,1,3,0",a1188c572802588e,de_a1188c572802588e_0,de_a1188c572802588e_0_k1,24,25,False,0.7991228105026341,0.7991228105026341,,,
mock,de,en-de(synthetic),1,1,minor_fluency,minor,fluency,0,4,"2,1,3,0",a1188c572802588e,de_a1188c572802588e_0,de_a1188c572802588e_0_k1,24,25,False,0.7985963839120006,0.7985963839120006,,,
mock,de,en-de(synthetic),1,1,major_accuracy,major,accuracy,0,4,"2,1,3,0",a1188c572802588e,de_a1188c572802588e_0,de_a1188c572802588e_0_k1,24,25,False,0.5229211686971946,0.5229211686971946,,,
mock,de,en-de(synthetic),1,1,major_fluency,major,fluency,0,4,"2,1,3,0",a1188c572802588e,de_a1188c572802588e_0,de_a1188c572802588e_0_k1,24,25,False,0.7277434287303243,0.7277434287303243,,,
mock,de,en-de(synthetic),2,0,none,,,,0,"2,1,3,0",a1188c572802588e,de_a1188c572802588e_0,de_a1188c572802588e_0_k2,46,48,False,0.8338622114231026,0.8409998034772327,0.8539599949811414,,
mock,de,en-de(synthetic),2,1,minor_accuracy,minor,accuracy,1,2,"2,1,3,0",a1188c572802588e,de_a1188c572802588e_0,de_a1188c572802588e_0_k2,46,48,False,0.8132923929426756,0.8409998034772327,0.7774364521671919,,
mock,de,en-de(synthetic),2,2,minor_accuracy,minor,accuracy,"0,1",4,"2,1,3,0",a1188c572802588e,de_a1188c572802588e_0,de_a1188c572802588e_0_k2,46,48,False,0.8057901445546425,0.7991228105026341,0.7774364521671919,,
mock,de,en-de(synthetic),2,1,minor_fluency,minor,fluency,1,2,"2,1,3,0",a1188c572802588e,de_a1188c572802588e_0,de_a1188c572802588e_0_k2,46,48,False,0.823950602227456,0.8409998034772327,0.8079811184519851,,
mock,de,en-de(synthetic),2,2,minor_fluency,minor,fluency,"0,1",4,"2,1,3,0",a1188c572802588e,de_a1188c572802588e_0,de_a1188c572802588e_0_k2,46,48,False,0.8031642236017763,0.7985963839120006,0.8079811184519851,,
mock,de,en-de(synthetic),2,1,major_accuracy,major,accuracy,1,2,"2,1,3,0",a1188c572802588e,de_a1188c572802588e_0,de_a1188c572802588e_0_k2,46,48,False,0.5735380336344704,0.8409998034772327,0.5100266362479475,,
mock,de,en-de(synthetic),2,2,major_accuracy,major,accuracy,"0,1",4,"2,1,3,0",a1188c572802588e,de_a1188c572802588e_0,de_a1188c572802588e_0_k2,46,48,False,0.5173103295714578,0.5229211686971946,0.5100266362479475,,
mock,de,en-de(synthetic),2,1,major_fluency,major,fluency,1,2,"2,1,3,0",a1188c572802588e,de_a1188c572802588e_0,de_a1188c572802588e_0_k2,46,48,False,0.7399288244351597,0.8409998034772327,0.6835103985649623,,
mock,de,en-de(synthetic),2,2,major_fluency,major,fluency,"0,1",4,"2,1,3,0",a1188c572802588e,de_a1188c572802588e_0,de_a1188c572802588e_0_k2,46,48,False,0.6983655773693238,0.7277434287303243,0.6835103985649623,,
mock,de,en-de(synthetic),4,0,none,,,,0,"2,1,3,0",a1188c572802588e,de_a1188c572802588e_0,de_a1188c572802588e_0_k4,90,95,False,0.8505576053172913,0.8409998034772327,0.8539599949811414,0.8888940451571692,0.8258147148759752
mock,de,en-de(synthetic),4,1,minor_accuracy,minor,accuracy,2,1,"2,1,3,0",a1188c572802588e,de_a1188c572802588e_0,de_a1188c572802588e_0_k4,90,95,False,0.815034587877496,0.8409998034772327,0.8539599949811414,0.757877656464266,0.8258147148759752
mock,de,en-de(synthetic),4,2,minor_accuracy,minor,accuracy,"1,2",2,"2,1,3,0",a1188c572802588e,de_a1188c572802588e_0,de_a1188c572802588e_0_k4,90,95,False,0.8113176430337378,0.8409998034772327,0.7774364521671919,0.757877656464266,0.8258147148759752
mock,de,en-de(synthetic),4,3,minor_accuracy,minor,accuracy,"1,2,3",3,"2,1,3,0",a1188c572802588e,de_a1188c572802588e_0,de_a1188c572802588e_0_k4,90,95,False,0.7964354789439626,0.8409998034772327,0.7774364521671919,0.757877656464266,0.7740175887995558
mock,de,en-de(synthetic),4,4,minor_accuracy,minor,accuracy,"0,1,2,3",4,"2,1,3,0",a1188c572802588e,de_a1188c572802588e_0,de_a1188c572802588e_0_k4,90,95,False,0.7709912046526542,0.7991228105026341,0.7774364521671919,0.757877656464266,0.7740175887995558
mock,de,en-de(synthetic),4,1,minor_fluency,minor,fluency,2,1,"2,1,3,0",a1188c572802588e,de_a1188c572802588e_0,de_a1188c572802588e_0_k4,90,95,False,0.8335357322623681,0.8409998034772327,0.8539599949811414,0.8329126067685906,0.8258147148759752
mock,de,en-de(synthetic),4,2,minor_fluency,minor,fluency,"1,2",2,"2,1,3,0",a1188c572802588e,de_a1188c572802588e_0,de_a1188c572802588e_0_k4,90,95,False,0.839489683048836,0.8409998034772327,0.8079811184519851,0.8329126067685906,0.8258147148759752
mock,de,en-de(synthetic),4,3,minor_fluency,minor,fluency,"1,2,3",3,"2,1,3,0",a1188c572802588e,de_a1188c572802588e_0,de_a1188c572802588e_0_k4,90,95,False,0.8160209090721836,0.8409998034772327,0.8079811184519851,0.8329126067685906,0.8182048650989685
mock,de,en-de(synthetic),4,4,minor_fluency,minor,fluency,"0,1,2,3",4,"2,1,3,0",a1188c572802588e,de_a1188c572802588e_0,de_a1188c572802588e_0_k4,90,95,False,0.8015621140913345,0.7985963839120006,0.8079811184519851,0.8329126067685906,0.8182048650989685
mock,de,en-de(synthetic),4,1,major_accuracy,major,accuracy,2,1,"2,1,3,0",a1188c572802588e,de_a1188c572802588e_0,de_a1188c572802588e_0_k4,90,95,False,0.7023668733971421,0.8409998034772327,0.8539599949811414,0.5738037833699785,0.8258147148759752
mock,de,en-de(synthetic),4,2,major_accuracy,major,accuracy,"1,2",2,"2,1,3,0",a1188c572802588e,de_a1188c572802588e_0,de_a1188c572802588e_0_k4,90,95,False,0.617924316530517,0.8409998034772327,0.5100266362479475,0.5738037833699785,0.8258147148759752
mock,de,en-de(synthetic),4,3,major_accuracy,major,accuracy,"1,2,3",3,"2,1,3,0",a1188c572802588e,de_a1188c572802588e_0,de_a1188c572802588e_0_k4,90,95,False,0.5565125310104952,0.8409998034772327,0.5100266362479475,0.5738037833699785,0.5170251865926287
mock,de,en-de(synthetic),4,4,major_accuracy,major,accuracy,"0,1,2,3",4,"2,1,3,0",a1188c572802588e,de_a1188c572802588e_0,de_a1188c572802588e_0_k4,90,95,False,0.5492229361373346,0.5229211686971946,0.5100266362479475,0.5738037833699785,0.5170251865926287
mock,de,en-de(synthetic),4,1,major_fluency,major,fluency,2,1,"2,1,3,0",a1188c572802588e,de_a1188c572802588e_0,de_a1188c572802588e_0_k4,90,95,False,0.7909837827361199,0.8409998034772327,0.8539599949811414,0.6922057302999053,0.8258147148759752
mock,de,en-de(synthetic),4,2,major_fluency,major,fluency,"1,2",2,"2,1,3,0",a1188c572802588e,de_a1188c572802588e_0,de_a1188c572802588e_0_k4,90,95,False,0.7462230145234731,0.8409998034772327,0.6835103985649623,0.6922057302999053,0.8258147148759752
mock,de,en-de(synthetic),4,3,major_fluency,major,fluency,"1,2,3",3,"2,1,3,0",a1188c572802588e,de_a1188c572802588e_0,de_a1188c572802588e_0_k4,90,95,False,0.7071067937207641,0.8409998034772327,0.6835103985649623,0.6922057302999053,0.6975851488567635
mock,de,en-de(synthetic),4,4,major_fluency,major,fluency,"0,1,2,3",4,"2,1,3,0",a1188c572802588e,de_a1188c572802588e_0,de_a1188c572802588e_0_k4,90,95,False,0.6921860074220563,0.7277434287303243,0.6835103985649623,0.6922057302999053,0.6975851488567635
mock,de,en-de(synthetic),1,0,none,,,,0,"2,1,3,0",d35f103f5c88d4f4,de_d35f103f5c88d4f4_0,de_d35f103f5c88d4f4_0_k1,24,25,False,0.8206142302457194,0.8206142302457194,,,
mock,de,en-de(synthetic),1,1,minor_accuracy,minor,accuracy,0,4,"2,1,3,0",d35f103f5c88d4f4,de_d35f103f5c88d4f4_0,de_d35f103f5c88d4f4_0_k1,24,25,False,0.7919497122554973,0.7919497122554973,,,
mock,de,en-de(synthetic),1,1,minor_fluency,minor,fluency,0,4,"2,1,3,0",d35f103f5c88d4f4,de_d35f103f5c88d4f4_0,de_d35f103f5c88d4f4_0_k1,24,25,False,0.8014871326369676,0.8014871326369676,,,
mock,de,en-de(synthetic),1,1,major_accuracy,major,accuracy,0,4,"2,1,3,0",d35f103f5c88d4f4,de_d35f103f5c88d4f4_0,de_d35f103f5c88d4f4_0_k1,24,25,False,0.5052788848686565,0.5052788848686565,,,
mock,de,en-de(synthetic),1,1,major_fluency,major,fluency,0,4,"2,1,3,0",d35f103f5c88d4f4,de_d35f103f5c88d4f4_0,de_d35f103f5c88d4f4_0_k1,24,25,False,0.7581067665805796,0.7581067665805796,,,
mock,de,en-de(synthetic),2,0,none,,,,0,"2,1,3,0",d35f103f5c88d4f4,de_d35f103f5c88d4f4_0,de_d35f103f5c88d4f4_0_k2,46,48,False,0.8115824081222185,0.8206142302457194,0.8104341216182737,,
mock,de,en-de(synthetic),2,1,minor_accuracy,minor,accuracy,1,2,"2,1,3,0",d35f103f5c88d4f4,de_d35f103f5c88d4f4_0,de_d35f103f5c88d4f4_0_k2,46,48,False,0.8189894596027828,0.8206142302457194,0.8035345963999367,,
mock,de,en-de(synthetic),2,2,minor_accuracy,minor,accuracy,"0,1",4,"2,1,3,0",d35f103f5c88d4f4,de_d35f103f5c88d4f4_0,de_d35f103f5c88d4f4_0_k2,46,48,False,0.7957401338570201,0.7919497122554973,0.8035345963999367,,
mock,de,en-de(synthetic),2,1,minor_fluency,minor,fluency,1,2,"2,1,3,0",d35f103f5c88d4f4,de_d35f103f5c88d4f4_0,de_d35f103f5c88d4f4_0_k2,46,48,False,0.8161722206059174,0.8206142302457194,0.8273520476469634,,
mock,de,en-de(synthetic),2,2,minor_fluency,minor,fluency,"0,1",4,"2,1,3,0",d35f103f5c88d4f4,de_d35f103f5c88d4f4_0,de_d35f103f5c88d4f4_0_k2,46,48,False,0.8208712155487181,0.8014871326369676,0.8273520476469634,,
mock,de,en-de(synthetic),2,1,major_accuracy,major,accuracy,1,2,"2,1,3,0",d35f103f5c88d4f4,de_d35f103f5c88d4f4_0,de_d35f103f5c88d4f4_0_k2,46,48,False,0.6504488994321201,0.8206142302457194,0.5755589976592173,,
mock,de,en-de(synthetic),2,2,major_accuracy,major,accuracy,"0,1",4,"2,1,3,0",d35f103f5c88d4f4,de_d35f103f5c88d4f4_0,de_d35f103f5c88d4f4_0_k2,46,48,False,0.532504380618724,0.5052788848686565,0.5755589976592173,,
mock,de,en-de(synthetic),2,1,major_fluency,major,fluency,1,2,"2,1,3,0",d35f103f5c88d4f4,de_d35f103f5c88d4f4_0,de_d35f103f5c88d4f4_0_k2,46,48,False,0.7252908509135787,0.8206142302457194,0.6727817872796436,,
mock,de,en-de(synthetic),2,2,major_fluency,major,fluency,"0,1",4,"2,1,3,0",d35f103f5c88d4f4,de_d35f103f5c88d4f4_0,de_d35f103f5c88d4f4_0_k2,46,48,False,0.710094151977416,0.7581067665805796,0.6727817872796436,,
mock,de,en-de(synthetic),4,0,none,,,,0,"2,1,3,0",d35f103f5c88d4f4,de_d35f103f5c88d4f4_0,de_d35f103f5c88d4f4_0_k4,90,95,False,0.82799560882392,0.8206142302457194,0.8104341216182737,0.8413245513535546,0.8623081487770621
mock,de,en-de(synthetic),4,1,minor_accuracy,minor,accuracy,2,1,"2,1,3,0",d35f103f5c88d4f4,de_d35f103f5c88d4f4_0,de_d35f103f5c88d4f4_0_k4,90,95,False,0.8224194984228034,0.8206142302457194,0.8104341216182737,0.7839707988565348,0.8623081487770621
mock,de,en-de(synthetic),4,2,minor_accuracy,minor,accuracy,"1,2",2,"2,1,3,0",d35f103f5c88d4f4,de_d35f103f5c88d4f4_0,de_d35f103f5c88d4f4_0_k4,90,95,False,0.8169450403897828,0.8206142302457194,0.8035345963999367,0.7839707988565348,0.8623081487770621
mock,de,en-de(synthetic),4,3,minor_accuracy,minor,accuracy,"1,2,3",3,"2,1,3,0",d35f103f5c88d4f4,de_d35f103f5c88d4f4_0,de_d35f103f5c88d4f4_0_k4,90,95,False,0.7864920903052536,0.8206142302457194,0.8035345963999367,0.7839707988565348,0.74715221546192
mock,de,en-de(synthetic),4,4,minor_accuracy,minor,accuracy,"0,1,2,3",4,"2,1,3,0",d35f103f5c88d4f4,de_d35f103f5c88d4f4_0,de_d35f103f5c88d4f4_0_k4,90,95,False,0.7676394449179413,0.7919497122554973,0.8035345963999367,0.7839707988565348,0.74715221546192
mock,de,en-de(synthetic),4,1,minor_fluency,minor,fluency,2,1,"2,1,3,0",d35f103f5c88d4f4,de_d35f103f5c88d4f4_0,de_d35f103f5c88d4f4_0_k4,90,95,False,0.826050294708554,0.8206142302457194,0.8104341216182737,0.7997975857255468,0.8623081487770621
mock,de,en-de(synthetic),4,2,minor_fluency,minor,fluency,"1,2",2,"2,1,3,0",d35f103f5c88d4f4,de_d35f103f5c88d4f4_0,de_d35f103f5c88d4f4_0_k4,90,95,False,0.8317690165785854,0.8206142302457194,0.8273520476469634,0.7997975857255468,0.8623081487770621
mock,de,en-de(synthetic),4,3,minor_fluency,minor,fluency,"1,2,3",3,"2,1,3,0",d35f103f5c88d4f4,de_d35f103f5c88d4f4_0,de_d35f103f5c88d4f4_0_k4,90,95,False,0.8165002376893767,0.8206142302457194,0.8273520476469634,0.7997975857255468,0.8168319665750124
mock,de,en-de(synthetic),4,4,minor_fluency,minor,fluency,"0,1,2,3",4,"2,1,3,0",d35f103f5c88d4f4,de_d35f103f5c88d4f4_0,de_d35f103f5c88d4f4_0_k4,90,95,False,0.8090065951972439,0.8014871326369676,0.8273520476469634,0.7997975857255468,0.8168319665750124
mock,de,en-de(synthetic),4,1,major_accuracy,major,accuracy,2,1,"2,1,3,0",d35f103f5c88d4f4,de_d35f103f5c88d4f4_0,de_d35f103f5c88d4f4_0_k4,90,95,False,0.6841384497169669,0.8206142302457194,0.8104341216182737,0.545753194255014,0.8623081487770621
mock,de,en-de(synthetic),4,2,major_accuracy,major,accuracy,"1,2",2,"2,1,3,0",d35f103f5c88d4f4,de_d35f103f5c88d4f4_0,de_d35f103f5c88d4f4_0_k4,90,95,False,0.6183019801124151,0.8206142302457194,0.5755589976592173,0.545753194255014,0.8623081487770621
mock,de,en-de(synthetic),4,3,major_accuracy,major,accuracy,"1,2,3",3,"2,1,3,0",d35f103f5c88d4f4,de_d35f103f5c88d4f4_0,de_d35f103f5c88d4f4_0_k4,90,95,False,0.6108550589563073,0.8206142302457194,0.5755589976592173,0.545753194255014,0.619070443403924
mock,de,en-de(synthetic),4,4,major_accuracy,major,accuracy,"0,1,2,3",4,"2,1,3,0",d35f103f5c88d4f4,de_d35f103f5c88d4f4_0,de_d35f103f5c88d4f4_0_k4,90,95,False,0.5655958379356563,0.5052788848686565,0.5755589976592173,0.545753194255014,0.619070443403924
mock,de,en-de(synthetic),4,1,major_fluency,major,fluency,2,1,"2,1,3,0",d35f103f5c88d4f4,de_d35f103f5c88d4f4_0,de_d35f103f5c88d4f4_0_k4,90,95,False,0.7933877552728599,0.8206142302457194,0.8104341216182737,0.7202619863553811,0.8623081487770621
mock,de,en-de(synthetic),4,2,major_fluency,major,fluency,"1,2",2,"2,1,3,0",d35f103f5c88d4f4,de_d35f103f5c88d4f4_0,de_d35f103f5c88d4f4_0_k4,90,95,False,0.7610366529617377,0.8206142302457194,0.6727817872796436,0.7202619863553811,0.8623081487770621
mock,de,en-de(synthetic),4,3,major_fluency,major,fluency,"1,2,3",3,"2,1,3,0",d35f103f5c88d4f4,de_d35f103f5c88d4f4_0,de_d35f103f5c88d4f4_0_k4,90,95,False,0.7396402266491545,0.8206142302457194,0.6727817872796436,0.7202619863553811,0.7302517822414382
mock,de,en-de(synthetic),4,4,major_fluency,major,fluency,"0,1,2,3",4,"2,1,3,0",d35f103f5c88d4f4,de_d35f103f5c88d4f4_0,de_d35f103f5c88d4f4_0_k4,90,95,False,0.7191134079620395,0.7581067665805796,0.6727817872796436,0.7202619863553811,0.7302517822414382
mock,de,en-de(synthetic),1,0,none,,,,0,"0,3,1,2",612dd271cfc76ac7,de_612dd271cfc76ac7_4,de_612dd271cfc76ac7_4_k1,24,25,False,0.8782026016712415,0.8782026016712415,,,
mock,de,en-de(synthetic),1,1,minor_accuracy,minor,accuracy,0,1,"0,3,1,2",612dd271cfc76ac7,de_612dd271cfc76ac7_4,de_612dd271cfc76ac7_4_k1,24,25,False,0.7487280317641627,0.7487280317641627,,,
mock,de,en-de(synthetic),1,1,minor_fluency,minor,fluency,0,1,"0,3,1,2",612dd271cfc76ac7,de_612dd271cfc76ac7_4,de_612dd271cfc76ac7_4_k1,24,25,False,0.8519178981537867,0.8519178981537867,,,
mock,de,en-de(synthetic),1,1,major_accuracy,major,accuracy,0,1,"0,3,1,2",612dd271cfc76ac7,de_612dd271cfc76ac7_4,de_612dd271cfc76ac7_4_k1,24,25,False,0.546370843892215,0.546370843892215,,,
mock,de,en-de(synthetic),1,1,major_fluency,major,fluency,0,1,"0,3,1,2",612dd271cfc76ac7,de_612dd271cfc76ac7_4,de_612dd271cfc76ac7_4_k1,24,25,False,0.6943795871515883,0.6943795871515883,,,
mock,de,en-de(synthetic),2,0,none,,,,0,"0,3,1,2",612dd271cfc76ac7,de_612dd271cfc76ac7_4,de_612dd271cfc76ac7_4_k2,46,48,False,0.8371054216873887,0.8782026016712415,0.8034579923595624,,
mock,de,en-de(synthetic),2,1,minor_accuracy,minor,accuracy,0,1,"0,3,1,2",612dd271cfc76ac7,de_612dd271cfc76ac7_4,de_612dd271cfc76ac7_4_k2,46,48,False,0.7692264427074502,0.7487280317641627,0.8034579923595624,,
mock,de,en-de(synthetic),2,2,minor_accuracy,minor,accuracy,"0,1",3,"0,3,1,2",612dd271cfc76ac7,de_612dd271cfc76ac7_4,de_612dd271cfc76ac7_4_k2,46,48,False,0.7492079349162248,0.7487280317641627,0.7481766224149662,,
mock,de,en-de(synthetic),2,1,minor_fluency,minor,fluency,0,1,"0,3,1,2",612dd271cfc76ac7,de_612dd271cfc76ac7_4,de_612dd271cfc76ac7_4_k2,46,48,False,0.8340267992676063,0.8519178981537867,0.8034579923595624,,
mock,de,en-de(synthetic),2,2,minor_fluency,minor,fluency,"0,1",3,"0,3,1,2",612dd271cfc76ac7,de_612dd271cfc76ac7_4,de_612dd271cfc76ac7_4_k2,46,48,False,0.8394540920452226,0.8519178981537867,0.8236351686977289,,
mock,de,en-de(synthetic),2,1,major_accuracy,major,accuracy,0,1,"0,3,1,2",612dd271cfc76ac7,de_612dd271cfc76ac7_4,de_612dd271cfc76ac7_4_k2,46,48,False,0.640466609168411,0.546370843892215,0.8034579923595624,,
mock,de,en-de(synthetic),2,2,major_accuracy,major,accuracy,"0,1",3,"0,3,1,2",612dd271cfc76ac7,de_612dd271cfc76ac7_4,de_612dd271cfc76ac7_4_k2,46,48,False,0.5557997380498338,0.546370843892215,0.5658425016788591,,
mock,de,en-de(synthetic),2,1,major_fluency,major,fluency,0,1,"0,3,1,2",612dd271cfc76ac7,de_612dd271cfc76ac7_4,de_612dd271cfc76ac7_4_k2,46,48,False,0.7455093761470509,0.6943795871515883,0.8034579923595624,,
mock,de,en-de(synthetic),2,2,major_fluency,major,fluency,"0,1",3,"0,3,1,2",612dd271cfc76ac7,de_612dd271cfc76ac7_4,de_612dd271cfc76ac7_4_k2,46,48,False,0.6891013124470453,0.6943795871515883,0.6913146943894488,,
mock,de,en-de(synthetic),4,0,none,,,,0,"0,3,1,2",612dd271cfc76ac7,de_612dd271cfc76ac7_4,de_612dd271cfc76ac7_4_k4,90,95,False,0.8427576997626435,0.8782026016712415,0.8034579923595624,0.8369684410472816,0.873587249108947
mock,de,en-de(synthetic),4,1,minor_accuracy,minor,accuracy,0,1,"0,3,1,2",612dd271cfc76ac7,de_612dd271cfc76ac7_4,de_612dd271cfc76ac7_4_k4,90,95,False,0.8188995112169292,0.7487280317641627,0.8034579923595624,0.8369684410472816,0.873587249108947
mock,de,en-de(synthetic),4,2,minor_accuracy,minor,accuracy,"0,3",2,"0,3,1,2",612dd271cfc76ac7,de_612dd271cfc76ac7_4,de_612dd271cfc76ac7_4_k4,90,95,False,0.7866786508949801,0.7487280317641627,0.8034579923595624,0.8369684410472816,0.7637464837065174
mock,de,en-de(synthetic),4,3,minor_accuracy,minor,accuracy,"0,1,3",3,"0,3,1,2",612dd271cfc76ac7,de_612dd271cfc76ac7_4,de_612dd271cfc76ac7_4_k4,90,95,False,0.7747212348396036,0.7487280317641627,0.7481766224149662,0.8369684410472816,0.7637464837065174
mock,de,en-de(synthetic),4,4,minor_accuracy,minor,accuracy,"0,1,2,3",4,"0,3,1,2",612dd271cfc76ac7,de_612dd271cfc76ac7_4,de_612dd271cfc76ac7_4_k4,90,95,False,0.7560507244612431,0.7487280317641627,0.7481766224149662,0.767031698984014,0.7637464837065174
mock,de,en-de(synthetic),4,1,minor_fluency,minor,fluency,0,1,"0,3,1,2",612dd271cfc76ac7,de_612dd271cfc76ac7_4,de_612dd271cfc76ac7_4_k4,90,95,False,0.8325170340054875,0.8519178981537867,0.8034579923595624,0.8369684410472816,0.873587249108947
mock,de,en-de(synthetic),4,2,minor_fluency,minor,fluency,"0,3",2,"0,3,1,2",612dd271cfc76ac7,de_612dd271cfc76ac7_4,de_612dd271cfc76ac7_4_k4,90,95,False,0.8331842166601069,0.8519178981537867,0.8034579923595624,0.8369684410472816,0.793313893936056
mock,de,en-de(synthetic),4,3,minor_fluency,minor,fluency,"0,1,3",3,"0,3,1,2",612dd271cfc76ac7,de_612dd271cfc76ac7_4,de_612dd271cfc76ac7_4_k4,90,95,False,0.8469091653990819,0.8519178981537867,0.8236351686977289,0.8369684410472816,0.793313893936056
mock,de,en-de(synthetic),4,4,minor_fluency,minor,fluency,"0,1,2,3",4,"0,3,1,2",612dd271cfc76ac7,de_612dd271cfc76ac7_4,de_612dd271cfc76ac7_4_k4,90,95,False,0.8238936498245476,0.8519178981537867,0.8236351686977289,0.7590662242828083,0.793313893936056
mock,de,en-de(synthetic),4,1,major_accuracy,major,accuracy,0,1,"0,3,1,2",612dd271cfc76ac7,de_612dd271cfc76ac7_4,de_612dd271cfc76ac7_4_k4,90,95,False,0.6984185394941717,0.546370843892215,0.8034579923595624,0.8369684410472816,0.873587249108947
mock,de,en-de(synthetic),4,2,major_accuracy,major,accuracy,"0,3",2,"0,3,1,2",612dd271cfc76ac7,de_612dd271cfc76ac7_4,de_612dd271cfc76ac7_4_k4,90,95,False,0.6506839064499506,0.546370843892215,0.8034579923595624,0.8369684410472816,0.591696738249496
mock,de,en-de(synthetic),4,3,major_accuracy,major,accuracy,"0,1,3",3,"0,3,1,2",612dd271cfc76ac7,de_612dd271cfc76ac7_4,de_612dd271cfc76ac7_4_k4,90,95,False,0.6021595443641281,0.546370843892215,0.5658425016788591,0.8369684410472816,0.591696738249496
mock,de,en-de(synthetic),4,4,major_accuracy,major,accuracy,"0,1,2,3",4,"0,3,1,2",612dd271cfc76ac7,de_612dd271cfc76ac7_4,de_612dd271cfc76ac7_4_k4,90,95,False,0.5517957925410041,0.546370843892215,0.5658425016788591,0.5397285565241732,0.591696738249496
mock,de,en-de(synthetic),4,1,major_fluency,major,fluency,0,1,"0,3,1,2",612dd271cfc76ac7,de_612dd271cfc76ac7_4,de_612dd271cfc76ac7_4_k4,90,95,False,0.8089434991425948,0.6943795871515883,0.8034579923595624,0.8369684410472816,0.873587249108947
mock,de,en-de(synthetic),4,2,major_fluency,major,fluency,"0,3",2,"0,3,1,2",612dd271cfc76ac7,de_612dd271cfc76ac7_4,de_612dd271cfc76ac7_4_k4,90,95,False,0.7587857975384945,0.6943795871515883,0.8034579923595624,0.8369684410472816,0.6871268786022948
mock,de,en-de(synthetic),4,3,major_fluency,major,fluency,"0,1,3",3,"0,3,1,2",612dd271cfc76ac7,de_612dd271cfc76ac7_4,de_612dd271cfc76ac7_4_k4,90,95,False,0.7198863704141856,0.6943795871515883,0.6913146943894488,0.8369684410472816,0.6871268786022948
mock,de,en-de(synthetic),4,4,major_fluency,major,fluency,"0,1,2,3",4,"0,3,1,2",612dd271cfc76ac7,de_612dd271cfc76ac7_4,de_612dd271cfc76ac7_4_k4,90,95,False,0.7139196046003949,0.6943795871515883,0.6913146943894488,0.699770123294952,0.6871268786022948
mock,de,en-de(synthetic),1,0,none,,,,0,"2,1,3,0",030ef2c89e37167d,de_030ef2c89e37167d_0,de_030ef2c89e37167d_0_k1,24,25,False,0.8500763202370343,0.8500763202370343,,,
mock,de,en-de(synthetic),1,1,minor_accuracy,minor,accuracy,0,4,"2,1,3,0",030ef2c89e37167d,de_030ef2c89e37167d_0,de_030ef2c89e37167d_0_k1,24,25,False,0.7394517804362251,0.7394517804362251,,,
mock,de,en-de(synthetic),1,1,minor_fluency,minor,fluency,0,4,"2,1,3,0",030ef2c89e37167d,de_030ef2c89e37167d_0,de_030ef2c89e37167d_0_k1,24,25,False,0.8029839431663499,0.8029839431663499,,,
mock,de,en-de(synthetic),1,1,major_accuracy,major,accuracy,0,4,"2,1,3,0",030ef2c89e37167d,de_030ef2c89e37167d_0,de_030ef2c89e37167d_0_k1,24,25,False,0.601843149108338,0.601843149108338,,,
mock,de,en-de(synthetic),1,1,major_fluency,major,fluency,0,4,"2,1,3,0",030ef2c89e37167d,de_030ef2c89e37167d_0,de_030ef2c89e37167d_0_k1,24,25,False,0.7405053375798237,0.7405053375798237,,,
mock,de,en-de(synthetic),2,0,none,,,,0,"2,1,3,0",030ef2c89e37167d,de_030ef2c89e37167d_0,de_030ef2c89e37167d_0_k2,46,48,False,0.8438928382221565,0.8500763202370343,0.8356018866379602,,
mock,de,en-de(synthetic),2,1,minor_accuracy,minor,accuracy,1,2,"2,1,3,0",030ef2c89e37167d,de_030ef2c89e37167d_0,de_030ef2c89e37167d_0_k2,46,48,False,0.7660765629602051,0.8500763202370343,0.7256866877998441,,
mock,de,en-de(synthetic),2,2,minor_accuracy,minor,accuracy,"0,1",4,"2,1,3,0",030ef2c89e37167d,de_030ef2c89e37167d_0,de_030ef2c89e37167d_0_k2,46,48,False,0.7324235278383842,0.7394517804362251,0.7256866877998441,,
mock,de,en-de(synthetic),2,1,minor_fluency,minor,fluency,1,2,"2,1,3,0",030ef2c89e37167d,de_030ef2c89e37167d_0,de_030ef2c89e37167d_0_k2,46,48,False,0.7900947804933357,0.8500763202370343,0.7422882632692118,,
mock,de,en-de(synthetic),2,2,minor_fluency,minor,fluency,"0,1",4,"2,1,3,0",030ef2c89e37167d,de_030ef2c89e37167d_0,de_030ef2c89e37167d_0_k2,46,48,False,0.7709778604208615,0.8029839431663499,0.7422882632692118,,
mock,de,en-de(synthetic),2,1,major_accuracy,major,accuracy,1,2,"2,1,3,0",030ef2c89e37167d,de_030ef2c89e37167d_0,de_030ef2c89e37167d_0_k2,46,48,False,0.6581547727151074,0.8500763202370343,0.5786907379077717,,
mock,de,en-de(synthetic),2,2,major_accuracy,major,accuracy,"0,1",4,"2,1,3,0",030ef2c89e37167d,de_030ef2c89e37167d_0,de_030ef2c89e37167d_0_k2,46,48,False,0.5845319624826089,0.601843149108338,0.5786907379077717,,
mock,de,en-de(synthetic),2,1,major_fluency,major,fluency,1,2,"2,1,3,0",030ef2c89e37167d,de_030ef2c89e37167d_0,de_030ef2c89e37167d_0_k2,46,48,False,0.7611756370525565,0.8500763202370343,0.6796052842311816,,
mock,de,en-de(synthetic),2,2,major_fluency,major,fluency,"0,1",4,"2,1,3,0",030ef2c89e37167d,de_030ef2c89e37167d_0,de_030ef2c89e37167d_0_k2,46,48,False,0.7067452730137985,0.7405053375798237,0.6796052842311816,,
mock,de,en-de(synthetic),4,0,none,,,,0,"2,1,3,0",030ef2c89e37167d,de_030ef2c89e37167d_0,de_030ef2c89e37167d_0_k4,90,95,False,0.840749175467377,0.8500763202370343,0.8356018866379602,0.8523431852424637,0.8809030552638483
mock,de,en-de(synthetic),4,1,minor_accuracy,minor,accuracy,2,1,"2,1,3,0",030ef2c89e37167d,de_030ef2c89e37167d_0,de_030ef2c89e37167d_0_k4,90,95,False,0.8447732372267251,0.8500763202370343,0.8356018866379602,0.811063159378574,0.8809030552638483
mock,de,en-de(synthetic),4,2,minor_accuracy,minor,accuracy,"1,2",2,"2,1,3,0",030ef2c89e37167d,de_030ef2c89e37167d_0,de_030ef2c89e37167d_0_k4,90,95,False,0.7935725066830065,0.8500763202370343,0.7256866877998441,0.811063159378574,0.8809030552638483
mock,de,en-de(synthetic),4,3,minor_accuracy,minor,accuracy,"1,2,3",3,"2,1,3,0",030ef2c89e37167d,de_030ef2c89e37167d_0,de_030ef2c89e37167d_0_k4,90,95,False,0.7723245374658125,0.8500763202370343,0.7256866877998441,0.811063159378574,0.7202587565833224
mock,de,en-de(synthetic),4,4,minor_accuracy,minor,accuracy,"0,1,2,3",4,"2,1,3,0",030ef2c89e37167d,de_030ef2c89e37167d_0,de_030ef2c89e37167d_0_k4,90,95,False,0.7354410015784282,0.7394517804362251,0.7256866877998441,0.811063159378574,0.7202587565833224
mock,de,en-de(synthetic),4,1,minor_fluency,minor,fluency,2,1,"2,1,3,0",030ef2c89e37167d,de_030ef2c89e37167d_0,de_030ef2c89e37167d_0_k4,90,95,False,0.8587643820945067,0.8500763202370343,0.8356018866379602,0.8050688690859005,0.8809030552638483
mock,de,en-de(synthetic),4,2,minor_fluency,minor,fluency,"1,2",2,"2,1,3,0",030ef2c89e37167d,de_030ef2c89e37167d_0,de_030ef2c89e37167d_0_k4,90,95,False,0.7931611767667126,0.8500763202370343,0.7422882632692118,0.8050688690859005,0.8809030552638483
mock,de,en-de(synthetic),4,3,minor_fluency,minor,fluency,"1,2,3",3,"2,1,3,0",030ef2c89e37167d,de_030ef2c89e37167d_0,de_030ef2c89e37167d_0_k4,90,95,False,0.7889980816280604,0.8500763202370343,0.7422882632692118,0.8050688690859005,0.8238939278613516
mock,de,en-de(synthetic),4,4,minor_fluency,minor,fluency,"0,1,2,3",4,"2,1,3,0",030ef2c89e37167d,de_030ef2c89e37167d_0,de_030ef2c89e37167d_0_k4,90,95,False,0.8087853323664633,0.8029839431663499,0.7422882632692118,0.8050688690859005,0.8238939278613516
mock,de,en-de(synthetic),4,1,major_accuracy,major,accuracy,2,1,"2,1,3,0",030ef2c89e37167d,de_030ef2c89e37167d_0,de_030ef2c89e37167d_0_k4,90,95,False,0.6898638097221017,0.8500763202370343,0.8356018866379602,0.5315741699798875,0.8809030552638483
mock,de,en-de(synthetic),4,2,major_accuracy,major,accuracy,"1,2",2,"2,1,3,0",030ef2c89e37167d,de_030ef2c89e37167d_0,de_030ef2c89e37167d_0_k4,90,95,False,0.6413151457048231,0.8500763202370343,0.5786907379077717,0.5315741699798875,0.8809030552638483
mock,de,en-de(synthetic),4,3,major_accuracy,major,accuracy,"1,2,3",3,"2,1,3,0",030ef2c89e37167d,de_030ef2c89e37167d_0,de_030ef2c89e37167d_0_k4,90,95,False,0.5828055119155134,0.8500763202370343,0.5786907379077717,0.5315741699798875,0.5561103996318688
mock,de,en-de(synthetic),4,4,major_accuracy,major,accuracy,"0,1,2,3",4,"2,1,3,0",030ef2c89e37167d,de_030ef2c89e37167d_0,de_030ef2c89e37167d_0_k4,90,95,False,0.5796778222553943,0.601843149108338,0.5786907379077717,0.5315741699798875,0.5561103996318688
mock,de,en-de(synthetic),4,1,major_fluency,major,fluency,2,1,"2,1,3,0",030ef2c89e37167d,de_030ef2c89e37167d_0,de_030ef2c89e37167d_0_k4,90,95,False,0.7796474411200964,0.8500763202370343,0.8356018866379602,0.6860430581386742,0.8809030552638483
mock,de,en-de(synthetic),4,2,major_fluency,major,fluency,"1,2",2,"2,1,3,0",030ef2c89e37167d,de_030ef2c89e37167d_0,de_030ef2c89e37167d_0_k4,90,95,False,0.7362814618495059,0.8500763202370343,0.6796052842311816,0.6860430581386742,0.8809030552638483
mock,de,en-de(synthetic),4,3,major_fluency,major,fluency,"1,2,3",3,"2,1,3,0",030ef2c89e37167d,de_030ef2c89e37167d_0,de_030ef2c89e37167d_0_k4,90,95,False,0.6949353772393383,0.8500763202370343,0.6796052842311816,0.6860430581386742,0.6370391428862597
mock,de,en-de(synthetic),4,4,major_fluency,major,fluency,"0,1,2,3",4,"2,1,3,0",030ef2c89e37167d,de_030ef2c89e37167d_0,de_030ef2c89e37167d_0_k4,90,95,False,0.6923400466579562,0.7405053375798237,0.6796052842311816,0.6860430581386742,0.6370391428862597
mock,de,en-de(synthetic),1,0,none,,,,0,"3,1,0,2",c756225d2dde6ac0,de_c756225d2dde6ac0_0,de_c756225d2dde6ac0_0_k1,24,25,False,0.8740502264921066,0.8740502264921066,,,
mock,de,en-de(synthetic),1,1,minor_accuracy,minor,accuracy,0,3,"3,1,0,2",c756225d2dde6ac0,de_c756225d2dde6ac0_0,de_c756225d2dde6ac0_0_k1,24,25,False,0.792531970102188,0.792531970102188,,,
mock,de,en-de(synthetic),1,1,minor_fluency,minor,fluency,0,3,"3,1,0,2",c756225d2dde6ac0,de_c756225d2dde6ac0_0,de_c756225d2dde6ac0_0_k1,24,25,False,0.8156439227635811,0.8156439227635811,,,
mock,de,en-de(synthetic),1,1,major_accuracy,major,accuracy,0,3,"3,1,0,2",c756225d2dde6ac0,de_c756225d2dde6ac0_0,de_c756225d2dde6ac0_0_k1,24,25,False,0.5271794330134083,0.5271794330134083,,,
mock,de,en-de(synthetic),1,1,major_fluency,major,fluency,0,3,"3,1,0,2",c756225d2dde6ac0,de_c756225d2dde6ac0_0,de_c756225d2dde6ac0_0_k1,24,25,False,0.691016445235853,0.691016445235853,,,
mock,de,en-de(synthetic),2,0,none,,,,0,"3,1,0,2",c756225d2dde6ac0,de_c756225d2dde6ac0_0,de_c756225d2dde6ac0_0_k2,46,48,False,0.8624034705497774,0.8740502264921066,0.8565718379933555,,
mock,de,en-de(synthetic),2,1,minor_accuracy,minor,accuracy,1,2,"3,1,0,2",c756225d2dde6ac0,de_c756225d2dde6ac0_0,de_c756225d2dde6ac0_0_k2,46,48,False,0.8127246552721161,0.8740502264921066,0.7664597080508655,,
mock,de,en-de(synthetic),2,2,minor_accuracy,minor,accuracy,"0,1",3,"3,1,0,2",c756225d2dde6ac0,de_c756225d2dde6ac0_0,de_c756225d2dde6ac0_0_k2,46,48,False,0.7759175518179195,0.792531970102188,0.7664597080508655,,
mock,de,en-de(synthetic),2,1,minor_fluency,minor,fluency,1,2,"3,1,0,2",c756225d2dde6ac0,de_c756225d2dde6ac0_0,de_c756225d2dde6ac0_0_k2,46,48,False,0.8361815813080307,0.8740502264921066,0.7780314310648964,,
mock,de,en-de(synthetic),2,2,minor_fluency,minor,fluency,"0,1",3,"3,1,0,2",c756225d2dde6ac0,de_c756225d2dde6ac0_0,de_c756225d2dde6ac0_0_k2,46,48,False,0.8073055890326232,0.8156439227635811,0.7780314310648964,,
mock,de,en-de(synthetic),2,1,major_accuracy,major,accuracy,1,2,"3,1,0,2",c756225d2dde6ac0,de_c756225d2dde6ac0_0,de_c756225d2dde6ac0_0_k2,46,48,False,0.6368754091352113,0.8740502264921066,0.5447968529311866,,
mock,de,en-de(synthetic),2,2,major_accuracy,major,accuracy,"0,1",3,"3,1,0,2",c756225d2dde6ac0,de_c756225d2dde6ac0_0,de_c756225d2dde6ac0_0_k2,46,48,False,0.5507163959117338,0.5271794330134083,0.5447968529311866,,
mock,de,en-de(synthetic),2,1,major_fluency,major,fluency,1,2,"3,1,0,2",c756225d2dde6ac0,de_c756225d2dde6ac0_0,de_c756225d2dde6ac0_0_k2,46,48,False,0.7517507008188756,0.8740502264921066,0.6910073970317845,,
mock,de,en-de(synthetic),2,2,major_fluency,major,fluency,"0,1",3,"3,1,0,2",c756225d2dde6ac0,de_c756225d2dde6ac0_0,de_c756225d2dde6ac0_0_k2,46,48,False,0.7057354591055501,0.691016445235853,0.6910073970317845,,
mock,de,en-de(synthetic),4,0,none,,,,0,"3,1,0,2",c756225d2dde6ac0,de_c756225d2dde6ac0_0,de_c756225d2dde6ac0_0_k4,90,95,False,0.8775615425891714,0.8740502264921066,0.8565718379933555,0.8762063322903992,0.826211034149761
mock,de,en-de(synthetic),4,1,minor_accuracy,minor,accuracy,3,1,"3,1,0,2",c756225d2dde6ac0,de_c756225d2dde6ac0_0,de_c756225d2dde6ac0_0_k4,90,95,False,0.8509909523778919,0.8740502264921066,0.8565718379933555,0.8762063322903992,0.7869190062606702
mock,de,en-de(synthetic),4,2,minor_accuracy,minor,accuracy,"1,3",2,"3,1,0,2",c756225d2dde6ac0,de_c756225d2dde6ac0_0,de_c756225d2dde6ac0_0_k4,90,95,False,0.8317993363196475,0.8740502264921066,0.7664597080508655,0.8762063322903992,0.7869190062606702
mock,de,en-de(synthetic),4,3,minor_accuracy,minor,accuracy,"0,1,3",3,"3,1,0,2",c756225d2dde6ac0,de_c756225d2dde6ac0_0,de_c756225d2dde6ac0_0_k4,90,95,False,0.8143634718283844,0.792531970102188,0.7664597080508655,0.8762063322903992,0.7869190062606702
mock,de,en-de(synthetic),4,4,minor_accuracy,minor,accuracy,"0,1,2,3",4,"3,1,0,2",c756225d2dde6ac0,de_c756225d2dde6ac0_0,de_c756225d2dde6ac0_0_k4,90,95,False,0.769525478635155,0.792531970102188,0.7664597080508655,0.7476305702092491,0.7869190062606702
mock,de,en-de(synthetic),4,1,minor_fluency,minor,fluency,3,1,"3,1,0,2",c756225d2dde6ac0,de_c756225d2dde6ac0_0,de_c756225d2dde6ac0_0_k4,90,95,False,0.8420248869710591,0.8740502264921066,0.8565718379933555,0.8762063322903992,0.7967412640076633
mock,de,en-de(synthetic),4,2,minor_fluency,minor,fluency,"1,3",2,"3,1,0,2",c756225d2dde6ac0,de_c756225d2dde6ac0_0,de_c756225d2dde6ac0_0_k4,90,95,False,0.8199101097423388,0.8740502264921066,0.7780314310648964,0.8762063322903992,0.7967412640076633
mock,de,en-de(synthetic),4,3,minor_fluency,minor,fluency,"0,1,3",3,"3,1,0,2",c756225d2dde6ac0,de_c756225d2dde6ac0_0,de_c756225d2dde6ac0_0_k4,90,95,False,0.8131000311656648,0.8156439227635811,0.7780314310648964,0.8762063322903992,0.7967412640076633
mock,de,en-de(synthetic),4,4,minor_fluency,minor,fluency,"0,1,2,3",4,"3,1,0,2",c756225d2dde6ac0,de_c756225d2dde6ac0_0,de_c756225d2dde6ac0_0_k4,90,95,False,0.806551604424617,0.8156439227635811,0.7780314310648964,0.8318046666046711,0.7967412640076633
mock,de,en-de(synthetic),4,1,major_accuracy,major,accuracy,3,1,"3,1,0,2",c756225d2dde6ac0,de_c756225d2dde6ac0_0,de_c756225d2dde6ac0_0_k4,90,95,False,0.7087008997370329,0.8740502264921066,0.8565718379933555,0.8762063322903992,0.5528355398057414
mock,de,en-de(synthetic),4,2,major_accuracy,major,accuracy,"1,3",2,"3,1,0,2",c756225d2dde6ac0,de_c756225d2dde6ac0_0,de_c756225d2dde6ac0_0_k4,90,95,False,0.5981568049326076,0.8740502264921066,0.5447968529311866,0.8762063322903992,0.5528355398057414
mock,de,en-de(synthetic),4,3,major_accuracy,major,accuracy,"0,1,3",3,"3,1,0,2",c756225d2dde6ac0,de_c756225d2dde6ac0_0,de_c756225d2dde6ac0_0_k4,90,95,False,0.5655222801446984,0.5271794330134083,0.5447968529311866,0.8762063322903992,0.5528355398057414
mock,de,en-de(synthetic),4,4,major_accuracy,major,accuracy,"0,1,2,3",4,"3,1,0,2",c756225d2dde6ac0,de_c756225d2dde6ac0_0,de_c756225d2dde6ac0_0_k4,90,95,False,0.5387310940870585,0.5271794330134083,0.5447968529311866,0.527363325048007,0.5528355398057414
mock,de,en-de(synthetic),4,1,major_fluency,major,fluency,3,1,"3,1,0,2",c756225d2dde6ac0,de_c756225d2dde6ac0_0,de_c756225d2dde6ac0_0_k4,90,95,False,0.7979352314062409,0.8740502264921066,0.8565718379933555,0.8762063322903992,0.7099031669340319
mock,de,en-de(synthetic),4,2,major_fluency,major,fluency,"1,3",2,"3,1,0,2",c756225d2dde6ac0,de_c756225d2dde6ac0_0,de_c756225d2dde6ac0_0_k4,90,95,False,0.7547039789015472,0.8740502264921066,0.6910073970317845,0.8762063322903992,0.7099031669340319
mock,de,en-de(synthetic),4,3,major_fluency,major,fluency,"0,1,3",3,"3,1,0,2",c756225d2dde6ac0,de_c756225d2dde6ac0_0,de_c756225d2dde6ac0_0_k4,90,95,False,0.7236153304333566,0.691016445235853,0.6910073970317845,0.8762063322903992,0.7099031669340319
mock,de,en-de(synthetic),4,4,major_fluency,major,fluency,"0,1,2,3",4,"3,1,0,2",c756225d2dde6ac0,de_c756225d2dde6ac0_0,de_c756225d2dde6ac0_0_k4,90,95,False,0.7046964540871947,0.691016445235853,0.6910073970317845,0.6996924670545317,0.7099031669340319
mock,de,en-de(synthetic),1,0,none,,,,0,"0,2,3,1",0b6e615588c09741,de_0b6e615588c09741_4,de_0b6e615588c09741_4_k1,24,25,False,0.9321666556053351,0.9321666556053351,,,
mock,de,en-de(synthetic),1,1,minor_accuracy,minor,accuracy,0,1,"0,2,3,1",0b6e615588c09741,de_0b6e615588c09741_4,de_0b6e615588c09741_4_k1,24,25,False,0.8462951786247852,0.8462951786247852,,,
mock,de,en-de(synthetic),1,1,minor_fluency,minor,fluency,0,1,"0,2,3,1",0b6e615588c09741,de_0b6e615588c09741_4,de_0b6e615588c09741_4_k1,24,25,False,0.7683254886834429,0.7683254886834429,,,
mock,de,en-de(synthetic),1,1,major_accuracy,major,accuracy,0,1,"0,2,3,1",0b6e615588c09741,de_0b6e615588c09741_4,de_0b6e615588c09741_4_k1,24,25,False,0.516709150591435,0.516709150591435,,,
mock,de,en-de(synthetic),1,1,major_fluency,major,fluency,0,1,"0,2,3,1",0b6e615588c09741,de_0b6e615588c09741_4,de_0b6e615588c09741_4_k1,24,25,False,0.6526984063687938,0.6526984063687938,,,
mock,de,en-de(synthetic),2,0,none,,,,0,"0,2,3,1",0b6e615588c09741,de_0b6e615588c09741_4,de_0b6e615588c09741_4_k2,46,48,False,0.894194848893561,0.9321666556053351,0.8973950543788382,,
mock,de,en-de(synthetic),2,1,minor_accuracy,minor,accuracy,0,1,"0,2,3,1",0b6e615588c09741,de_0b6e615588c09741_4,de_0b6e615588c09741_4_k2,46,48,False,0.8639547745611948,0.8462951786247852,0.8973950543788382,,
mock,de,en-de(synthetic),2,2,minor_accuracy,minor,accuracy,"0,1",4,"0,2,3,1",0b6e615588c09741,de_0b6e615588c09741_4,de_0b6e615588c09741_4_k2,46,48,False,0.8223335092090124,0.8462951786247852,0.7694715303375802,,
mock,de,en-de(synthetic),2,1,minor_fluency,minor,fluency,0,1,"0,2,3,1",0b6e615588c09741,de_0b6e615588c09741_4,de_0b6e615588c09741_4_k2,46,48,False,0.8222533382272933,0.7683254886834429,0.8973950543788382,,
mock,de,en-de(synthetic),2,2,minor_fluency,minor,fluency,"0,1",4,"0,2,3,1",0b6e615588c09741,de_0b6e615588c09741_4,de_0b6e615588c09741_4_k2,46,48,False,0.762802173780546,0.7683254886834429,0.7716222306862217,,
mock,de,en-de(synthetic),2,1,major_accuracy,major,accuracy,0,1,"0,2,3,1",0b6e615588c09741,de_0b6e615588c09741_4,de_0b6e615588c09741_4_k2,46,48,False,0.6081400796111291,0.516709150591435,0.8973950543788382,,
mock,de,en-de(synthetic),2,2,major_accuracy,major,accuracy,"0,1",4,"0,2,3,1",0b6e615588c09741,de_0b6e615588c09741_4,de_0b6e615588c09741_4_k2,46,48,False,0.5362073509927586,0.516709150591435,0.5415703064917916,,
mock,de,en-de(synthetic),2,1,major_fluency,major,fluency,0,1,"0,2,3,1",0b6e615588c09741,de_0b6e615588c09741_4,de_0b6e615588c09741_4_k2,46,48,False,0.7351104775038296,0.6526984063687938,0.8973950543788382,,
mock,de,en-de(synthetic),2,2,major_fluency,major,fluency,"0,1",4,"0,2,3,1",0b6e615588c09741,de_0b6e615588c09741_4,de_0b6e615588c09741_4_k2,46,48,False,0.6792486483062431,0.6526984063687938,0.6976022256719213,,
mock,de,en-de(synthetic),4,0,none,,,,0,"0,2,3,1",0b6e615588c09741,de_0b6e615588c09741_4,de_0b6e615588c09741_4_k4,90,95,False,0.8921903905621991,0.9321666556053351,0.8973950543788382,0.8678189317526259,0.8539945813605488
mock,de,en-de(synthetic),4,1,minor_accuracy,minor,accuracy,0,1,"0,2,3,1",0b6e615588c09741,de_0b6e615588c09741_4,de_0b6e615588c09741_4_k4,90,95,False,0.865655690646814,0.8462951786247852,0.8973950543788382,0.8678189317526259,0.8539945813605488
mock,de,en-de(synthetic),4,2,minor_accuracy,minor,accuracy,"0,2",2,"0,2,3,1",0b6e615588c09741,de_0b6e615588c09741_4,de_0b6e615588c09741_4_k4,90,95,False,0.809012150036024,0.8462951786247852,0.8973950543788382,0.7428663366387906,0.8539945813605488
mock,de,en-de(synthetic),4,3,minor_accuracy,minor,accuracy,"0,2,3",3,"0,2,3,1",0b6e615588c09741,de_0b6e615588c09741_4,de_0b6e615588c09741_4_k4,90,95,False,0.7891602779219691,0.8462951786247852,0.8973950543788382,0.7428663366387906,0.7291877509253528
mock,de,en-de(synthetic),4,4,minor_accuracy,minor,accuracy,"0,1,2,3",4,"0,2,3,1",0b6e615588c09741,de_0b6e615588c09741_4,de_0b6e615588c09741_4_k4,90,95,False,0.7632242098360075,0.8462951786247852,0.7694715303375802,0.7428663366387906,0.7291877509253528
mock,de,en-de(synthetic),4,1,minor_fluency,minor,fluency,0,1,"0,2,3,1",0b6e615588c09741,de_0b6e615588c09741_4,de_0b6e615588c09741_4_k4,90,95,False,0.8488008953311093,0.7683254886834429,0.8973950543788382,0.8678189317526259,0.8539945813605488
mock,de,en-de(synthetic),4,2,minor_fluency,minor,fluency,"0,2",2,"0,2,3,1",0b6e615588c09741,de_0b6e615588c09741_4,de_0b6e615588c09741_4_k4,90,95,False,0.8225373267299146,0.7683254886834429,0.8973950543788382,0.7720574585057183,0.8539945813605488
mock,de,en-de(synthetic),4,3,minor_fluency,minor,fluency,"0,2,3",3,"0,2,3,1",0b6e615588c09741,de_0b6e615588c09741_4,de_0b6e615588c09741_4_k4,90,95,False,0.800629847625062,0.7683254886834429,0.8973950543788382,0.7720574585057183,0.7972066260154931
mock,de,en-de(synthetic),4,4,minor_fluency,minor,fluency,"0,1,2,3",4,"0,2,3,1",0b6e615588c09741,de_0b6e615588c09741_4,de_0b6e615588c09741_4_k4,90,95,False,0.7633295044137526,0.7683254886834429,0.7716222306862217,0.7720574585057183,0.7972066260154931
mock,de,en-de(synthetic),4,1,major_accuracy,major,accuracy,0,1,"0,2,3,1",0b6e615588c09741,de_0b6e615588c09741_4,de_0b6e615588c09741_4_k4,90,95,False,0.6947800794098513,0.516709150591435,0.8973950543788382,0.8678189317526259,0.8539945813605488
mock,de,en-de(synthetic),4,2,major_accuracy,major,accuracy,"0,2",2,"0,2,3,1",0b6e615588c09741,de_0b6e615588c09741_4,de_0b6e615588c09741_4_k4,90,95,False,0.6194755050324783,0.516709150591435,0.8973950543788382,0.5373224828411138,0.8539945813605488
mock,de,en-de(synthetic),4,3,major_accuracy,major,accuracy,"0,2,3",3,"0,2,3,1",0b6e615588c09741,de_0b6e615588c09741_4,de_0b6e615588c09741_4_k4,90,95,False,0.5670600181467084,0.516709150591435,0.8973950543788382,0.5373224828411138,0.552619856579228
mock,de,en-de(synthetic),4,4,major_accuracy,major,accuracy,"0,1,2,3",4,"0,2,3,1",0b6e615588c09741,de_0b6e615588c09741_4,de_0b6e615588c09741_4_k4,90,95,False,0.5308464930103477,0.516709150591435,0.5415703064917916,0.5373224828411138,0.552619856579228
mock,de,en-de(synthetic),4,1,major_fluency,major,fluency,0,1,"0,2,3,1",0b6e615588c09741,de_0b6e615588c09741_4,de_0b6e615588c09741_4_k4,90,95,False,0.7907537227031144,0.6526984063687938,0.8973950543788382,0.8678189317526259,0.8539945813605488
mock,de,en-de(synthetic),4,2,major_fluency,major,fluency,"0,2",2,"0,2,3,1",0b6e615588c09741,de_0b6e615588c09741_4,de_0b6e615588c09741_4_k4,90,95,False,0.7293863418550368,0.6526984063687938,0.8973950543788382,0.6823781581344891,0.8539945813605488
mock,de,en-de(synthetic),4,3,major_fluency,major,fluency,"0,2,3",3,"0,2,3,1",0b6e615588c09741,de_0b6e615588c09741_4,de_0b6e615588c09741_4_k4,90,95,False,0.7164583786891182,0.6526984063687938,0.8973950543788382,0.6823781581344891,0.6960095942146624
mock,de,en-de(synthetic),4,4,major_fluency,major,fluency,"0,1,2,3",4,"0,2,3,1",0b6e615588c09741,de_0b6e615588c09741_4,de_0b6e615588c09741_4_k4,90,95,False,0.6827065307063273,0.6526984063687938,0.6976022256719213,0.6823781581344891,0.6960095942146624
mock,de,en-de(synthetic),1,0,none,,,,0,"2,0,3,1",512e7070c049464f,de_512e7070c049464f_4,de_512e7070c049464f_4_k1,24,25,False,0.8407857169689993,0.8407857169689993,,,
mock,de,en-de(synthetic),1,1,minor_accuracy,minor,accuracy,0,2,"2,0,3,1",512e7070c049464f,de_512e7070c049464f_4,de_512e7070c049464f_4_k1,24,25,False,0.7730739476410057,0.7730739476410057,,,
mock,de,en-de(synthetic),1,1,minor_fluency,minor,fluency,0,2,"2,0,3,1",512e7070c049464f,de_512e7070c049464f_4,de_512e7070c049464f_4_k1,24,25,False,0.7802994016347111,0.7802994016347111,,,
mock,de,en-de(synthetic),1,1,major_accuracy,major,accuracy,0,2,"2,0,3,1",512e7070c049464f,de_512e7070c049464f_4,de_512e7070c049464f_4_k1,24,25,False,0.5214703192128125,0.5214703192128125,,,
mock,de,en-de(synthetic),1,1,major_fluency,major,fluency,0,2,"2,0,3,1",512e7070c049464f,de_512e7070c049464f_4,de_512e7070c049464f_4_k1,24,25,False,0.6801000330173187,0.6801000330173187,,,
mock,de,en-de(synthetic),2,0,none,,,,0,"2,0,3,1",512e7070c049464f,de_512e7070c049464f_4,de_512e7070c049464f_4_k2,46,48,False,0.8305925080250345,0.8407857169689993,0.8448991305455464,,
mock,de,en-de(synthetic),2,1,minor_accuracy,minor,accuracy,0,2,"2,0,3,1",512e7070c049464f,de_512e7070c049464f_4,de_512e7070c049464f_4_k2,46,48,False,0.8184197403064898,0.7730739476410057,0.8448991305455464,,
mock,de,en-de(synthetic),2,2,minor_accuracy,minor,accuracy,"0,1",4,"2,0,3,1",512e7070c049464f,de_512e7070c049464f_4,de_512e7070c049464f_4_k2,46,48,False,0.7667616691222511,0.7730739476410057,0.7602564062830467,,
mock,de,en-de(synthetic),2,1,minor_fluency,minor,fluency,0,2,"2,0,3,1",512e7070c049464f,de_512e7070c049464f_4,de_512e7070c049464f_4_k2,46,48,False,0.8077370499429055,0.7802994016347111,0.8448991305455464,,
mock,de,en-de(synthetic),2,2,minor_fluency,minor,fluency,"0,1",4,"2,0,3,1",512e7070c049464f,de_512e7070c049464f_4,de_512e7070c049464f_4_k2,46,48,False,0.7694157851430103,0.7802994016347111,0.7651830560081172,,
mock,de,en-de(synthetic),2,1,major_accuracy,major,accuracy,0,2,"2,0,3,1",512e7070c049464f,de_512e7070c049464f_4,de_512e7070c049464f_4_k2,46,48,False,0.5983757156470765,0.5214703192128125,0.8448991305455464,,
mock,de,en-de(synthetic),2,2,major_accuracy,major,accuracy,"0,1",4,"2,0,3,1",512e7070c049464f,de_512e7070c049464f_4,de_512e7070c049464f_4_k2,46,48,False,0.5446392556161244,0.5214703192128125,0.5752463411860085,,
mock,de,en-de(synthetic),2,1,major_fluency,major,fluency,0,2,"2,0,3,1",512e7070c049464f,de_512e7070c049464f_4,de_512e7070c049464f_4_k2,46,48,False,0.7342569252577881,0.6801000330173187,0.8448991305455464,,
mock,de,en-de(synthetic),2,2,major_fluency,major,fluency,"0,1",4,"2,0,3,1",512e7070c049464f,de_512e7070c049464f_4,de_512e7070c049464f_4_k2,46,48,False,0.6882366681581278,0.6801000330173187,0.6948640536952296,,
mock,de,en-de(synthetic),4,0,none,,,,0,"2,0,3,1",512e7070c049464f,de_512e7070c049464f_4,de_512e7070c049464f_4_k4,90,95,False,0.8470568253177726,0.8407857169689993,0.8448991305455464,0.8349512583527129,0.8689368371838547
mock,de,en-de(synthetic),4,1,minor_accuracy,minor,accuracy,2,1,"2,0,3,1",512e7070c049464f,de_512e7070c049464f_4,de_512e7070c049464f_4_k4,90,95,False,0.8362037244416551,0.8407857169689993,0.8448991305455464,0.7970010897618162,0.8689368371838547
mock,de,en-de(synthetic),4,2,minor_accuracy,minor,accuracy,"0,2",2,"2,0,3,1",512e7070c049464f,de_512e7070c049464f_4,de_512e7070c049464f_4_k4,90,95,False,0.8298507765037727,0.7730739476410057,0.8448991305455464,0.7970010897618162,0.8689368371838547
mock,de,en-de(synthetic),4,3,minor_accuracy,minor,accuracy,"0,2,3",3,"2,0,3,1",512e7070c049464f,de_512e7070c049464f_4,de_512e7070c049464f_4_k4,90,95,False,0.7732041940076804,0.7730739476410057,0.8448991305455464,0.7970010897618162,0.722705926751177
mock,de,en-de(synthetic),4,4,minor_accuracy,minor,accuracy,"0,1,2,3",4,"2,0,3,1",512e7070c049464f,de_512e7070c049464f_4,de_512e7070c049464f_4_k4,90,95,False,0.751953529956547,0.7730739476410057,0.7602564062830467,0.7970010897618162,0.722705926751177
mock,de,en-de(synthetic),4,1,minor_fluency,minor,fluency,2,1,"2,0,3,1",512e7070c049464f,de_512e7070c049464f_4,de_512e7070c049464f_4_k4,90,95,False,0.8390287879846492,0.8407857169689993,0.8448991305455464,0.7877437616250632,0.8689368371838547
mock,de,en-de(synthetic),4,2,minor_fluency,minor,fluency,"0,2",2,"2,0,3,1",512e7070c049464f,de_512e7070c049464f_4,de_512e7070c049464f_4_k4,90,95,False,0.814156801387102,0.7802994016347111,0.8448991305455464,0.7877437616250632,0.8689368371838547
mock,de,en-de(synthetic),4,3,minor_fluency,minor,fluency,"0,2,3",3,"2,0,3,1",512e7070c049464f,de_512e7070c049464f_4,de_512e7070c049464f_4_k4,90,95,False,0.7783883234815129,0.7802994016347111,0.8448991305455464,0.7877437616250632,0.7502744644219584
mock,de,en-de(synthetic),4,4,minor_fluency,minor,fluency,"0,1,2,3",4,"2,0,3,1",512e7070c049464f,de_512e7070c049464f_4,de_512e7070c049464f_4_k4,90,95,False,0.7629616892845205,0.7802994016347111,0.7651830560081172,0.7877437616250632,0.7502744644219584
mock,de,en-de(synthetic),4,1,major_accuracy,major,accuracy,2,1,"2,0,3,1",512e7070c049464f,de_512e7070c049464f_4,de_512e7070c049464f_4_k4,90,95,False,0.6887901181559208,0.8407857169689993,0.8448991305455464,0.520072334842341,0.8689368371838547
mock,de,en-de(synthetic),4,2,major_accuracy,major,accuracy,"0,2",2,"2,0,3,1",512e7070c049464f,de_512e7070c049464f_4,de_512e7070c049464f_4_k4,90,95,False,0.6087582158174549,0.5214703192128125,0.8448991305455464,0.520072334842341,0.8689368371838547
mock,de,en-de(synthetic),4,3,major_accuracy,major,accuracy,"0,2,3",3,"2,0,3,1",512e7070c049464f,de_512e7070c049464f_4,de_512e7070c049464f_4_k4,90,95,False,0.5626066451885238,0.5214703192128125,0.8448991305455464,0.520072334842341,0.5601974339320712
mock,de,en-de(synthetic),4,4,major_accuracy,major,accuracy,"0,1,2,3",4,"2,0,3,1",512e7070c049464f,de_512e7070c049464f_4,de_512e7070c049464f_4_k4,90,95,False,0.5463671389112794,0.5214703192128125,0.5752463411860085,0.520072334842341,0.5601974339320712
mock,de,en-de(synthetic),4,1,major_fluency,major,fluency,2,1,"2,0,3,1",512e7070c049464f,de_512e7070c049464f_4,de_512e7070c049464f_4_k4,90,95,False,0.7940695618829093,0.8407857169689993,0.8448991305455464,0.6746869004503979,0.8689368371838547
mock,de,en-de(synthetic),4,2,major_fluency,major,fluency,"0,2",2,"2,0,3,1",512e7070c049464f,de_512e7070c049464f_4,de_512e7070c049464f_4_k4,90,95,False,0.7626750261933068,0.6801000330173187,0.8448991305455464,0.6746869004503979,0.8689368371838547
mock,de,en-de(synthetic),4,3,major_fluency,major,fluency,"0,2,3",3,"2,0,3,1",512e7070c049464f,de_512e7070c049464f_4,de_512e7070c049464f_4_k4,90,95,False,0.7090346639561678,0.6801000330173187,0.8448991305455464,0.6746869004503979,0.6950433511158118
mock,de,en-de(synthetic),4,4,major_fluency,major,fluency,"0,1,2,3",4,"2,0,3,1",512e7070c049464f,de_512e7070c049464f_4,de_512e7070c049464f_4_k4,90,95,False,0.6808676879919835,0.6801000330173187,0.6948640536952296,0.6746869004503979,0.6950433511158118
mock,de,en-de(synthetic),1,0,none,,,,0,"0,2,3,1",be5ecf7be7eda10c,de_be5ecf7be7eda10c_0,de_be5ecf7be7eda10c_0_k1,24,25,False,0.8551463655798002,0.8551463655798002,,,
mock,de,en-de(synthetic),1,1,minor_accuracy,minor,accuracy,0,1,"0,2,3,1",be5ecf7be7eda10c,de_be5ecf7be7eda10c_0,de_be5ecf7be7eda10c_0_k1,24,25,False,0.7889692933083465,0.7889692933083465,,,
mock,de,en-de(synthetic),1,1,minor_fluency,minor,fluency,0,1,"0,2,3,1",be5ecf7be7eda10c,de_be5ecf7be7eda10c_0,de_be5ecf7be7eda10c_0_k1,24,25,False,0.8229463895310811,0.8229463895310811,,,
mock,de,en-de(synthetic),1,1,major_accuracy,major,accuracy,0,1,"0,2,3,1",be5ecf7be7eda10c,de_be5ecf7be7eda10c_0,de_be5ecf7be7eda10c_0_k1,24,25,False,0.5833099949683007,0.5833099949683007,,,
mock,de,en-de(synthetic),1,1,major_fluency,major,fluency,0,1,"0,2,3,1",be5ecf7be7eda10c,de_be5ecf7be7eda10c_0,de_be5ecf7be7eda10c_0_k1,24,25,False,0.668582837481075,0.668582837481075,,,
mock,de,en-de(synthetic),2,0,none,,,,0,"0,2,3,1",be5ecf7be7eda10c,de_be5ecf7be7eda10c_0,de_be5ecf7be7eda10c_0_k2,46,48,False,0.8556675699073052,0.8551463655798002,0.8250696435941756,,
mock,de,en-de(synthetic),2,1,minor_accuracy,minor,accuracy,0,1,"0,2,3,1",be5ecf7be7eda10c,de_be5ecf7be7eda10c_0,de_be5ecf7be7eda10c_0_k2,46,48,False,0.8070285069416925,0.7889692933083465,0.8250696435941756,,
mock,de,en-de(synthetic),2,2,minor_accuracy,minor,accuracy,"0,1",4,"0,2,3,1",be5ecf7be7eda10c,de_be5ecf7be7eda10c_0,de_be5ecf7be7eda10c_0_k2,46,48,False,0.7808513004454812,0.7889692933083465,0.7410906790433881,,
mock,de,en-de(synthetic),2,1,minor_fluency,minor,fluency,0,1,"0,2,3,1",be5ecf7be7eda10c,de_be5ecf7be7eda10c_0,de_be5ecf7be7eda10c_0_k2,46,48,False,0.813321953501351,0.8229463895310811,0.8250696435941756,,
mock,de,en-de(synthetic),2,2,minor_fluency,minor,fluency,"0,1",4,"0,2,3,1",be5ecf7be7eda10c,de_be5ecf7be7eda10c_0,de_be5ecf7be7eda10c_0_k2,46,48,False,0.8221477891018794,0.8229463895310811,0.8165061881747637,,
mock,de,en-de(synthetic),2,1,major_accuracy,major,accuracy,0,1,"0,2,3,1",be5ecf7be7eda10c,de_be5ecf7be7eda10c_0,de_be5ecf7be7eda10c_0_k2,46,48,False,0.660450620094583,0.5833099949683007,0.8250696435941756,,
mock,de,en-de(synthetic),2,2,major_accuracy,major,accuracy,"0,1",4,"0,2,3,1",be5ecf7be7eda10c,de_be5ecf7be7eda10c_0,de_be5ecf7be7eda10c_0_k2,46,48,False,0.5605610968184678,0.5833099949683007,0.5660428829590387,,
mock,de,en-de(synthetic),2,1,major_fluency,major,fluency,0,1,"0,2,3,1",be5ecf7be7eda10c,de_be5ecf7be7eda10c_0,de_be5ecf7be7eda10c_0_k2,46,48,False,0.7226133466246449,0.668582837481075,0.8250696435941756,,
mock,de,en-de(synthetic),2,2,major_fluency,major,fluency,"0,1",4,"0,2,3,1",be5ecf7be7eda10c,de_be5ecf7be7eda10c_0,de_be5ecf7be7eda10c_0_k2,46,48,False,0.7026954019808885,0.668582837481075,0.7253423186826927,,
mock,de,en-de(synthetic),4,0,none,,,,0,"0,2,3,1",be5ecf7be7eda10c,de_be5ecf7be7eda10c_0,de_be5ecf7be7eda10c_0_k4,90,95,False,0.8529833611535059,0.8551463655798002,0.8250696435941756,0.8331712903175733,0.8727467542457724
mock,de,en-de(synthetic),4,1,minor_accuracy,minor,accuracy,0,1,"0,2,3,1",be5ecf7be7eda10c,de_be5ecf7be7eda10c_0,de_be5ecf7be7eda10c_0_k4,90,95,False,0.8340520602514234,0.7889692933083465,0.8250696435941756,0.8331712903175733,0.8727467542457724
mock,de,en-de(synthetic),4,2,minor_accuracy,minor,accuracy,"0,2",2,"0,2,3,1",be5ecf7be7eda10c,de_be5ecf7be7eda10c_0,de_be5ecf7be7eda10c_0_k4,90,95,False,0.8173250150173823,0.7889692933083465,0.8250696435941756,0.7521095902667326,0.8727467542457724
mock,de,en-de(synthetic),4,3,minor_accuracy,minor,accuracy,"0,2,3",3,"0,2,3,1",be5ecf7be7eda10c,de_be5ecf7be7eda10c_0,de_be5ecf7be7eda10c_0_k4,90,95,False,0.7645327139064712,0.7889692933083465,0.8250696435941756,0.7521095902667326,0.7248134333122048
mock,de,en-de(synthetic),4,4,minor_accuracy,minor,accuracy,"0,1,2,3",4,"0,2,3,1",be5ecf7be7eda10c,de_be5ecf7be7eda10c_0,de_be5ecf7be7eda10c_0_k4,90,95,False,0.7434072357387366,0.7889692933083465,0.7410906790433881,0.7521095902667326,0.7248134333122048
mock,de,en-de(synthetic),4,1,minor_fluency,minor,fluency,0,1,"0,2,3,1",be5ecf7be7eda10c,de_be5ecf7be7eda10c_0,de_be5ecf7be7eda10c_0_k4,90,95,False,0.8350992480486058,0.8229463895310811,0.8250696435941756,0.8331712903175733,0.8727467542457724
mock,de,en-de(synthetic),4,2,minor_fluency,minor,fluency,"0,2",2,"0,2,3,1",be5ecf7be7eda10c,de_be5ecf7be7eda10c_0,de_be5ecf7be7eda10c_0_k4,90,95,False,0.804099650640464,0.8229463895310811,0.8250696435941756,0.7825126377036915,0.8727467542457724
mock,de,en-de(synthetic),4,3,minor_fluency,minor,fluency,"0,2,3",3,"0,2,3,1",be5ecf7be7eda10c,de_be5ecf7be7eda10c_0,de_be5ecf7be7eda10c_0_k4,90,95,False,0.826262809368834,0.8229463895310811,0.8250696435941756,0.7825126377036915,0.8613894463012906
mock,de,en-de(synthetic),4,4,minor_fluency,minor,fluency,"0,1,2,3",4,"0,2,3,1",be5ecf7be7eda10c,de_be5ecf7be7eda10c_0,de_be5ecf7be7eda10c_0_k4,90,95,False,0.8107561117566547,0.8229463895310811,0.8165061881747637,0.7825126377036915,0.8613894463012906
mock,de,en-de(synthetic),4,1,major_accuracy,major,accuracy,0,1,"0,2,3,1",be5ecf7be7eda10c,de_be5ecf7be7eda10c_0,de_be5ecf7be7eda10c_0_k4,90,95,False,0.7414789376098384,0.5833099949683007,0.8250696435941756,0.8331712903175733,0.8727467542457724
mock,de,en-de(synthetic),4,2,major_accuracy,major,accuracy,"0,2",2,"0,2,3,1",be5ecf7be7eda10c,de_be5ecf7be7eda10c_0,de_be5ecf7be7eda10c_0_k4,90,95,False,0.6904225038135127,0.5833099949683007,0.8250696435941756,0.6083085982694381,0.8727467542457724
mock,de,en-de(synthetic),4,3,major_accuracy,major,accuracy,"0,2,3",3,"0,2,3,1",be5ecf7be7eda10c,de_be5ecf7be7eda10c_0,de_be5ecf7be7eda10c_0_k4,90,95,False,0.5886581599662344,0.5833099949683007,0.8250696435941756,0.6083085982694381,0.5705788925555066
mock,de,en-de(synthetic),4,4,major_accuracy,major,accuracy,"0,1,2,3",4,"0,2,3,1",be5ecf7be7eda10c,de_be5ecf7be7eda10c_0,de_be5ecf7be7eda10c_0_k4,90,95,False,0.5736180409510586,0.5833099949683007,0.5660428829590387,0.6083085982694381,0.5705788925555066
mock,de,en-de(synthetic),4,1,major_fluency,major,fluency,0,1,"0,2,3,1",be5ecf7be7eda10c,de_be5ecf7be7eda10c_0,de_be5ecf7be7eda10c_0_k4,90,95,False,0.7813001133612579,0.668582837481075,0.8250696435941756,0.8331712903175733,0.8727467542457724
mock,de,en-de(synthetic),4,2,major_fluency,major,fluency,"0,2",2,"0,2,3,1",be5ecf7be7eda10c,de_be5ecf7be7eda10c_0,de_be5ecf7be7eda10c_0_k4,90,95,False,0.752528719298301,0.668582837481075,0.8250696435941756,0.7107313711036666,0.8727467542457724
mock,de,en-de(synthetic),4,3,major_fluency,major,fluency,"0,2,3",3,"0,2,3,1",be5ecf7be7eda10c,de_be5ecf7be7eda10c_0,de_be5ecf7be7eda10c_0_k4,90,95,False,0.728423554662502,0.668582837481075,0.8250696435941756,0.7107313711036666,0.7068894766167946
mock,de,en-de(synthetic),4,4,major_fluency,major,fluency,"0,1,2,3",4,"0,2,3,1",be5ecf7be7eda10c,de_be5ecf7be7eda10c_0,de_be5ecf7be7eda10c_0_k4,90,95,False,0.7039077989536467,0.668582837481075,0.7253423186826927,0.7107313711036666,0.7068894766167946
mock,de,en-de(synthetic),1,0,none,,,,0,"3,0,2,1",dc2f27b8b410ffda,de_dc2f27b8b410ffda_4,de_dc2f27b8b410ffda_4_k1,24,25,False,0.8372423934241431,0.8372423934241431,,,
mock,de,en-de(synthetic),1,1,minor_accuracy,minor,accuracy,0,2,"3,0,2,1",dc2f27b8b410ffda,de_dc2f27b8b410ffda_4,de_dc2f27b8b410ffda_4_k1,24,25,False,0.748145702431891,0.748145702431891,,,
mock,de,en-de(synthetic),1,1,minor_fluency,minor,fluency,0,2,"3,0,2,1",dc2f27b8b410ffda,de_dc2f27b8b410ffda_4,de_dc2f27b8b410ffda_4_k1,24,25,False,0.8331373921948966,0.8331373921948966,,,
mock,de,en-de(synthetic),1,1,major_accuracy,major,accuracy,0,2,"3,0,2,1",dc2f27b8b410ffda,de_dc2f27b8b410ffda_4,de_dc2f27b8b410ffda_4_k1,24,25,False,0.5132888806940625,0.5132888806940625,,,
mock,de,en-de(synthetic),1,1,major_fluency,major,fluency,0,2,"3,0,2,1",dc2f27b8b410ffda,de_dc2f27b8b410ffda_4,de_dc2f27b8b410ffda_4_k1,24,25,False,0.6942545709972895,0.6942545709972895,,,
mock,de,en-de(synthetic),2,0,none,,,,0,"3,0,2,1",dc2f27b8b410ffda,de_dc2f27b8b410ffda_4,de_dc2f27b8b410ffda_4_k2,46,48,False,0.8189884789494883,0.8372423934241431,0.852823934061998,,
mock,de,en-de(synthetic),2,1,minor_accuracy,minor,accuracy,0,2,"3,0,2,1",dc2f27b8b410ffda,de_dc2f27b8b410ffda_4,de_dc2f27b8b410ffda_4_k2,46,48,False,0.7856359699913312,0.748145702431891,0.852823934061998,,
mock,de,en-de(synthetic),2,2,minor_accuracy,minor,accuracy,"0,1",4,"3,0,2,1",dc2f27b8b410ffda,de_dc2f27b8b410ffda_4,de_dc2f27b8b410ffda_4_k2,46,48,False,0.7535399699289496,0.748145702431891,0.8134342221827895,,
mock,de,en-de(synthetic),2,1,minor_fluency,minor,fluency,0,2,"3,0,2,1",dc2f27b8b410ffda,de_dc2f27b8b410ffda_4,de_dc2f27b8b410ffda_4_k2,46,48,False,0.8442238729726855,0.8331373921948966,0.852823934061998,,
mock,de,en-de(synthetic),2,2,minor_fluency,minor,fluency,"0,1",4,"3,0,2,1",dc2f27b8b410ffda,de_dc2f27b8b410ffda_4,de_dc2f27b8b410ffda_4_k2,46,48,False,0.7741754189684615,0.8331373921948966,0.7577622996744334,,
mock,de,en-de(synthetic),2,1,major_accuracy,major,accuracy,0,2,"3,0,2,1",dc2f27b8b410ffda,de_dc2f27b8b410ffda_4,de_dc2f27b8b410ffda_4_k2,46,48,False,0.5941523022950852,0.5132888806940625,0.852823934061998,,
mock,de,en-de(synthetic),2,2,major_accuracy,major,accuracy,"0,1",4,"3,0,2,1",dc2f27b8b410ffda,de_dc2f27b8b410ffda_4,de_dc2f27b8b410ffda_4_k2,46,48,False,0.5425573422470409,0.5132888806940625,0.5598145261606704,,
mock,de,en-de(synthetic),2,1,major_fluency,major,fluency,0,2,"3,0,2,1",dc2f27b8b410ffda,de_dc2f27b8b410ffda_4,de_dc2f27b8b410ffda_4_k2,46,48,False,0.7514312432612258,0.6942545709972895,0.852823934061998,,
mock,de,en-de(synthetic),2,2,major_fluency,major,fluency,"0,1",4,"3,0,2,1",dc2f27b8b410ffda,de_dc2f27b8b410ffda_4,de_dc2f27b8b410ffda_4_k2,46,48,False,0.6972493860454313,0.6942545709972895,0.6920338630680578,,
mock,de,en-de(synthetic),4,0,none,,,,0,"3,0,2,1",dc2f27b8b410ffda,de_dc2f27b8b410ffda_4,de_dc2f27b8b410ffda_4_k4,90,95,False,0.8426886176108199,0.8372423934241431,0.852823934061998,0.8448772198968166,0.8575544973357284
mock,de,en-de(synthetic),4,1,minor_accuracy,minor,accuracy,3,1,"3,0,2,1",dc2f27b8b410ffda,de_dc2f27b8b410ffda_4,de_dc2f27b8b410ffda_4_k4,90,95,False,0.8324312082740446,0.8372423934241431,0.852823934061998,0.8448772198968166,0.7901388843431812
mock,de,en-de(synthetic),4,2,minor_accuracy,minor,accuracy,"0,3",2,"3,0,2,1",dc2f27b8b410ffda,de_dc2f27b8b410ffda_4,de_dc2f27b8b410ffda_4_k4,90,95,False,0.7869876226772277,0.748145702431891,0.852823934061998,0.8448772198968166,0.7901388843431812
mock,de,en-de(synthetic),4,3,minor_accuracy,minor,accuracy,"0,2,3",3,"3,0,2,1",dc2f27b8b410ffda,de_dc2f27b8b410ffda_4,de_dc2f27b8b410ffda_4_k4,90,95,False,0.7907258371913136,0.748145702431891,0.852823934061998,0.815177584568891,0.7901388843431812
mock,de,en-de(synthetic),4,4,minor_accuracy,minor,accuracy,"0,1,2,3",4,"3,0,2,1",dc2f27b8b410ffda,de_dc2f27b8b410ffda_4,de_dc2f27b8b410ffda_4_k4,90,95,False,0.7878654447633489,0.748145702431891,0.8134342221827895,0.815177584568891,0.7901388843431812
mock,de,en-de(synthetic),4,1,minor_fluency,minor,fluency,3,1,"3,0,2,1",dc2f27b8b410ffda,de_dc2f27b8b410ffda_4,de_dc2f27b8b410ffda_4_k4,90,95,False,0.8271873146520361,0.8372423934241431,0.852823934061998,0.8448772198968166,0.7977255803175403
mock,de,en-de(synthetic),4,2,minor_fluency,minor,fluency,"0,3",2,"3,0,2,1",dc2f27b8b410ffda,de_dc2f27b8b410ffda_4,de_dc2f27b8b410ffda_4_k4,90,95,False,0.8461442495008338,0.8331373921948966,0.852823934061998,0.8448772198968166,0.7977255803175403
mock,de,en-de(synthetic),4,3,minor_fluency,minor,fluency,"0,2,3",3,"3,0,2,1",dc2f27b8b410ffda,de_dc2f27b8b410ffda_4,de_dc2f27b8b410ffda_4_k4,90,95,False,0.835825200048903,0.8331373921948966,0.852823934061998,0.8346567977833876,0.7977255803175403
mock,de,en-de(synthetic),4,4,minor_fluency,minor,fluency,"0,1,2,3",4,"3,0,2,1",dc2f27b8b410ffda,de_dc2f27b8b410ffda_4,de_dc2f27b8b410ffda_4_k4,90,95,False,0.8098337934908927,0.8331373921948966,0.7577622996744334,0.8346567977833876,0.7977255803175403
mock,de,en-de(synthetic),4,1,major_accuracy,major,accuracy,3,1,"3,0,2,1",dc2f27b8b410ffda,de_dc2f27b8b410ffda_4,de_dc2f27b8b410ffda_4_k4,90,95,False,0.6785894824799458,0.8372423934241431,0.852823934061998,0.8448772198968166,0.5335078662429509
mock,de,en-de(synthetic),4,2,major_accuracy,major,accuracy,"0,3",2,"3,0,2,1",dc2f27b8b410ffda,de_dc2f27b8b410ffda_4,de_dc2f27b8b410ffda_4_k4,90,95,False,0.6000635862451131,0.5132888806940625,0.852823934061998,0.8448772198968166,0.5335078662429509
mock,de,en-de(synthetic),4,3,major_accuracy,major,accuracy,"0,2,3",3,"3,0,2,1",dc2f27b8b410ffda,de_dc2f27b8b410ffda_4,de_dc2f27b8b410ffda_4_k4,90,95,False,0.5585326786353028,0.5132888806940625,0.852823934061998,0.541983361397548,0.5335078662429509
mock,de,en-de(synthetic),4,4,major_accuracy,major,accuracy,"0,1,2,3",4,"3,0,2,1",dc2f27b8b410ffda,de_dc2f27b8b410ffda_4,de_dc2f27b8b410ffda_4_k4,90,95,False,0.5361537486352004,0.5132888806940625,0.5598145261606704,0.541983361397548,0.5335078662429509
mock,de,en-de(synthetic),4,1,major_fluency,major,fluency,3,1,"3,0,2,1",dc2f27b8b410ffda,de_dc2f27b8b410ffda_4,de_dc2f27b8b410ffda_4_k4,90,95,False,0.7990645848293461,0.8372423934241431,0.852823934061998,0.8448772198968166,0.7317938090045333
mock,de,en-de(synthetic),4,2,major_fluency,major,fluency,"0,3",2,"3,0,2,1",dc2f27b8b410ffda,de_dc2f27b8b410ffda_4,de_dc2f27b8b410ffda_4_k4,90,95,False,0.7851293277207544,0.6942545709972895,0.852823934061998,0.8448772198968166,0.7317938090045333
mock,de,en-de(synthetic),4,3,major_fluency,major,fluency,"0,2,3",3,"3,0,2,1",dc2f27b8b410ffda,de_dc2f27b8b410ffda_4,de_dc2f27b8b410ffda_4_k4,90,95,False,0.7532964983234482,0.6942545709972895,0.852823934061998,0.7224482629089902,0.7317938090045333
mock,de,en-de(synthetic),4,4,major_fluency,major,fluency,"0,1,2,3",4,"3,0,2,1",dc2f27b8b410ffda,de_dc2f27b8b410ffda_4,de_dc2f27b8b410ffda_4_k4,90,95,False,0.7286916862409694,0.6942545709972895,0.6920338630680578,0.7224482629089902,0.7317938090045333
mock,de,en-de(synthetic),1,0,none,,,,0,"0,3,1,2",78540f0891c50a57,de_78540f0891c50a57_0,de_78540f0891c50a57_0_k1,24,25,False,0.8443306444021755,0.8443306444021755,,,
mock,de,en-de(synthetic),1,1,minor_accuracy,minor,accuracy,0,1,"0,3,1,2",78540f0891c50a57,de_78540f0891c50a57_0,de_78540f0891c50a57_0_k1,24,25,False,0.7761924217281336,0.7761924217281336,,,
mock,de,en-de(synthetic),1,1,minor_fluency,minor,fluency,0,1,"0,3,1,2",78540f0891c50a57,de_78540f0891c50a57_0,de_78540f0891c50a57_0_k1,24,25,False,0.7682700358277827,0.7682700358277827,,,
mock,de,en-de(synthetic),1,1,major_accuracy,major,accuracy,0,1,"0,3,1,2",78540f0891c50a57,de_78540f0891c50a57_0,de_78540f0891c50a57_0_k1,24,25,False,0.5250209932566103,0.5250209932566103,,,
mock,de,en-de(synthetic),1,1,major_fluency,major,fluency,0,1,"0,3,1,2",78540f0891c50a57,de_78540f0891c50a57_0,de_78540f0891c50a57_0_k1,24,25,False,0.6819883395797898,0.6819883395797898,,,
mock,de,en-de(synthetic),2,0,none,,,,0,"0,3,1,2",78540f0891c50a57,de_78540f0891c50a57_0,de_78540f0891c50a57_0_k2,46,48,False,0.8463971168107909,0.8443306444021755,0.8490704959746118,,
mock,de,en-de(synthetic),2,1,minor_accuracy,minor,accuracy,0,1,"0,3,1,2",78540f0891c50a57,de_78540f0891c50a57_0,de_78540f0891c50a57_0_k2,46,48,False,0.8062925115347417,0.7761924217281336,0.8490704959746118,,
mock,de,en-de(synthetic),2,2,minor_accuracy,minor,accuracy,"0,1",3,"0,3,1,2",78540f0891c50a57,de_78540f0891c50a57_0,de_78540f0891c50a57_0_k2,46,48,False,0.7688245182231284,0.7761924217281336,0.7746689455932646,,
mock,de,en-de(synthetic),2,1,minor_fluency,minor,fluency,0,1,"0,3,1,2",78540f0891c50a57,de_78540f0891c50a57_0,de_78540f0891c50a57_0_k2,46,48,False,0.7979121410355311,0.7682700358277827,0.8490704959746118,,
mock,de,en-de(synthetic),2,2,minor_fluency,minor,fluency,"0,1",3,"0,3,1,2",78540f0891c50a57,de_78540f0891c50a57_0,de_78540f0891c50a57_0_k2,46,48,False,0.7921870199741283,0.7682700358277827,0.8215026884677059,,
mock,de,en-de(synthetic),2,1,major_accuracy,major,accuracy,0,1,"0,3,1,2",78540f0891c50a57,de_78540f0891c50a57_0,de_78540f0891c50a57_0_k2,46,48,False,0.6123902818147605,0.5250209932566103,0.8490704959746118,,
mock,de,en-de(synthetic),2,2,major_accuracy,major,accuracy,"0,1",3,"0,3,1,2",78540f0891c50a57,de_78540f0891c50a57_0,de_78540f0891c50a57_0_k2,46,48,False,0.5549981242740605,0.5250209932566103,0.5962481838743598,,
mock,de,en-de(synthetic),2,1,major_fluency,major,fluency,0,1,"0,3,1,2",78540f0891c50a57,de_78540f0891c50a57_0,de_78540f0891c50a57_0_k2,46,48,False,0.7281378786690436,0.6819883395797898,0.8490704959746118,,
mock,de,en-de(synthetic),2,2,major_fluency,major,fluency,"0,1",3,"0,3,1,2",78540f0891c50a57,de_78540f0891c50a57_0,de_78540f0891c50a57_0_k2,46,48,False,0.66417035101132,0.6819883395797898,0.6808309242940467,,
mock,de,en-de(synthetic),4,0,none,,,,0,"0,3,1,2",78540f0891c50a57,de_78540f0891c50a57_0,de_78540f0891c50a57_0_k4,90,95,False,0.8437625919705863,0.8443306444021755,0.8490704959746118,0.8304498771474618,0.8645291863882141
mock,de,en-de(synthetic),4,1,minor_accuracy,minor,accuracy,0,1,"0,3,1,2",78540f0891c50a57,de_78540f0891c50a57_0,de_78540f0891c50a57_0_k4,90,95,False,0.8387926744269143,0.7761924217281336,0.8490704959746118,0.8304498771474618,0.8645291863882141
mock,de,en-de(synthetic),4,2,minor_accuracy,minor,accuracy,"0,3",2,"0,3,1,2",78540f0891c50a57,de_78540f0891c50a57_0,de_78540f0891c50a57_0_k4,90,95,False,0.7899642603190798,0.7761924217281336,0.8490704959746118,0.8304498771474618,0.7699256540898693
mock,de,en-de(synthetic),4,3,minor_accuracy,minor,accuracy,"0,1,3",3,"0,3,1,2",78540f0891c50a57,de_78540f0891c50a57_0,de_78540f0891c50a57_0_k4,90,95,False,0.7862276432838633,0.7761924217281336,0.7746689455932646,0.8304498771474618,0.7699256540898693
mock,de,en-de(synthetic),4,4,minor_accuracy,minor,accuracy,"0,1,2,3",4,"0,3,1,2",78540f0891c50a57,de_78540f0891c50a57_0,de_78540f0891c50a57_0_k4,90,95,False,0.7718688716895087,0.7761924217281336,0.7746689455932646,0.7372783352103245,0.7699256540898693
mock,de,en-de(synthetic),4,1,minor_fluency,minor,fluency,0,1,"0,3,1,2",78540f0891c50a57,de_78540f0891c50a57_0,de_78540f0891c50a57_0_k4,90,95,False,0.8006320548994511,0.7682700358277827,0.8490704959746118,0.8304498771474618,0.8645291863882141
mock,de,en-de(synthetic),4,2,minor_fluency,minor,fluency,"0,3",2,"0,3,1,2",78540f0891c50a57,de_78540f0891c50a57_0,de_78540f0891c50a57_0_k4,90,95,False,0.7981094299535086,0.7682700358277827,0.8490704959746118,0.8304498771474618,0.732648991716771
mock,de,en-de(synthetic),4,3,minor_fluency,minor,fluency,"0,1,3",3,"0,3,1,2",78540f0891c50a57,de_78540f0891c50a57_0,de_78540f0891c50a57_0_k4,90,95,False,0.7688540279513714,0.7682700358277827,0.8215026884677059,0.8304498771474618,0.732648991716771
mock,de,en-de(synthetic),4,4,minor_fluency,minor,fluency,"0,1,2,3",4,"0,3,1,2",78540f0891c50a57,de_78540f0891c50a57_0,de_78540f0891c50a57_0_k4,90,95,False,0.7735166376107246,0.7682700358277827,0.8215026884677059,0.7717410532121518,0.732648991716771
mock,de,en-de(synthetic),4,1,major_accuracy,major,accuracy,0,1,"0,3,1,2",78540f0891c50a57,de_78540f0891c50a57_0,de_78540f0891c50a57_0_k4,90,95,False,0.6827911444718323,0.5250209932566103,0.8490704959746118,0.8304498771474618,0.8645291863882141
mock,de,en-de(synthetic),4,2,major_accuracy,major,accuracy,"0,3",2,"0,3,1,2",78540f0891c50a57,de_78540f0891c50a57_0,de_78540f0891c50a57_0_k4,90,95,False,0.6031708735535476,0.5250209932566103,0.8490704959746118,0.8304498771474618,0.5019558251937855
mock,de,en-de(synthetic),4,3,major_accuracy,major,accuracy,"0,1,3",3,"0,3,1,2",78540f0891c50a57,de_78540f0891c50a57_0,de_78540f0891c50a57_0_k4,90,95,False,0.5706101574392693,0.5250209932566103,0.5962481838743598,0.8304498771474618,0.5019558251937855
mock,de,en-de(synthetic),4,4,major_accuracy,major,accuracy,"0,1,2,3",4,"0,3,1,2",78540f0891c50a57,de_78540f0891c50a57_0,de_78540f0891c50a57_0_k4,90,95,False,0.5583380550362382,0.5250209932566103,0.5962481838743598,0.6038140308013145,0.5019558251937855
mock,de,en-de(synthetic),4,1,major_fluency,major,fluency,0,1,"0,3,1,2",78540f0891c50a57,de_78540f0891c50a57_0,de_78540f0891c50a57_0_k4,90,95,False,0.7772418761241675,0.6819883395797898,0.8490704959746118,0.8304498771474618,0.8645291863882141
mock,de,en-de(synthetic),4,2,major_fluency,major,fluency,"0,3",2,"0,3,1,2",78540f0891c50a57,de_78540f0891c50a57_0,de_78540f0891c50a57_0_k4,90,95,False,0.7371306389299779,0.6819883395797898,0.8490704959746118,0.8304498771474618,0.701936889759465
mock,de,en-de(synthetic),4,3,major_fluency,major,fluency,"0,1,3",3,"0,3,1,2",78540f0891c50a57,de_78540f0891c50a57_0,de_78540f0891c50a57_0_k4,90,95,False,0.7098689174419152,0.6819883395797898,0.6808309242940467,0.8304498771474618,0.701936889759465
mock,de,en-de(synthetic),4,4,major_fluency,major,fluency,"0,1,2,3",4,"0,3,1,2",78540f0891c50a57,de_78540f0891c50a57_0,de_78540f0891c50a57_0_k4,90,95,False,0.6879110381946768,0.6819883395797898,0.6808309242940467,0.6855815697107337,0.701936889759465
mock,de,en-de(synthetic),1,0,none,,,,0,"0,1,3,2",5bfed2e9eb424112,de_5bfed2e9eb424112_0,de_5bfed2e9eb424112_0_k1,24,25,False,0.7858784727053253,0.7858784727053253,,,
mock,de,en-de(synthetic),1,1,minor_accuracy,minor,accuracy,0,1,"0,1,3,2",5bfed2e9eb424112,de_5bfed2e9eb424112_0,de_5bfed2e9eb424112_0_k1,24,25,False,0.7722772944990928,0.7722772944990928,,,
mock,de,en-de(synthetic),1,1,minor_fluency,minor,fluency,0,1,"0,1,3,2",5bfed2e9eb424112,de_5bfed2e9eb424112_0,de_5bfed2e9eb424112_0_k1,24,25,False,0.7941667593416911,0.7941667593416911,,,
mock,de,en-de(synthetic),1,1,major_accuracy,major,accuracy,0,1,"0,1,3,2",5bfed2e9eb424112,de_5bfed2e9eb424112_0,de_5bfed2e9eb424112_0_k1,24,25,False,0.580310678674369,0.580310678674369,,,
mock,de,en-de(synthetic),1,1,major_fluency,major,fluency,0,1,"0,1,3,2",5bfed2e9eb424112,de_5bfed2e9eb424112_0,de_5bfed2e9eb424112_0_k1,24,25,False,0.6768700285116086,0.6768700285116086,,,
mock,de,en-de(synthetic),2,0,none,,,,0,"0,1,3,2",5bfed2e9eb424112,de_5bfed2e9eb424112_0,de_5bfed2e9eb424112_0_k2,46,48,False,0.8121392660815373,0.7858784727053253,0.843857868740795,,
mock,de,en-de(synthetic),2,1,minor_accuracy,minor,accuracy,0,1,"0,1,3,2",5bfed2e9eb424112,de_5bfed2e9eb424112_0,de_5bfed2e9eb424112_0_k2,46,48,False,0.8022763042736064,0.7722772944990928,0.843857868740795,,
mock,de,en-de(synthetic),2,2,minor_accuracy,minor,accuracy,"0,1",2,"0,1,3,2",5bfed2e9eb424112,de_5bfed2e9eb424112_0,de_5bfed2e9eb424112_0_k2,46,48,False,0.7572678444813373,0.7722772944990928,0.733545565322083,,
mock,de,en-de(synthetic),2,1,minor_fluency,minor,fluency,0,1,"0,1,3,2",5bfed2e9eb424112,de_5bfed2e9eb424112_0,de_5bfed2e9eb424112_0_k2,46,48,False,0.8220644901306366,0.7941667593416911,0.843857868740795,,
mock,de,en-de(synthetic),2,2,minor_fluency,minor,fluency,"0,1",2,"0,1,3,2",5bfed2e9eb424112,de_5bfed2e9eb424112_0,de_5bfed2e9eb424112_0_k2,46,48,False,0.7850480376363387,0.7941667593416911,0.7955731249582396,,
mock,de,en-de(synthetic),2,1,major_accuracy,major,accuracy,0,1,"0,1,3,2",5bfed2e9eb424112,de_5bfed2e9eb424112_0,de_5bfed2e9eb424112_0_k2,46,48,False,0.6353919617040944,0.580310678674369,0.843857868740795,,
mock,de,en-de(synthetic),2,2,major_accuracy,major,accuracy,"0,1",2,"0,1,3,2",5bfed2e9eb424112,de_5bfed2e9eb424112_0,de_5bfed2e9eb424112_0_k2,46,48,False,0.5736889059166703,0.580310678674369,0.5695936886056805,,
mock,de,en-de(synthetic),2,1,major_fluency,major,fluency,0,1,"0,1,3,2",5bfed2e9eb424112,de_5bfed2e9eb424112_0,de_5bfed2e9eb424112_0_k2,46,48,False,0.7583735812307092,0.6768700285116086,0.843857868740795,,
mock,de,en-de(synthetic),2,2,major_fluency,major,fluency,"0,1",2,"0,1,3,2",5bfed2e9eb424112,de_5bfed2e9eb424112_0,de_5bfed2e9eb424112_0_k2,46,48,False,0.69562755837798,0.6768700285116086,0.6933385347350051,,
mock,de,en-de(synthetic),4,0,none,,,,0,"0,1,3,2",5bfed2e9eb424112,de_5bfed2e9eb424112_0,de_5bfed2e9eb424112_0_k4,90,95,False,0.8313251682233223,0.7858784727053253,0.843857868740795,0.8916173325457083,0.8620694002730398
mock,de,en-de(synthetic),4,1,minor_accuracy,minor,accuracy,0,1,"0,1,3,2",5bfed2e9eb424112,de_5bfed2e9eb424112_0,de_5bfed2e9eb424112_0_k4,90,95,False,0.8409031916336278,0.7722772944990928,0.843857868740795,0.8916173325457083,0.8620694002730398
mock,de,en-de(synthetic),4,2,minor_accuracy,minor,accuracy,"0,1",2,"0,1,3,2",5bfed2e9eb424112,de_5bfed2e9eb424112_0,de_5bfed2e9eb424112_0_k4,90,95,False,0.8090481875680089,0.7722772944990928,0.733545565322083,0.8916173325457083,0.8620694002730398
mock,de,en-de(synthetic),4,3,minor_accuracy,minor,accuracy,"0,1,3",3,"0,1,3,2",5bfed2e9eb424112,de_5bfed2e9eb424112_0,de_5bfed2e9eb424112_0_k4,90,95,False,0.791504699176657,0.7722772944990928,0.733545565322083,0.8916173325457083,0.797103347355809
mock,de,en-de(synthetic),4,4,minor_accuracy,minor,accuracy,"0,1,2,3",4,"0,1,3,2",5bfed2e9eb424112,de_5bfed2e9eb424112_0,de_5bfed2e9eb424112_0_k4,90,95,False,0.7749372683084444,0.7722772944990928,0.733545565322083,0.7505627884467458,0.797103347355809
mock,de,en-de(synthetic),4,1,minor_fluency,minor,fluency,0,1,"0,1,3,2",5bfed2e9eb424112,de_5bfed2e9eb424112_0,de_5bfed2e9eb424112_0_k4,90,95,False,0.8516430928492149,0.7941667593416911,0.843857868740795,0.8916173325457083,0.8620694002730398
mock,de,en-de(synthetic),4,2,minor_fluency,minor,fluency,"0,1",2,"0,1,3,2",5bfed2e9eb424112,de_5bfed2e9eb424112_0,de_5bfed2e9eb424112_0_k4,90,95,False,0.8236316645572863,0.7941667593416911,0.7955731249582396,0.8916173325457083,0.8620694002730398
mock,de,en-de(synthetic),4,3,minor_fluency,minor,fluency,"0,1,3",3,"0,1,3,2",5bfed2e9eb424112,de_5bfed2e9eb424112_0,de_5bfed2e9eb424112_0_k4,90,95,False,0.8224592641478158,0.7941667593416911,0.7955731249582396,0.8916173325457083,0.8250676792745938
mock,de,en-de(synthetic),4,4,minor_fluency,minor,fluency,"0,1,2,3",4,"0,1,3,2",5bfed2e9eb424112,de_5bfed2e9eb424112_0,de_5bfed2e9eb424112_0_k4,90,95,False,0.7851324601737231,0.7941667593416911,0.7955731249582396,0.7791517323896655,0.8250676792745938
mock,de,en-de(synthetic),4,1,major_accuracy,major,accuracy,0,1,"0,1,3,2",5bfed2e9eb424112,de_5bfed2e9eb424112_0,de_5bfed2e9eb424112_0_k4,90,95,False,0.7162134268654268,0.580310678674369,0.843857868740795,0.8916173325457083,0.8620694002730398
mock,de,en-de(synthetic),4,2,major_accuracy,major,accuracy,"0,1",2,"0,1,3,2",5bfed2e9eb424112,de_5bfed2e9eb424112_0,de_5bfed2e9eb424112_0_k4,90,95,False,0.6578619640175473,0.580310678674369,0.5695936886056805,0.8916173325457083,0.8620694002730398
mock,de,en-de(synthetic),4,3,major_accuracy,major,accuracy,"0,1,3",3,"0,1,3,2",5bfed2e9eb424112,de_5bfed2e9eb424112_0,de_5bfed2e9eb424112_0_k4,90,95,False,0.5980683088894233,0.580310678674369,0.5695936886056805,0.8916173325457083,0.5113069924493829
mock,de,en-de(synthetic),4,4,major_accuracy,major,accuracy,"0,1,2,3",4,"0,1,3,2",5bfed2e9eb424112,de_5bfed2e9eb424112_0,de_5bfed2e9eb424112_0_k4,90,95,False,0.5499346220665566,0.580310678674369,0.5695936886056805,0.5609948205646733,0.5113069924493829
mock,de,en-de(synthetic),4,1,major_fluency,major,fluency,0,1,"0,1,3,2",5bfed2e9eb424112,de_5bfed2e9eb424112_0,de_5bfed2e9eb424112_0_k4,90,95,False,0.816413537631675,0.6768700285116086,0.843857868740795,0.8916173325457083,0.8620694002730398
mock,de,en-de(synthetic),4,2,major_fluency,major,fluency,"0,1",2,"0,1,3,2",5bfed2e9eb424112,de_5bfed2e9eb424112_0,de_5bfed2e9eb424112_0_k4,90,95,False,0.7600124730629023,0.6768700285116086,0.6933385347350051,0.8916173325457083,0.8620694002730398
mock,de,en-de(synthetic),4,3,major_fluency,major,fluency,"0,1,3",3,"0,1,3,2",5bfed2e9eb424112,de_5bfed2e9eb424112_0,de_5bfed2e9eb424112_0_k4,90,95,False,0.6891633824258339,0.6768700285116086,0.6933385347350051,0.8916173325457083,0.6399399803357669
mock,de,en-de(synthetic),4,4,major_fluency,major,fluency,"0,1,2,3",4,"0,1,3,2",5bfed2e9eb424112,de_5bfed2e9eb424112_0,de_5bfed2e9eb424112_0_k4,90,95,False,0.6823286507092254,0.6768700285116086,0.6933385347350051,0.6850515362358608,0.6399399803357669
mock,de,en-de(synthetic),1,0,none,,,,0,"0,1,3,2",7d8e1f42060eb89b,de_7d8e1f42060eb89b_0,de_7d8e1f42060eb89b_0_k1,24,25,False,0.8599703649356797,0.8599703649356797,,,
mock,de,en-de(synthetic),1,1,minor_accuracy,minor,accuracy,0,1,"0,1,3,2",7d8e1f42060eb89b,de_7d8e1f42060eb89b_0,de_7d8e1f42060eb89b_0_k1,24,25,False,0.6937132336471972,0.6937132336471972,,,
mock,de,en-de(synthetic),1,1,minor_fluency,minor,fluency,0,1,"0,1,3,2",7d8e1f42060eb89b,de_7d8e1f42060eb89b_0,de_7d8e1f42060eb89b_0_k1,24,25,False,0.7973018406179921,0.7973018406179921,,,
mock,de,en-de(synthetic),1,1,major_accuracy,major,accuracy,0,1,"0,1,3,2",7d8e1f42060eb89b,de_7d8e1f42060eb89b_0,de_7d8e1f42060eb89b_0_k1,24,25,False,0.5567057904768311,0.5567057904768311,,,
mock,de,en-de(synthetic),1,1,major_fluency,major,fluency,0,1,"0,1,3,2",7d8e1f42060eb89b,de_7d8e1f42060eb89b_0,de_7d8e1f42060eb89b_0_k1,24,25,False,0.6999351661457989,0.6999351661457989,,,
mock,de,en-de(synthetic),2,0,none,,,,0,"0,1,3,2",7d8e1f42060eb89b,de_7d8e1f42060eb89b_0,de_7d8e1f42060eb89b_0_k2,46,48,False,0.8743108181584439,0.8599703649356797,0.9035063539676345,,
mock,de,en-de(synthetic),2,1,minor_accuracy,minor,accuracy,0,1,"0,1,3,2",7d8e1f42060eb89b,de_7d8e1f42060eb89b_0,de_7d8e1f42060eb89b_0_k2,46,48,False,0.7767093070619048,0.6937132336471972,0.9035063539676345,,
mock,de,en-de(synthetic),2,2,minor_accuracy,minor,accuracy,"0,1",2,"0,1,3,2",7d8e1f42060eb89b,de_7d8e1f42060eb89b_0,de_7d8e1f42060eb89b_0_k2,46,48,False,0.7168851695789447,0.6937132336471972,0.7430668939322554,,
mock,de,en-de(synthetic),2,1,minor_fluency,minor,fluency,0,1,"0,1,3,2",7d8e1f42060eb89b,de_7d8e1f42060eb89b_0,de_7d8e1f42060eb89b_0_k2,46,48,False,0.8556043518113002,0.7973018406179921,0.9035063539676345,,
mock,de,en-de(synthetic),2,2,minor_fluency,minor,fluency,"0,1",2,"0,1,3,2",7d8e1f42060eb89b,de_7d8e1f42060eb89b_0,de_7d8e1f42060eb89b_0_k2,46,48,False,0.7976036040523012,0.7973018406179921,0.8089053428557371,,
mock,de,en-de(synthetic),2,1,major_accuracy,major,accuracy,0,1,"0,1,3,2",7d8e1f42060eb89b,de_7d8e1f42060eb89b_0,de_7d8e1f42060eb89b_0_k2,46,48,False,0.6261026287224973,0.5567057904768311,0.9035063539676345,,
mock,de,en-de(synthetic),2,2,major_accuracy,major,accuracy,"0,1",2,"0,1,3,2",7d8e1f42060eb89b,de_7d8e1f42060eb89b_0,de_7d8e1f42060eb89b_0_k2,46,48,False,0.5697258759502107,0.5567057904768311,0.5691643284607171,,
mock,de,en-de(synthetic),2,1,major_fluency,major,fluency,0,1,"0,1,3,2",7d8e1f42060eb89b,de_7d8e1f42060eb89b_0,de_7d8e1f42060eb89b_0_k2,46,48,False,0.7807074200780337,0.6999351661457989,0.9035063539676345,,
mock,de,en-de(synthetic),2,2,major_fluency,major,fluency,"0,1",2,"0,1,3,2",7d8e1f42060eb89b,de_7d8e1f42060eb89b_0,de_7d8e1f42060eb89b_0_k2,46,48,False,0.7238411468790419,0.6999351661457989,0.7314747993747296,,
mock,de,en-de(synthetic),4,0,none,,,,0,"0,1,3,2",7d8e1f42060eb89b,de_7d8e1f42060eb89b_0,de_7d8e1f42060eb89b_0_k4,90,95,False,0.8697566228735681,0.8599703649356797,0.9035063539676345,0.8081396592934331,0.89555863340429
mock,de,en-de(synthetic),4,1,minor_accuracy,minor,accuracy,0,1,"0,1,3,2",7d8e1f42060eb89b,de_7d8e1f42060eb89b_0,de_7d8e1f42060eb89b_0_k4,90,95,False,0.8108969183657364,0.6937132336471972,0.9035063539676345,0.8081396592934331,0.89555863340429
mock,de,en-de(synthetic),4,2,minor_accuracy,minor,accuracy,"0,1",2,"0,1,3,2",7d8e1f42060eb89b,de_7d8e1f42060eb89b_0,de_7d8e1f42060eb89b_0_k4,90,95,False,0.7685454624678206,0.6937132336471972,0.7430668939322554,0.8081396592934331,0.89555863340429
mock,de,en-de(synthetic),4,3,minor_accuracy,minor,accuracy,"0,1,3",3,"0,1,3,2",7d8e1f42060eb89b,de_7d8e1f42060eb89b_0,de_7d8e1f42060eb89b_0_k4,90,95,False,0.7472090984588966,0.6937132336471972,0.7430668939322554,0.8081396592934331,0.7455089574997321
mock,de,en-de(synthetic),4,4,minor_accuracy,minor,accuracy,"0,1,2,3",4,"0,1,3,2",7d8e1f42060eb89b,de_7d8e1f42060eb89b_0,de_7d8e1f42060eb89b_0_k4,90,95,False,0.7301704312186698,0.6937132336471972,0.7430668939322554,0.762270123865316,0.7455089574997321
mock,de,en-de(synthetic),4,1,minor_fluency,minor,fluency,0,1,"0,1,3,2",7d8e1f42060eb89b,de_7d8e1f42060eb89b_0,de_7d8e1f42060eb89b_0_k4,90,95,False,0.8406338427325005,0.7973018406179921,0.9035063539676345,0.8081396592934331,0.89555863340429
mock,de,en-de(synthetic),4,2,minor_fluency,minor,fluency,"0,1",2,"0,1,3,2",7d8e1f42060eb89b,de_7d8e1f42060eb89b_0,de_7d8e1f42060eb89b_0_k4,90,95,False,0.8096920262459926,0.7973018406179921,0.8089053428557371,0.8081396592934331,0.89555863340429
mock,de,en-de(synthetic),4,3,minor_fluency,minor,fluency,"0,1,3",3,"0,1,3,2",7d8e1f42060eb89b,de_7d8e1f42060eb89b_0,de_7d8e1f42060eb89b_0_k4,90,95,False,0.8176216687084935,0.7973018406179921,0.8089053428557371,0.8081396592934331,0.826852121694868
mock,de,en-de(synthetic),4,4,minor_fluency,minor,fluency,"0,1,2,3",4,"0,1,3,2",7d8e1f42060eb89b,de_7d8e1f42060eb89b_0,de_7d8e1f42060eb89b_0_k4,90,95,False,0.8106971356018494,0.7973018406179921,0.8089053428557371,0.8209934614795641,0.826852121694868
mock,de,en-de(synthetic),4,1,major_accuracy,major,accuracy,0,1,"0,1,3,2",7d8e1f42060eb89b,de_7d8e1f42060eb89b_0,de_7d8e1f42060eb89b_0_k4,90,95,False,0.7297002633587981,0.5567057904768311,0.9035063539676345,0.8081396592934331,0.89555863340429
mock,de,en-de(synthetic),4,2,major_accuracy,major,accuracy,"0,1",2,"0,1,3,2",7d8e1f42060eb89b,de_7d8e1f42060eb89b_0,de_7d8e1f42060eb89b_0_k4,90,95,False,0.6407334486314655,0.5567057904768311,0.5691643284607171,0.8081396592934331,0.89555863340429
mock,de,en-de(synthetic),4,3,major_accuracy,major,accuracy,"0,1,3",3,"0,1,3,2",7d8e1f42060eb89b,de_7d8e1f42060eb89b_0,de_7d8e1f42060eb89b_0_k4,90,95,False,0.5886315668433079,0.5567057904768311,0.5691643284607171,0.8081396592934331,0.5387374791907475
mock,de,en-de(synthetic),4,4,major_accuracy,major,accuracy,"0,1,2,3",4,"0,1,3,2",7d8e1f42060eb89b,de_7d8e1f42060eb89b_0,de_7d8e1f42060eb89b_0_k4,90,95,False,0.5411385094721496,0.5567057904768311,0.5691643284607171,0.5148770674568048,0.5387374791907475
mock,de,en-de(synthetic),4,1,major_fluency,major,fluency,0,1,"0,1,3,2",7d8e1f42060eb89b,de_7d8e1f42060eb89b_0,de_7d8e1f42060eb89b_0_k4,90,95,False,0.818148794065989,0.6999351661457989,0.9035063539676345,0.8081396592934331,0.89555863340429
mock,de,en-de(synthetic),4,2,major_fluency,major,fluency,"0,1",2,"0,1,3,2",7d8e1f42060eb89b,de_7d8e1f42060eb89b_0,de_7d8e1f42060eb89b_0_k4,90,95,False,0.7722518265571781,0.6999351661457989,0.7314747993747296,0.8081396592934331,0.89555863340429
mock,de,en-de(synthetic),4,3,major_fluency,major,fluency,"0,1,3",3,"0,1,3,2",7d8e1f42060eb89b,de_7d8e1f42060eb89b_0,de_7d8e1f42060eb89b_0_k4,90,95,False,0.7259799852698626,0.6999351661457989,0.7314747993747296,0.8081396592934331,0.6888112394576
mock,de,en-de(synthetic),4,4,major_fluency,major,fluency,"0,1,2,3",4,"0,1,3,2",7d8e1f42060eb89b,de_7d8e1f42060eb89b_0,de_7d8e1f42060eb89b_0_k4,90,95,False,0.6733534768901169,0.6999351661457989,0.7314747993747296,0.648765470840766,0.6888112394576
mock,de,en-de(synthetic),1,0,none,,,,0,"1,2,3,0",bbbfc9543ca8dca0,de_bbbfc9543ca8dca0_0,de_bbbfc9543ca8dca0_0_k1,24,25,False,0.8231730387725165,0.8231730387725165,,,
mock,de,en-de(synthetic),1,1,minor_accuracy,minor,accuracy,0,4,"1,2,3,0",bbbfc9543ca8dca0,de_bbbfc9543ca8dca0_0,de_bbbfc9543ca8dca0_0_k1,24,25,False,0.765651980078563,0.765651980078563,,,
mock,de,en-de(synthetic),1,1,minor_fluency,minor,fluency,0,4,"1,2,3,0",bbbfc9543ca8dca0,de_bbbfc9543ca8dca0_0,de_bbbfc9543ca8dca0_0_k1,24,25,False,0.785147935283659,0.785147935283659,,,
mock,de,en-de(synthetic),1,1,major_accuracy,major,accuracy,0,4,"1,2,3,0",bbbfc9543ca8dca0,de_bbbfc9543ca8dca0_0,de_bbbfc9543ca8dca0_0_k1,24,25,False,0.5560659060798587,0.5560659060798587,,,
mock,de,en-de(synthetic),1,1,major_fluency,major,fluency,0,4,"1,2,3,0",bbbfc9543ca8dca0,de_bbbfc9543ca8dca0_0,de_bbbfc9543ca8dca0_0_k1,24,25,False,0.6770683397302392,0.6770683397302392,,,
mock,de,en-de(synthetic),2,0,none,,,,0,"1,2,3,0",bbbfc9543ca8dca0,de_bbbfc9543ca8dca0_0,de_bbbfc9543ca8dca0_0_k2,46,48,False,0.8306683568980665,0.8231730387725165,0.8616960107632262,,
mock,de,en-de(synthetic),2,1,minor_accuracy,minor,accuracy,1,1,"1,2,3,0",bbbfc9543ca8dca0,de_bbbfc9543ca8dca0_0,de_bbbfc9543ca8dca0_0_k2,46,48,False,0.7677173849187676,0.8231730387725165,0.743261189071048,,
mock,de,en-de(synthetic),2,2,minor_accuracy,minor,accuracy,"0,1",4,"1,2,3,0",bbbfc9543ca8dca0,de_bbbfc9543ca8dca0_0,de_bbbfc9543ca8dca0_0_k2,46,48,False,0.746989771148128,0.765651980078563,0.743261189071048,,
mock,de,en-de(synthetic),2,1,minor_fluency,minor,fluency,1,1,"1,2,3,0",bbbfc9543ca8dca0,de_bbbfc9543ca8dca0_0,de_bbbfc9543ca8dca0_0_k2,46,48,False,0.8369403825823908,0.8231730387725165,0.8293225008454229,,
mock,de,en-de(synthetic),2,2,minor_fluency,minor,fluency,"0,1",4,"1,2,3,0",bbbfc9543ca8dca0,de_bbbfc9543ca8dca0_0,de_bbbfc9543ca8dca0_0_k2,46,48,False,0.8041083183417598,0.785147935283659,0.8293225008454229,,
mock,de,en-de(synthetic),2,1,major_accuracy,major,accuracy,1,1,"1,2,3,0",bbbfc9543ca8dca0,de_bbbfc9543ca8dca0_0,de_bbbfc9543ca8dca0_0_k2,46,48,False,0.6054417447600713,0.8231730387725165,0.5409150841582373,,
mock,de,en-de(synthetic),2,2,major_accuracy,major,accuracy,"0,1",4,"1,2,3,0",bbbfc9543ca8dca0,de_bbbfc9543ca8dca0_0,de_bbbfc9543ca8dca0_0_k2,46,48,False,0.5384701010064054,0.5560659060798587,0.5409150841582373,,
mock,de,en-de(synthetic),2,1,major_fluency,major,fluency,1,1,"1,2,3,0",bbbfc9543ca8dca0,de_bbbfc9543ca8dca0_0,de_bbbfc9543ca8dca0_0_k2,46,48,False,0.7346875462026543,0.8231730387725165,0.6823026730559156,,
mock,de,en-de(synthetic),2,2,major_fluency,major,fluency,"0,1",4,"1,2,3,0",bbbfc9543ca8dca0,de_bbbfc9543ca8dca0_0,de_bbbfc9543ca8dca0_0_k2,46,48,False,0.6772445702236047,0.6770683397302392,0.6823026730559156,,
mock,de,en-de(synthetic),4,0,none,,,,0,"1,2,3,0",bbbfc9543ca8dca0,de_bbbfc9543ca8dca0_0,de_bbbfc9543ca8dca0_0_k4,90,95,False,0.8124922112662555,0.8231730387725165,0.8616960107632262,0.7715980582755245,0.8105415181498479
mock,de,en-de(synthetic),4,1,minor_accuracy,minor,accuracy,1,1,"1,2,3,0",bbbfc9543ca8dca0,de_bbbfc9543ca8dca0_0,de_bbbfc9543ca8dca0_0_k4,90,95,False,0.7649592961015769,0.8231730387725165,0.743261189071048,0.7715980582755245,0.8105415181498479
mock,de,en-de(synthetic),4,2,minor_accuracy,minor,accuracy,"1,2",2,"1,2,3,0",bbbfc9543ca8dca0,de_bbbfc9543ca8dca0_0,de_bbbfc9543ca8dca0_0_k4,90,95,False,0.7843875595336011,0.8231730387725165,0.743261189071048,0.8107602763755689,0.8105415181498479
mock,de,en-de(synthetic),4,3,minor_accuracy,minor,accuracy,"1,2,3",3,"1,2,3,0",bbbfc9543ca8dca0,de_bbbfc9543ca8dca0_0,de_bbbfc9543ca8dca0_0_k4,90,95,False,0.7826561345168028,0.8231730387725165,0.743261189071048,0.8107602763755689,0.7595189215598102
mock,de,en-de(synthetic),4,4,minor_accuracy,minor,accuracy,"0,1,2,3",4,"1,2,3,0",bbbfc9543ca8dca0,de_bbbfc9543ca8dca0_0,de_bbbfc9543ca8dca0_0_k4,90,95,False,0.7654411116053423,0.765651980078563,0.743261189071048,0.8107602763755689,0.7595189215598102
mock,de,en-de(synthetic),4,1,minor_fluency,minor,fluency,1,1,"1,2,3,0",bbbfc9543ca8dca0,de_bbbfc9543ca8dca0_0,de_bbbfc9543ca8dca0_0_k4,90,95,False,0.7956110931520931,0.8231730387725165,0.8293225008454229,0.7715980582755245,0.8105415181498479
mock,de,en-de(synthetic),4,2,minor_fluency,minor,fluency,"1,2",2,"1,2,3,0",bbbfc9543ca8dca0,de_bbbfc9543ca8dca0_0,de_bbbfc9543ca8dca0_0_k4,90,95,False,0.8366516446216737,0.8231730387725165,0.8293225008454229,0.8795594459697014,0.8105415181498479
mock,de,en-de(synthetic),4,3,minor_fluency,minor,fluency,"1,2,3",3,"1,2,3,0",bbbfc9543ca8dca0,de_bbbfc9543ca8dca0_0,de_bbbfc9543ca8dca0_0_k4,90,95,False,0.8419063112029076,0.8231730387725165,0.8293225008454229,0.8795594459697014,0.8153242320700788
mock,de,en-de(synthetic),4,4,minor_fluency,minor,fluency,"0,1,2,3",4,"1,2,3,0",bbbfc9543ca8dca0,de_bbbfc9543ca8dca0_0,de_bbbfc9543ca8dca0_0_k4,90,95,False,0.8379432397902369,0.785147935283659,0.8293225008454229,0.8795594459697014,0.8153242320700788
mock,de,en-de(synthetic),4,1,major_accuracy,major,accuracy,1,1,"1,2,3,0",bbbfc9543ca8dca0,de_bbbfc9543ca8dca0_0,de_bbbfc9543ca8dca0_0_k4,90,95,False,0.6633604845078459,0.8231730387725165,0.5409150841582373,0.7715980582755245,0.8105415181498479
mock,de,en-de(synthetic),4,2,major_accuracy,major,accuracy,"1,2",2,"1,2,3,0",bbbfc9543ca8dca0,de_bbbfc9543ca8dca0_0,de_bbbfc9543ca8dca0_0_k4,90,95,False,0.6459469710516943,0.8231730387725165,0.5409150841582373,0.5687614652969626,0.8105415181498479
mock,de,en-de(synthetic),4,3,major_accuracy,major,accuracy,"1,2,3",3,"1,2,3,0",bbbfc9543ca8dca0,de_bbbfc9543ca8dca0_0,de_bbbfc9543ca8dca0_0_k4,90,95,False,0.5558031241828795,0.8231730387725165,0.5409150841582373,0.5687614652969626,0.5246873396175382
mock,de,en-de(synthetic),4,4,major_accuracy,major,accuracy,"0,1,2,3",4,"1,2,3,0",bbbfc9543ca8dca0,de_bbbfc9543ca8dca0_0,de_bbbfc9543ca8dca0_0_k4,90,95,False,0.5503408811318875,0.5560659060798587,0.5409150841582373,0.5687614652969626,0.5246873396175382
mock,de,en-de(synthetic),4,1,major_fluency,major,fluency,1,1,"1,2,3,0",bbbfc9543ca8dca0,de_bbbfc9543ca8dca0_0,de_bbbfc9543ca8dca0_0_k4,90,95,False,0.7552880012457557,0.8231730387725165,0.6823026730559156,0.7715980582755245,0.8105415181498479
mock,de,en-de(synthetic),4,2,major_fluency,major,fluency,"1,2",2,"1,2,3,0",bbbfc9543ca8dca0,de_bbbfc9543ca8dca0_0,de_bbbfc9543ca8dca0_0_k4,90,95,False,0.7557599031489912,0.8231730387725165,0.6823026730559156,0.773018042165806,0.8105415181498479
mock,de,en-de(synthetic),4,3,major_fluency,major,fluency,"1,2,3",3,"1,2,3,0",bbbfc9543ca8dca0,de_bbbfc9543ca8dca0_0,de_bbbfc9543ca8dca0_0_k4,90,95,False,0.7410821209243154,0.8231730387725165,0.6823026730559156,0.773018042165806,0.6715753394811895
mock,de,en-de(synthetic),4,4,major_fluency,major,fluency,"0,1,2,3",4,"1,2,3,0",bbbfc9543ca8dca0,de_bbbfc9543ca8dca0_0,de_bbbfc9543ca8dca0_0_k4,90,95,False,0.6863556379925245,0.6770683397302392,0.6823026730559156,0.773018042165806,0.6715753394811895
mock,de,en-de(synthetic),1,0,none,,,,0,"1,0,3,2",54388b3c6278da69,de_54388b3c6278da69_0,de_54388b3c6278da69_0_k1,24,25,False,0.8572769684179221,0.8572769684179221,,,
mock,de,en-de(synthetic),1,1,minor_accuracy,minor,accuracy,0,2,"1,0,3,2",54388b3c6278da69,de_54388b3c6278da69_0,de_54388b3c6278da69_0_k1,24,25,False,0.7792239645347702,0.7792239645347702,,,
mock,de,en-de(synthetic),1,1,minor_fluency,minor,fluency,0,2,"1,0,3,2",54388b3c6278da69,de_54388b3c6278da69_0,de_54388b3c6278da69_0_k1,24,25,False,0.8304065899108353,0.8304065899108353,,,
mock,de,en-de(synthetic),1,1,major_accuracy,major,accuracy,0,2,"1,0,3,2",54388b3c6278da69,de_54388b3c6278da69_0,de_54388b3c6278da69_0_k1,24,25,False,0.5964888182852,0.5964888182852,,,
mock,de,en-de(synthetic),1,1,major_fluency,major,fluency,0,2,"1,0,3,2",54388b3c6278da69,de_54388b3c6278da69_0,de_54388b3c6278da69_0_k1,24,25,False,0.7606751066268813,0.7606751066268813,,,
mock,de,en-de(synthetic),2,0,none,,,,0,"1,0,3,2",54388b3c6278da69,de_54388b3c6278da69_0,de_54388b3c6278da69_0_k2,46,48,False,0.8592575187407392,0.8572769684179221,0.8579149115076062,,
mock,de,en-de(synthetic),2,1,minor_accuracy,minor,accuracy,1,1,"1,0,3,2",54388b3c6278da69,de_54388b3c6278da69_0,de_54388b3c6278da69_0_k2,46,48,False,0.8021034721079147,0.8572769684179221,0.7999723790594759,,
mock,de,en-de(synthetic),2,2,minor_accuracy,minor,accuracy,"0,1",2,"1,0,3,2",54388b3c6278da69,de_54388b3c6278da69_0,de_54388b3c6278da69_0_k2,46,48,False,0.7932619905338918,0.7792239645347702,0.7999723790594759,,
mock,de,en-de(synthetic),2,1,minor_fluency,minor,fluency,1,1,"1,0,3,2",54388b3c6278da69,de_54388b3c6278da69_0,de_54388b3c6278da69_0_k2,46,48,False,0.8269431694989301,0.8572769684179221,0.8131327613103743,,
mock,de,en-de(synthetic),2,2,minor_fluency,minor,fluency,"0,1",2,"1,0,3,2",54388b3c6278da69,de_54388b3c6278da69_0,de_54388b3c6278da69_0_k2,46,48,False,0.8190148470062273,0.8304065899108353,0.8131327613103743,,
mock,de,en-de(synthetic),2,1,major_accuracy,major,accuracy,1,1,"1,0,3,2",54388b3c6278da69,de_54388b3c6278da69_0,de_54388b3c6278da69_0_k2,46,48,False,0.6596149830564193,0.8572769684179221,0.588791729190957,,
mock,de,en-de(synthetic),2,2,major_accuracy,major,accuracy,"0,1",2,"1,0,3,2",54388b3c6278da69,de_54388b3c6278da69_0,de_54388b3c6278da69_0_k2,46,48,False,0.5757783989511743,0.5964888182852,0.588791729190957,,
mock,de,en-de(synthetic),2,1,major_fluency,major,fluency,1,1,"1,0,3,2",54388b3c6278da69,de_54388b3c6278da69_0,de_54388b3c6278da69_0_k2,46,48,False,0.7077783361785778,0.8572769684179221,0.6361225322125211,,
mock,de,en-de(synthetic),2,2,major_fluency,major,fluency,"0,1",2,"1,0,3,2",54388b3c6278da69,de_54388b3c6278da69_0,de_54388b3c6278da69_0_k2,46,48,False,0.6756238690807524,0.7606751066268813,0.6361225322125211,,
mock,de,en-de(synthetic),4,0,none,,,,0,"1,0,3,2",54388b3c6278da69,de_54388b3c6278da69_0,de_54388b3c6278da69_0_k4,90,95,False,0.8437280612516584,0.8572769684179221,0.8579149115076062,0.8427701884550756,0.8440342873951485
mock,de,en-de(synthetic),4,1,minor_accuracy,minor,accuracy,1,1,"1,0,3,2",54388b3c6278da69,de_54388b3c6278da69_0,de_54388b3c6278da69_0_k4,90,95,False,0.8210701410387629,0.8572769684179221,0.7999723790594759,0.8427701884550756,0.8440342873951485
mock,de,en-de(synthetic),4,2,minor_accuracy,minor,accuracy,"0,1",2,"1,0,3,2",54388b3c6278da69,de_54388b3c6278da69_0,de_54388b3c6278da69_0_k4,90,95,False,0.8032259321447894,0.7792239645347702,0.7999723790594759,0.8427701884550756,0.8440342873951485
mock,de,en-de(synthetic),4,3,minor_accuracy,minor,accuracy,"0,1,3",3,"1,0,3,2",54388b3c6278da69,de_54388b3c6278da69_0,de_54388b3c6278da69_0_k4,90,95,False,0.7753489044724139,0.7792239645347702,0.7999723790594759,0.8427701884550756,0.735706599837025
mock,de,en-de(synthetic),4,4,minor_accuracy,minor,accuracy,"0,1,2,3",4,"1,0,3,2",54388b3c6278da69,de_54388b3c6278da69_0,de_54388b3c6278da69_0_k4,90,95,False,0.7649155179123617,0.7792239645347702,0.7999723790594759,0.7346476268917853,0.735706599837025
mock,de,en-de(synthetic),4,1,minor_fluency,minor,fluency,1,1,"1,0,3,2",54388b3c6278da69,de_54388b3c6278da69_0,de_54388b3c6278da69_0_k4,90,95,False,0.842228041864954,0.8572769684179221,0.8131327613103743,0.8427701884550756,0.8440342873951485
mock,de,en-de(synthetic),4,2,minor_fluency,minor,fluency,"0,1",2,"1,0,3,2",54388b3c6278da69,de_54388b3c6278da69_0,de_54388b3c6278da69_0_k4,90,95,False,0.8371974133510753,0.8304065899108353,0.8131327613103743,0.8427701884550756,0.8440342873951485
mock,de,en-de(synthetic),4,3,minor_fluency,minor,fluency,"0,1,3",3,"1,0,3,2",54388b3c6278da69,de_54388b3c6278da69_0,de_54388b3c6278da69_0_k4,90,95,False,0.8253589559725529,0.8304065899108353,0.8131327613103743,0.8427701884550756,0.7638916053580402
mock,de,en-de(synthetic),4,4,minor_fluency,minor,fluency,"0,1,2,3",4,"1,0,3,2",54388b3c6278da69,de_54388b3c6278da69_0,de_54388b3c6278da69_0_k4,90,95,False,0.8093824197714325,0.8304065899108353,0.8131327613103743,0.8293840692454639,0.7638916053580402
mock,de,en-de(synthetic),4,1,major_accuracy,major,accuracy,1,1,"1,0,3,2",54388b3c6278da69,de_54388b3c6278da69_0,de_54388b3c6278da69_0_k4,90,95,False,0.725339376557962,0.8572769684179221,0.588791729190957,0.8427701884550756,0.8440342873951485
mock,de,en-de(synthetic),4,2,major_accuracy,major,accuracy,"0,1",2,"1,0,3,2",54388b3c6278da69,de_54388b3c6278da69_0,de_54388b3c6278da69_0_k4,90,95,False,0.6709458182728987,0.5964888182852,0.588791729190957,0.8427701884550756,0.8440342873951485
mock,de,en-de(synthetic),4,3,major_accuracy,major,accuracy,"0,1,3",3,"1,0,3,2",54388b3c6278da69,de_54388b3c6278da69_0,de_54388b3c6278da69_0_k4,90,95,False,0.597326566024013,0.5964888182852,0.588791729190957,0.8427701884550756,0.5181779657654684
mock,de,en-de(synthetic),4,4,major_accuracy,major,accuracy,"0,1,2,3",4,"1,0,3,2",54388b3c6278da69,de_54388b3c6278da69_0,de_54388b3c6278da69_0_k4,90,95,False,0.5466758772049491,0.5964888182852,0.588791729190957,0.5351319606945479,0.5181779657654684
mock,de,en-de(synthetic),4,1,major_fluency,major,fluency,1,1,"1,0,3,2",54388b3c6278da69,de_54388b3c6278da69_0,de_54388b3c6278da69_0_k4,90,95,False,0.7765569750260021,0.8572769684179221,0.6361225322125211,0.8427701884550756,0.8440342873951485
mock,de,en-de(synthetic),4,2,major_fluency,major,fluency,"0,1",2,"1,0,3,2",54388b3c6278da69,de_54388b3c6278da69_0,de_54388b3c6278da69_0_k4,90,95,False,0.7355053729296778,0.7606751066268813,0.6361225322125211,0.8427701884550756,0.8440342873951485
mock,de,en-de(synthetic),4,3,major_fluency,major,fluency,"0,1,3",3,"1,0,3,2",54388b3c6278da69,de_54388b3c6278da69_0,de_54388b3c6278da69_0_k4,90,95,False,0.7167607440731533,0.7606751066268813,0.6361225322125211,0.8427701884550756,0.680119998210727
mock,de,en-de(synthetic),4,4,major_fluency,major,fluency,"0,1,2,3",4,"1,0,3,2",54388b3c6278da69,de_54388b3c6278da69_0,de_54388b3c6278da69_0_k4,90,95,False,0.6730622987965512,0.7606751066268813,0.6361225322125211,0.6797560730331496,0.680119998210727
mock,de,en-de(synthetic),1,0,none,,,,0,"0,3,2,1",e39ed2195c14bec4,de_e39ed2195c14bec4_4,de_e39ed2195c14bec4_4_k1,24,25,False,0.797801255717707,0.797801255717707,,,
mock,de,en-de(synthetic),1,1,minor_accuracy,minor,accuracy,0,1,"0,3,2,1",e39ed2195c14bec4,de_e39ed2195c14bec4_4,de_e39ed2195c14bec4_4_k1,24,25,False,0.7757667909368376,0.7757667909368376,,,
mock,de,en-de(synthetic),1,1,minor_fluency,minor,fluency,0,1,"0,3,2,1",e39ed2195c14bec4,de_e39ed2195c14bec4_4,de_e39ed2195c14bec4_4_k1,24,25,False,0.7496403390746065,0.7496403390746065,,,
mock,de,en-de(synthetic),1,1,major_accuracy,major,accuracy,0,1,"0,3,2,1",e39ed2195c14bec4,de_e39ed2195c14bec4_4,de_e39ed2195c14bec4_4_k1,24,25,False,0.5764913252315071,0.5764913252315071,,,
mock,de,en-de(synthetic),1,1,major_fluency,major,fluency,0,1,"0,3,2,1",e39ed2195c14bec4,de_e39ed2195c14bec4_4,de_e39ed2195c14bec4_4_k1,24,25,False,0.7419575455178424,0.7419575455178424,,,
mock,de,en-de(synthetic),2,0,none,,,,0,"0,3,2,1",e39ed2195c14bec4,de_e39ed2195c14bec4_4,de_e39ed2195c14bec4_4_k2,46,48,False,0.8380866179407468,0.797801255717707,0.9256145083361614,,
mock,de,en-de(synthetic),2,1,minor_accuracy,minor,accuracy,0,1,"0,3,2,1",e39ed2195c14bec4,de_e39ed2195c14bec4_4,de_e39ed2195c14bec4_4_k2,46,48,False,0.8264719538514902,0.7757667909368376,0.9256145083361614,,
mock,de,en-de(synthetic),2,2,minor_accuracy,minor,accuracy,"0,1",4,"0,3,2,1",e39ed2195c14bec4,de_e39ed2195c14bec4_4,de_e39ed2195c14bec4_4_k2,46,48,False,0.7611251836498484,0.7757667909368376,0.7517708183328432,,
mock,de,en-de(synthetic),2,1,minor_fluency,minor,fluency,0,1,"0,3,2,1",e39ed2195c14bec4,de_e39ed2195c14bec4_4,de_e39ed2195c14bec4_4_k2,46,48,False,0.8202383919056199,0.7496403390746065,0.9256145083361614,,
mock,de,en-de(synthetic),2,2,minor_fluency,minor,fluency,"0,1",4,"0,3,2,1",e39ed2195c14bec4,de_e39ed2195c14bec4_4,de_e39ed2195c14bec4_4_k2,46,48,False,0.7462342821661976,0.7496403390746065,0.7638947020228126,,
mock,de,en-de(synthetic),2,1,major_accuracy,major,accuracy,0,1,"0,3,2,1",e39ed2195c14bec4,de_e39ed2195c14bec4_4,de_e39ed2195c14bec4_4_k2,46,48,False,0.6687825703718869,0.5764913252315071,0.9256145083361614,,
mock,de,en-de(synthetic),2,2,major_accuracy,major,accuracy,"0,1",4,"0,3,2,1",e39ed2195c14bec4,de_e39ed2195c14bec4_4,de_e39ed2195c14bec4_4_k2,46,48,False,0.5523268814074446,0.5764913252315071,0.5475834559286439,,
mock,de,en-de(synthetic),2,1,major_fluency,major,fluency,0,1,"0,3,2,1",e39ed2195c14bec4,de_e39ed2195c14bec4_4,de_e39ed2195c14bec4_4_k2,46,48,False,0.8075749768895683,0.7419575455178424,0.9256145083361614,,
mock,de,en-de(synthetic),2,2,major_fluency,major,fluency,"0,1",4,"0,3,2,1",e39ed2195c14bec4,de_e39ed2195c14bec4_4,de_e39ed2195c14bec4_4_k2,46,48,False,0.7153513106724492,0.7419575455178424,0.6731972724647604,,
mock,de,en-de(synthetic),4,0,none,,,,0,"0,3,2,1",e39ed2195c14bec4,de_e39ed2195c14bec4_4,de_e39ed2195c14bec4_4_k4,90,95,False,0.8396060486795947,0.797801255717707,0.9256145083361614,0.8389728882961474,0.8324973017809714
mock,de,en-de(synthetic),4,1,minor_accuracy,minor,accuracy,0,1,"0,3,2,1",e39ed2195c14bec4,de_e39ed2195c14bec4_4,de_e39ed2195c14bec4_4_k4,90,95,False,0.8172292171226105,0.7757667909368376,0.9256145083361614,0.8389728882961474,0.8324973017809714
mock,de,en-de(synthetic),4,2,minor_accuracy,minor,accuracy,"0,3",2,"0,3,2,1",e39ed2195c14bec4,de_e39ed2195c14bec4_4,de_e39ed2195c14bec4_4_k4,90,95,False,0.8062488618343507,0.7757667909368376,0.9256145083361614,0.8389728882961474,0.7224517581165004
mock,de,en-de(synthetic),4,3,minor_accuracy,minor,accuracy,"0,2,3",3,"0,3,2,1",e39ed2195c14bec4,de_e39ed2195c14bec4_4,de_e39ed2195c14bec4_4_k4,90,95,False,0.7885004432220337,0.7757667909368376,0.9256145083361614,0.7623303713954788,0.7224517581165004
mock,de,en-de(synthetic),4,4,minor_accuracy,minor,accuracy,"0,1,2,3",4,"0,3,2,1",e39ed2195c14bec4,de_e39ed2195c14bec4_4,de_e39ed2195c14bec4_4_k4,90,95,False,0.7445038497856742,0.7757667909368376,0.7517708183328432,0.7623303713954788,0.7224517581165004
mock,de,en-de(synthetic),4,1,minor_fluency,minor,fluency,0,1,"0,3,2,1",e39ed2195c14bec4,de_e39ed2195c14bec4_4,de_e39ed2195c14bec4_4_k4,90,95,False,0.8126689971261439,0.7496403390746065,0.9256145083361614,0.8389728882961474,0.8324973017809714
mock,de,en-de(synthetic),4,2,minor_fluency,minor,fluency,"0,3",2,"0,3,2,1",e39ed2195c14bec4,de_e39ed2195c14bec4_4,de_e39ed2195c14bec4_4_k4,90,95,False,0.7989968113786946,0.7496403390746065,0.9256145083361614,0.8389728882961474,0.7656459884916849
mock,de,en-de(synthetic),4,3,minor_fluency,minor,fluency,"0,2,3",3,"0,3,2,1",e39ed2195c14bec4,de_e39ed2195c14bec4_4,de_e39ed2195c14bec4_4_k4,90,95,False,0.8058887614610379,0.7496403390746065,0.9256145083361614,0.8005074621379787,0.7656459884916849
mock,de,en-de(synthetic),4,4,minor_fluency,minor,fluency,"0,1,2,3",4,"0,3,2,1",e39ed2195c14bec4,de_e39ed2195c14bec4_4,de_e39ed2195c14bec4_4_k4,90,95,False,0.7731220076584987,0.7496403390746065,0.7638947020228126,0.8005074621379787,0.7656459884916849
mock,de,en-de(synthetic),4,1,major_accuracy,major,accuracy,0,1,"0,3,2,1",e39ed2195c14bec4,de_e39ed2195c14bec4_4,de_e39ed2195c14bec4_4_k4,90,95,False,0.7217223672160575,0.5764913252315071,0.9256145083361614,0.8389728882961474,0.8324973017809714
mock,de,en-de(synthetic),4,2,major_accuracy,major,accuracy,"0,3",2,"0,3,2,1",e39ed2195c14bec4,de_e39ed2195c14bec4_4,de_e39ed2195c14bec4_4_k4,90,95,False,0.6608552747675555,0.5764913252315071,0.9256145083361614,0.8389728882961474,0.5814772732441174
mock,de,en-de(synthetic),4,3,major_accuracy,major,accuracy,"0,2,3",3,"0,3,2,1",e39ed2195c14bec4,de_e39ed2195c14bec4_4,de_e39ed2195c14bec4_4_k4,90,95,False,0.619939219011513,0.5764913252315071,0.9256145083361614,0.572239229107385,0.5814772732441174
mock,de,en-de(synthetic),4,4,major_accuracy,major,accuracy,"0,1,2,3",4,"0,3,2,1",e39ed2195c14bec4,de_e39ed2195c14bec4_4,de_e39ed2195c14bec4_4_k4,90,95,False,0.5640950624245852,0.5764913252315071,0.5475834559286439,0.572239229107385,0.5814772732441174
mock,de,en-de(synthetic),4,1,major_fluency,major,fluency,0,1,"0,3,2,1",e39ed2195c14bec4,de_e39ed2195c14bec4_4,de_e39ed2195c14bec4_4_k4,90,95,False,0.8352163576851839,0.7419575455178424,0.9256145083361614,0.8389728882961474,0.8324973017809714
mock,de,en-de(synthetic),4,2,major_fluency,major,fluency,"0,3",2,"0,3,2,1",e39ed2195c14bec4,de_e39ed2195c14bec4_4,de_e39ed2195c14bec4_4_k4,90,95,False,0.7525478875972897,0.7419575455178424,0.9256145083361614,0.8389728882961474,0.6597633617238926
mock,de,en-de(synthetic),4,3,major_fluency,major,fluency,"0,2,3",3,"0,3,2,1",e39ed2195c14bec4,de_e39ed2195c14bec4_4,de_e39ed2195c14bec4_4_k4,90,95,False,0.7295754151443651,0.7419575455178424,0.9256145083361614,0.6915686098724418,0.6597633617238926
mock,de,en-de(synthetic),4,4,major_fluency,major,fluency,"0,1,2,3",4,"0,3,2,1",e39ed2195c14bec4,de_e39ed2195c14bec4_4,de_e39ed2195c14bec4_4_k4,90,95,False,0.6977464136335599,0.7419575455178424,0.6731972724647604,0.6915686098724418,0.6597633617238926
mock,de,en-de(synthetic),1,0,none,,,,0,"0,2,1,3",780bfb7d74ebf212,de_780bfb7d74ebf212_0,de_780bfb7d74ebf212_0_k1,24,25,False,0.8918193778064644,0.8918193778064644,,,
mock,de,en-de(synthetic),1,1,minor_accuracy,minor,accuracy,0,1,"0,2,1,3",780bfb7d74ebf212,de_780bfb7d74ebf212_0,de_780bfb7d74ebf212_0_k1,24,25,False,0.7834981909151376,0.7834981909151376,,,
mock,de,en-de(synthetic),1,1,minor_fluency,minor,fluency,0,1,"0,2,1,3",780bfb7d74ebf212,de_780bfb7d74ebf212_0,de_780bfb7d74ebf212_0_k1,24,25,False,0.8163191867578202,0.8163191867578202,,,
mock,de,en-de(synthetic),1,1,major_accuracy,major,accuracy,0,1,"0,2,1,3",780bfb7d74ebf212,de_780bfb7d74ebf212_0,de_780bfb7d74ebf212_0_k1,24,25,False,0.5338206050370513,0.5338206050370513,,,
mock,de,en-de(synthetic),1,1,major_fluency,major,fluency,0,1,"0,2,1,3",780bfb7d74ebf212,de_780bfb7d74ebf212_0,de_780bfb7d74ebf212_0_k1,24,25,False,0.7038584408570846,0.7038584408570846,,,
mock,de,en-de(synthetic),2,0,none,,,,0,"0,2,1,3",780bfb7d74ebf212,de_780bfb7d74ebf212_0,de_780bfb7d74ebf212_0_k2,46,48,False,0.8957867147458028,0.8918193778064644,0.9060899399986713,,
mock,de,en-de(synthetic),2,1,minor_accuracy,minor,accuracy,0,1,"0,2,1,3",780bfb7d74ebf212,de_780bfb7d74ebf212_0,de_780bfb7d74ebf212_0_k2,46,48,False,0.8320105498996121,0.7834981909151376,0.9060899399986713,,
mock,de,en-de(synthetic),2,2,minor_accuracy,minor,accuracy,"0,1",3,"0,2,1,3",780bfb7d74ebf212,de_780bfb7d74ebf212_0,de_780bfb7d74ebf212_0_k2,46,48,False,0.808849148563073,0.7834981909151376,0.8072741534954507,,
mock,de,en-de(synthetic),2,1,minor_fluency,minor,fluency,0,1,"0,2,1,3",780bfb7d74ebf212,de_780bfb7d74ebf212_0,de_780bfb7d74ebf212_0_k2,46,48,False,0.8569018962415669,0.8163191867578202,0.9060899399986713,,
mock,de,en-de(synthetic),2,2,minor_fluency,minor,fluency,"0,1",3,"0,2,1,3",780bfb7d74ebf212,de_780bfb7d74ebf212_0,de_780bfb7d74ebf212_0_k2,46,48,False,0.8184010430327067,0.8163191867578202,0.8250226146683576,,
mock,de,en-de(synthetic),2,1,major_accuracy,major,accuracy,0,1,"0,2,1,3",780bfb7d74ebf212,de_780bfb7d74ebf212_0,de_780bfb7d74ebf212_0_k2,46,48,False,0.6228074284248484,0.5338206050370513,0.9060899399986713,,
mock,de,en-de(synthetic),2,2,major_accuracy,major,accuracy,"0,1",3,"0,2,1,3",780bfb7d74ebf212,de_780bfb7d74ebf212_0,de_780bfb7d74ebf212_0_k2,46,48,False,0.5496608625950347,0.5338206050370513,0.5383197737511987,,
mock,de,en-de(synthetic),2,1,major_fluency,major,fluency,0,1,"0,2,1,3",780bfb7d74ebf212,de_780bfb7d74ebf212_0,de_780bfb7d74ebf212_0_k2,46,48,False,0.7775294549296542,0.7038584408570846,0.9060899399986713,,
mock,de,en-de(synthetic),2,2,major_fluency,major,fluency,"0,1",3,"0,2,1,3",780bfb7d74ebf212,de_780bfb7d74ebf212_0,de_780bfb7d74ebf212_0_k2,46,48,False,0.6893495009410873,0.7038584408570846,0.6799513983960366,,
mock,de,en-de(synthetic),4,0,none,,,,0,"0,2,1,3",780bfb7d74ebf212,de_780bfb7d74ebf212_0,de_780bfb7d74ebf212_0_k4,90,95,False,0.8670598919521287,0.8918193778064644,0.9060899399986713,0.8680277562372327,0.8584789875374821
mock,de,en-de(synthetic),4,1,minor_accuracy,minor,accuracy,0,1,"0,2,1,3",780bfb7d74ebf212,de_780bfb7d74ebf212_0,de_780bfb7d74ebf212_0_k4,90,95,False,0.8433799538470296,0.7834981909151376,0.9060899399986713,0.8680277562372327,0.8584789875374821
mock,de,en-de(synthetic),4,2,minor_accuracy,minor,accuracy,"0,2",2,"0,2,1,3",780bfb7d74ebf212,de_780bfb7d74ebf212_0,de_780bfb7d74ebf212_0_k4,90,95,False,0.8182714970243339,0.7834981909151376,0.9060899399986713,0.7303949027503258,0.8584789875374821
mock,de,en-de(synthetic),4,3,minor_accuracy,minor,accuracy,"0,1,2",3,"0,2,1,3",780bfb7d74ebf212,de_780bfb7d74ebf212_0,de_780bfb7d74ebf212_0_k4,90,95,False,0.7808957984323041,0.7834981909151376,0.8072741534954507,0.7303949027503258,0.8584789875374821
mock,de,en-de(synthetic),4,4,minor_accuracy,minor,accuracy,"0,1,2,3",4,"0,2,1,3",780bfb7d74ebf212,de_780bfb7d74ebf212_0,de_780bfb7d74ebf212_0_k4,90,95,False,0.7480985436538597,0.7834981909151376,0.8072741534954507,0.7303949027503258,0.7193850404573082
mock,de,en-de(synthetic),4,1,minor_fluency,minor,fluency,0,1,"0,2,1,3",780bfb7d74ebf212,de_780bfb7d74ebf212_0,de_780bfb7d74ebf212_0_k4,90,95,False,0.8548962746909121,0.8163191867578202,0.9060899399986713,0.8680277562372327,0.8584789875374821
mock,de,en-de(synthetic),4,2,minor_fluency,minor,fluency,"0,2",2,"0,2,1,3",780bfb7d74ebf212,de_780bfb7d74ebf212_0,de_780bfb7d74ebf212_0_k4,90,95,False,0.8373199519061223,0.8163191867578202,0.9060899399986713,0.7629427388600211,0.8584789875374821
mock,de,en-de(synthetic),4,3,minor_fluency,minor,fluency,"0,1,2",3,"0,2,1,3",780bfb7d74ebf212,de_780bfb7d74ebf212_0,de_780bfb7d74ebf212_0_k4,90,95,False,0.8207289289854849,0.8163191867578202,0.8250226146683576,0.7629427388600211,0.8584789875374821
mock,de,en-de(synthetic),4,4,minor_fluency,minor,fluency,"0,1,2,3",4,"0,2,1,3",780bfb7d74ebf212,de_780bfb7d74ebf212_0,de_780bfb7d74ebf212_0_k4,90,95,False,0.8107317261155597,0.8163191867578202,0.8250226146683576,0.7629427388600211,0.8500646067222062
mock,de,en-de(synthetic),4,1,major_accuracy,major,accuracy,0,1,"0,2,1,3",780bfb7d74ebf212,de_780bfb7d74ebf212_0,de_780bfb7d74ebf212_0_k4,90,95,False,0.681049120353327,0.5338206050370513,0.9060899399986713,0.8680277562372327,0.8584789875374821
mock,de,en-de(synthetic),4,2,major_accuracy,major,accuracy,"0,2",2,"0,2,1,3",780bfb7d74ebf212,de_780bfb7d74ebf212_0,de_780bfb7d74ebf212_0_k4,90,95,False,0.641012720611239,0.5338206050370513,0.9060899399986713,0.5817418391738975,0.8584789875374821
mock,de,en-de(synthetic),4,3,major_accuracy,major,accuracy,"0,1,2",3,"0,2,1,3",780bfb7d74ebf212,de_780bfb7d74ebf212_0,de_780bfb7d74ebf212_0_k4,90,95,False,0.5753538886222717,0.5338206050370513,0.5383197737511987,0.5817418391738975,0.8584789875374821
mock,de,en-de(synthetic),4,4,major_accuracy,major,accuracy,"0,1,2,3",4,"0,2,1,3",780bfb7d74ebf212,de_780bfb7d74ebf212_0,de_780bfb7d74ebf212_0_k4,90,95,False,0.5338190330735753,0.5338206050370513,0.5383197737511987,0.5817418391738975,0.5368580893689754
mock,de,en-de(synthetic),4,1,major_fluency,major,fluency,0,1,"0,2,1,3",780bfb7d74ebf212,de_780bfb7d74ebf212_0,de_780bfb7d74ebf212_0_k4,90,95,False,0.826756091802845,0.7038584408570846,0.9060899399986713,0.8680277562372327,0.8584789875374821
mock,de,en-de(synthetic),4,2,major_fluency,major,fluency,"0,2",2,"0,2,1,3",780bfb7d74ebf212,de_780bfb7d74ebf212_0,de_780bfb7d74ebf212_0_k4,90,95,False,0.7718920626201475,0.7038584408570846,0.9060899399986713,0.7030429657726053,0.8584789875374821
mock,de,en-de(synthetic),4,3,major_fluency,major,fluency,"0,1,2",3,"0,2,1,3",780bfb7d74ebf212,de_780bfb7d74ebf212_0,de_780bfb7d74ebf212_0_k4,90,95,False,0.7337153017653636,0.7038584408570846,0.6799513983960366,0.7030429657726053,0.8584789875374821
mock,de,en-de(synthetic),4,4,major_fluency,major,fluency,"0,1,2,3",4,"0,2,1,3",780bfb7d74ebf212,de_780bfb7d74ebf212_0,de_780bfb7d74ebf212_0_k4,90,95,False,0.6819633912165608,0.7038584408570846,0.6799513983960366,0.7030429657726053,0.6998424980442058
mock,de,en-de(synthetic),1,0,none,,,,0,"3,2,0,1",d95be2f90fd84aa0,de_d95be2f90fd84aa0_4,de_d95be2f90fd84aa0_4_k1,24,25,False,0.8137242563907998,0.8137242563907998,,,
mock,de,en-de(synthetic),1,1,minor_accuracy,minor,accuracy,0,3,"3,2,0,1",d95be2f90fd84aa0,de_d95be2f90fd84aa0_4,de_d95be2f90fd84aa0_4_k1,24,25,False,0.8268938467375319,0.8268938467375319,,,
mock,de,en-de(synthetic),1,1,minor_fluency,minor,fluency,0,3,"3,2,0,1",d95be2f90fd84aa0,de_d95be2f90fd84aa0_4,de_d95be2f90fd84aa0_4_k1,24,25,False,0.8553501998319287,0.8553501998319287,,,
mock,de,en-de(synthetic),1,1,major_accuracy,major,accuracy,0,3,"3,2,0,1",d95be2f90fd84aa0,de_d95be2f90fd84aa0_4,de_d95be2f90fd84aa0_4_k1,24,25,False,0.566066136730724,0.566066136730724,,,
mock,de,en-de(synthetic),1,1,major_fluency,major,fluency,0,3,"3,2,0,1",d95be2f90fd84aa0,de_d95be2f90fd84aa0_4,de_d95be2f90fd84aa0_4_k1,24,25,False,0.7162019538989967,0.7162019538989967,,,
mock,de,en-de(synthetic),2,0,none,,,,0,"3,2,0,1",d95be2f90fd84aa0,de_d95be2f90fd84aa0_4,de_d95be2f90fd84aa0_4_k2,46,48,False,0.850778562832235,0.8137242563907998,0.8786640381389553,,
mock,de,en-de(synthetic),2,1,minor_accuracy,minor,accuracy,0,3,"3,2,0,1",d95be2f90fd84aa0,de_d95be2f90fd84aa0_4,de_d95be2f90fd84aa0_4_k2,46,48,False,0.8399168637965928,0.8268938467375319,0.8786640381389553,,
mock,de,en-de(synthetic),2,2,minor_accuracy,minor,accuracy,"0,1",4,"3,2,0,1",d95be2f90fd84aa0,de_d95be2f90fd84aa0_4,de_d95be2f90fd84aa0_4_k2,46,48,False,0.7837536536932703,0.8268938467375319,0.76463067756194,,
mock,de,en-de(synthetic),2,1,minor_fluency,minor,fluency,0,3,"3,2,0,1",d95be2f90fd84aa0,de_d95be2f90fd84aa0_4,de_d95be2f90fd84aa0_4_k2,46,48,False,0.8694645038093078,0.8553501998319287,0.8786640381389553,,
mock,de,en-de(synthetic),2,2,minor_fluency,minor,fluency,"0,1",4,"3,2,0,1",d95be2f90fd84aa0,de_d95be2f90fd84aa0_4,de_d95be2f90fd84aa0_4_k2,46,48,False,0.8285826707714743,0.8553501998319287,0.8036368660172065,,
mock,de,en-de(synthetic),2,1,major_accuracy,major,accuracy,0,3,"3,2,0,1",d95be2f90fd84aa0,de_d95be2f90fd84aa0_4,de_d95be2f90fd84aa0_4_k2,46,48,False,0.6499890141860801,0.566066136730724,0.8786640381389553,,
mock,de,en-de(synthetic),2,2,major_accuracy,major,accuracy,"0,1",4,"3,2,0,1",d95be2f90fd84aa0,de_d95be2f90fd84aa0_4,de_d95be2f90fd84aa0_4_k2,46,48,False,0.5409571810409536,0.566066136730724,0.5194601450105498,,
mock,de,en-de(synthetic),2,1,major_fluency,major,fluency,0,3,"3,2,0,1",d95be2f90fd84aa0,de_d95be2f90fd84aa0_4,de_d95be2f90fd84aa0_4_k2,46,48,False,0.7842533816527807,0.7162019538989967,0.8786640381389553,,
mock,de,en-de(synthetic),2,2,major_fluency,major,fluency,"0,1",4,"3,2,0,1",d95be2f90fd84aa0,de_d95be2f90fd84aa0_4,de_d95be2f90fd84aa0_4_k2,46,48,False,0.7049565837729491,0.7162019538989967,0.6924808727624118,,
mock,de,en-de(synthetic),4,0,none,,,,0,"3,2,0,1",d95be2f90fd84aa0,de_d95be2f90fd84aa0_4,de_d95be2f90fd84aa0_4_k4,90,95,False,0.8373541965420581,0.8137242563907998,0.8786640381389553,0.7996282932302086,0.8328356745499821
mock,de,en-de(synthetic),4,1,minor_accuracy,minor,accuracy,3,1,"3,2,0,1",d95be2f90fd84aa0,de_d95be2f90fd84aa0_4,de_d95be2f90fd84aa0_4_k4,90,95,False,0.7947265883119097,0.8137242563907998,0.8786640381389553,0.7996282932302086,0.755178510897894
mock,de,en-de(synthetic),4,2,minor_accuracy,minor,accuracy,"2,3",2,"3,2,0,1",d95be2f90fd84aa0,de_d95be2f90fd84aa0_4,de_d95be2f90fd84aa0_4_k4,90,95,False,0.7775358530232629,0.8137242563907998,0.8786640381389553,0.7782981077651144,0.755178510897894
mock,de,en-de(synthetic),4,3,minor_accuracy,minor,accuracy,"0,2,3",3,"3,2,0,1",d95be2f90fd84aa0,de_d95be2f90fd84aa0_4,de_d95be2f90fd84aa0_4_k4,90,95,False,0.7838285028966582,0.8268938467375319,0.8786640381389553,0.7782981077651144,0.755178510897894
mock,de,en-de(synthetic),4,4,minor_accuracy,minor,accuracy,"0,1,2,3",4,"3,2,0,1",d95be2f90fd84aa0,de_d95be2f90fd84aa0_4,de_d95be2f90fd84aa0_4_k4,90,95,False,0.7975034726864074,0.8268938467375319,0.76463067756194,0.7782981077651144,0.755178510897894
mock,de,en-de(synthetic),4,1,minor_fluency,minor,fluency,3,1,"3,2,0,1",d95be2f90fd84aa0,de_d95be2f90fd84aa0_4,de_d95be2f90fd84aa0_4_k4,90,95,False,0.8277333361085004,0.8137242563907998,0.8786640381389553,0.7996282932302086,0.8245112588114968
mock,de,en-de(synthetic),4,2,minor_fluency,minor,fluency,"2,3",2,"3,2,0,1",d95be2f90fd84aa0,de_d95be2f90fd84aa0_4,de_d95be2f90fd84aa0_4_k4,90,95,False,0.836904613381227,0.8137242563907998,0.8786640381389553,0.7889638310612795,0.8245112588114968
mock,de,en-de(synthetic),4,3,minor_fluency,minor,fluency,"0,2,3",3,"3,2,0,1",d95be2f90fd84aa0,de_d95be2f90fd84aa0_4,de_d95be2f90fd84aa0_4_k4,90,95,False,0.835912677119269,0.8553501998319287,0.8786640381389553,0.7889638310612795,0.8245112588114968
mock,de,en-de(synthetic),4,4,minor_fluency,minor,fluency,"0,1,2,3",4,"3,2,0,1",d95be2f90fd84aa0,de_d95be2f90fd84aa0_4,de_d95be2f90fd84aa0_4_k4,90,95,False,0.8123164827453478,0.8553501998319287,0.8036368660172065,0.7889638310612795,0.8245112588114968
mock,de,en-de(synthetic),4,1,major_accuracy,major,accuracy,3,1,"3,2,0,1",d95be2f90fd84aa0,de_d95be2f90fd84aa0_4,de_d95be2f90fd84aa0_4_k4,90,95,False,0.7047896743021274,0.8137242563907998,0.8786640381389553,0.7996282932302086,0.5740721538973719
mock,de,en-de(synthetic),4,2,major_accuracy,major,accuracy,"2,3",2,"3,2,0,1",d95be2f90fd84aa0,de_d95be2f90fd84aa0_4,de_d95be2f90fd84aa0_4_k4,90,95,False,0.6590844720018153,0.8137242563907998,0.8786640381389553,0.5896924297477695,0.5740721538973719
mock,de,en-de(synthetic),4,3,major_accuracy,major,accuracy,"0,2,3",3,"3,2,0,1",d95be2f90fd84aa0,de_d95be2f90fd84aa0_4,de_d95be2f90fd84aa0_4_k4,90,95,False,0.6280683505752824,0.566066136730724,0.8786640381389553,0.5896924297477695,0.5740721538973719
mock,de,en-de(synthetic),4,4,major_accuracy,major,accuracy,"0,1,2,3",4,"3,2,0,1",d95be2f90fd84aa0,de_d95be2f90fd84aa0_4,de_d95be2f90fd84aa0_4_k4,90,95,False,0.5612464151511527,0.566066136730724,0.5194601450105498,0.5896924297477695,0.5740721538973719
mock,de,en-de(synthetic),4,1,major_fluency,major,fluency,3,1,"3,2,0,1",d95be2f90fd84aa0,de_d95be2f90fd84aa0_4,de_d95be2f90fd84aa0_4_k4,90,95,False,0.7915221679109059,0.8137242563907998,0.8786640381389553,0.7996282932302086,0.7384196265578313
mock,de,en-de(synthetic),4,2,major_fluency,major,fluency,"2,3",2,"3,2,0,1",d95be2f90fd84aa0,de_d95be2f90fd84aa0_4,de_d95be2f90fd84aa0_4_k4,90,95,False,0.7812749483603567,0.8137242563907998,0.8786640381389553,0.7167626618490993,0.7384196265578313
mock,de,en-de(synthetic),4,3,major_fluency,major,fluency,"0,2,3",3,"3,2,0,1",d95be2f90fd84aa0,de_d95be2f90fd84aa0_4,de_d95be2f90fd84aa0_4_k4,90,95,False,0.7436236810513902,0.7162019538989967,0.8786640381389553,0.7167626618490993,0.7384196265578313
mock,de,en-de(synthetic),4,4,major_fluency,major,fluency,"0,1,2,3",4,"3,2,0,1",d95be2f90fd84aa0,de_d95be2f90fd84aa0_4,de_d95be2f90fd84aa0_4_k4,90,95,False,0.7234573691787676,0.7162019538989967,0.6924808727624118,0.7167626618490993,0.7384196265578313
mock,de,en-de(synthetic),1,0,none,,,,0,"2,1,3,0",780bfb7d74ebf212,de_780bfb7d74ebf212_4,de_780bfb7d74ebf212_4_k1,24,25,False,0.8652659161245625,0.8652659161245625,,,
mock,de,en-de(synthetic),1,1,minor_accuracy,minor,accuracy,0,4,"2,1,3,0",780bfb7d74ebf212,de_780bfb7d74ebf212_4,de_780bfb7d74ebf212_4_k1,24,25,False,0.7773839894319122,0.7773839894319122,,,
mock,de,en-de(synthetic),1,1,minor_fluency,minor,fluency,0,4,"2,1,3,0",780bfb7d74ebf212,de_780bfb7d74ebf212_4,de_780bfb7d74ebf212_4_k1,24,25,False,0.7986094423407928,0.7986094423407928,,,
mock,de,en-de(synthetic),1,1,major_accuracy,major,accuracy,0,4,"2,1,3,0",780bfb7d74ebf212,de_780bfb7d74ebf212_4,de_780bfb7d74ebf212_4_k1,24,25,False,0.5589272533939784,0.5589272533939784,,,
mock,de,en-de(synthetic),1,1,major_fluency,major,fluency,0,4,"2,1,3,0",780bfb7d74ebf212,de_780bfb7d74ebf212_4,de_780bfb7d74ebf212_4_k1,24,25,False,0.727698501017145,0.727698501017145,,,
mock,de,en-de(synthetic),2,0,none,,,,0,"2,1,3,0",780bfb7d74ebf212,de_780bfb7d74ebf212_4,de_780bfb7d74ebf212_4_k2,46,48,False,0.8163708093122315,0.8652659161245625,0.8093921195527813,,
mock,de,en-de(synthetic),2,1,minor_accuracy,minor,accuracy,1,2,"2,1,3,0",780bfb7d74ebf212,de_780bfb7d74ebf212_4,de_780bfb7d74ebf212_4_k2,46,48,False,0.8019968309515452,0.8652659161245625,0.775949365440807,,
mock,de,en-de(synthetic),2,2,minor_accuracy,minor,accuracy,"0,1",4,"2,1,3,0",780bfb7d74ebf212,de_780bfb7d74ebf212_4,de_780bfb7d74ebf212_4_k2,46,48,False,0.7883000126284572,0.7773839894319122,0.775949365440807,,
mock,de,en-de(synthetic),2,1,minor_fluency,minor,fluency,1,2,"2,1,3,0",780bfb7d74ebf212,de_780bfb7d74ebf212_4,de_780bfb7d74ebf212_4_k2,46,48,False,0.8384919102680203,0.8652659161245625,0.7981845724655127,,
mock,de,en-de(synthetic),2,2,minor_fluency,minor,fluency,"0,1",4,"2,1,3,0",780bfb7d74ebf212,de_780bfb7d74ebf212_4,de_780bfb7d74ebf212_4_k2,46,48,False,0.7863532123221588,0.7986094423407928,0.7981845724655127,,
mock,de,en-de(synthetic),2,1,major_accuracy,major,accuracy,1,2,"2,1,3,0",780bfb7d74ebf212,de_780bfb7d74ebf212_4,de_780bfb7d74ebf212_4_k2,46,48,False,0.6459158098817707,0.8652659161245625,0.5478159603861104,,
mock,de,en-de(synthetic),2,2,major_accuracy,major,accuracy,"0,1",4,"2,1,3,0",780bfb7d74ebf212,de_780bfb7d74ebf212_4,de_780bfb7d74ebf212_4_k2,46,48,False,0.5384862108973032,0.5589272533939784,0.5478159603861104,,
mock,de,en-de(synthetic),2,1,major_fluency,major,fluency,1,2,"2,1,3,0",780bfb7d74ebf212,de_780bfb7d74ebf212_4,de_780bfb7d74ebf212_4_k2,46,48,False,0.743536671028549,0.8652659161245625,0.6696549483653028,,
mock,de,en-de(synthetic),2,2,major_fluency,major,fluency,"0,1",4,"2,1,3,0",780bfb7d74ebf212,de_780bfb7d74ebf212_4,de_780bfb7d74ebf212_4_k2,46,48,False,0.6730905862517336,0.727698501017145,0.6696549483653028,,
mock,de,en-de(synthetic),4,0,none,,,,0,"2,1,3,0",780bfb7d74ebf212,de_780bfb7d74ebf212_4,de_780bfb7d74ebf212_4_k4,90,95,False,0.8134987499408751,0.8652659161245625,0.8093921195527813,0.7950383330793671,0.8005903956227483
mock,de,en-de(synthetic),4,1,minor_accuracy,minor,accuracy,2,1,"2,1,3,0",780bfb7d74ebf212,de_780bfb7d74ebf212_4,de_780bfb7d74ebf212_4_k4,90,95,False,0.8105304103838575,0.8652659161245625,0.8093921195527813,0.7874773203904796,0.8005903956227483
mock,de,en-de(synthetic),4,2,minor_accuracy,minor,accuracy,"1,2",2,"2,1,3,0",780bfb7d74ebf212,de_780bfb7d74ebf212_4,de_780bfb7d74ebf212_4_k4,90,95,False,0.8082204785166069,0.8652659161245625,0.775949365440807,0.7874773203904796,0.8005903956227483
mock,de,en-de(synthetic),4,3,minor_accuracy,minor,accuracy,"1,2,3",3,"2,1,3,0",780bfb7d74ebf212,de_780bfb7d74ebf212_4,de_780bfb7d74ebf212_4_k4,90,95,False,0.7776495146629114,0.8652659161245625,0.775949365440807,0.7874773203904796,0.7318432568022325
mock,de,en-de(synthetic),4,4,minor_accuracy,minor,accuracy,"0,1,2,3",4,"2,1,3,0",780bfb7d74ebf212,de_780bfb7d74ebf212_4,de_780bfb7d74ebf212_4_k4,90,95,False,0.7700411707702461,0.7773839894319122,0.775949365440807,0.7874773203904796,0.7318432568022325
mock,de,en-de(synthetic),4,1,minor_fluency,minor,fluency,2,1,"2,1,3,0",780bfb7d74ebf212,de_780bfb7d74ebf212_4,de_780bfb7d74ebf212_4_k4,90,95,False,0.8297967860684385,0.8652659161245625,0.8093921195527813,0.8073382715922438,0.8005903956227483
mock,de,en-de(synthetic),4,2,minor_fluency,minor,fluency,"1,2",2,"2,1,3,0",780bfb7d74ebf212,de_780bfb7d74ebf212_4,de_780bfb7d74ebf212_4_k4,90,95,False,0.804201201314063,0.8652659161245625,0.7981845724655127,0.8073382715922438,0.8005903956227483
mock,de,en-de(synthetic),4,3,minor_fluency,minor,fluency,"1,2,3",3,"2,1,3,0",780bfb7d74ebf212,de_780bfb7d74ebf212_4,de_780bfb7d74ebf212_4_k4,90,95,False,0.7948124930707718,0.8652659161245625,0.7981845724655127,0.8073382715922438,0.7739847953943745
mock,de,en-de(synthetic),4,4,minor_fluency,minor,fluency,"0,1,2,3",4,"2,1,3,0",780bfb7d74ebf212,de_780bfb7d74ebf212_4,de_780bfb7d74ebf212_4_k4,90,95,False,0.8049084461748147,0.7986094423407928,0.7981845724655127,0.8073382715922438,0.7739847953943745
mock,de,en-de(synthetic),4,1,major_accuracy,major,accuracy,2,1,"2,1,3,0",780bfb7d74ebf212,de_780bfb7d74ebf212_4,de_780bfb7d74ebf212_4_k4,90,95,False,0.6908880272754,0.8652659161245625,0.8093921195527813,0.5467848010118816,0.8005903956227483
mock,de,en-de(synthetic),4,2,major_accuracy,major,accuracy,"1,2",2,"2,1,3,0",780bfb7d74ebf212,de_780bfb7d74ebf212_4,de_780bfb7d74ebf212_4_k4,90,95,False,0.6337262570692935,0.8652659161245625,0.5478159603861104,0.5467848010118816,0.8005903956227483
mock,de,en-de(synthetic),4,3,major_accuracy,major,accuracy,"1,2,3",3,"2,1,3,0",780bfb7d74ebf212,de_780bfb7d74ebf212_4,de_780bfb7d74ebf212_4_k4,90,95,False,0.5985152534636639,0.8652659161245625,0.5478159603861104,0.5467848010118816,0.5959286398522048
mock,de,en-de(synthetic),4,4,major_accuracy,major,accuracy,"0,1,2,3",4,"2,1,3,0",780bfb7d74ebf212,de_780bfb7d74ebf212_4,de_780bfb7d74ebf212_4_k4,90,95,False,0.5667952345160167,0.5589272533939784,0.5478159603861104,0.5467848010118816,0.5959286398522048
mock,de,en-de(synthetic),4,1,major_fluency,major,fluency,2,1,"2,1,3,0",780bfb7d74ebf212,de_780bfb7d74ebf212_4,de_780bfb7d74ebf212_4_k4,90,95,False,0.8036078149428989,0.8652659161245625,0.8093921195527813,0.7304291884772882,0.8005903956227483
mock,de,en-de(synthetic),4,2,major_fluency,major,fluency,"1,2",2,"2,1,3,0",780bfb7d74ebf212,de_780bfb7d74ebf212_4,de_780bfb7d74ebf212_4_k4,90,95,False,0.7438684829304145,0.8652659161245625,0.6696549483653028,0.7304291884772882,0.8005903956227483
mock,de,en-de(synthetic),4,3,major_fluency,major,fluency,"1,2,3",3,"2,1,3,0",780bfb7d74ebf212,de_780bfb7d74ebf212_4,de_780bfb7d74ebf212_4_k4,90,95,False,0.7139818900075181,0.8652659161245625,0.6696549483653028,0.7304291884772882,0.6860769639932311
mock,de,en-de(synthetic),4,4,major_fluency,major,fluency,"0,1,2,3",4,"2,1,3,0",780bfb7d74ebf212,de_780bfb7d74ebf212_4,de_780bfb7d74ebf212_4_k4,90,95,False,0.7232660490185033,0.727698501017145,0.6696549483653028,0.7304291884772882,0.6860769639932311
mock,de,en-de(synthetic),1,0,none,,,,0,"2,0,1,3",3f959113e5d8fb19,de_3f959113e5d8fb19_4,de_3f959113e5d8fb19_4_k1,24,25,False,0.8706583970058903,0.8706583970058903,,,
mock,de,en-de(synthetic),1,1,minor_accuracy,minor,accuracy,0,2,"2,0,1,3",3f959113e5d8fb19,de_3f959113e5d8fb19_4,de_3f959113e5d8fb19_4_k1,24,25,False,0.8284882852366808,0.8284882852366808,,,
mock,de,en-de(synthetic),1,1,minor_fluency,minor,fluency,0,2,"2,0,1,3",3f959113e5d8fb19,de_3f959113e5d8fb19_4,de_3f959113e5d8fb19_4_k1,24,25,False,0.8257861831802276,0.8257861831802276,,,
mock,de,en-de(synthetic),1,1,major_accuracy,major,accuracy,0,2,"2,0,1,3",3f959113e5d8fb19,de_3f959113e5d8fb19_4,de_3f959113e5d8fb19_4_k1,24,25,False,0.5483872492306556,0.5483872492306556,,,
mock,de,en-de(synthetic),1,1,major_fluency,major,fluency,0,2,"2,0,1,3",3f959113e5d8fb19,de_3f959113e5d8fb19_4,de_3f959113e5d8fb19_4_k1,24,25,False,0.7266230281739439,0.7266230281739439,,,
mock,de,en-de(synthetic),2,0,none,,,,0,"2,0,1,3",3f959113e5d8fb19,de_3f959113e5d8fb19_4,de_3f959113e5d8fb19_4_k2,46,48,False,0.8538265902681389,0.8706583970058903,0.8533094849468987,,
mock,de,en-de(synthetic),2,1,minor_accuracy,minor,accuracy,0,2,"2,0,1,3",3f959113e5d8fb19,de_3f959113e5d8fb19_4,de_3f959113e5d8fb19_4_k2,46,48,False,0.8485192409727281,0.8284882852366808,0.8533094849468987,,
mock,de,en-de(synthetic),2,2,minor_accuracy,minor,accuracy,"0,1",3,"2,0,1,3",3f959113e5d8fb19,de_3f959113e5d8fb19_4,de_3f959113e5d8fb19_4_k2,46,48,False,0.7698525987458341,0.8284882852366808,0.7416239273471399,,
mock,de,en-de(synthetic),2,1,minor_fluency,minor,fluency,0,2,"2,0,1,3",3f959113e5d8fb19,de_3f959113e5d8fb19_4,de_3f959113e5d8fb19_4_k2,46,48,False,0.8497791166541834,0.8257861831802276,0.8533094849468987,,
mock,de,en-de(synthetic),2,2,minor_fluency,minor,fluency,"0,1",3,"2,0,1,3",3f959113e5d8fb19,de_3f959113e5d8fb19_4,de_3f959113e5d8fb19_4_k2,46,48,False,0.8281458929529609,0.8257861831802276,0.8123103127094359,,
mock,de,en-de(synthetic),2,1,major_accuracy,major,accuracy,0,2,"2,0,1,3",3f959113e5d8fb19,de_3f959113e5d8fb19_4,de_3f959113e5d8fb19_4_k2,46,48,False,0.6285719076618198,0.5483872492306556,0.8533094849468987,,
mock,de,en-de(synthetic),2,2,major_accuracy,major,accuracy,"0,1",3,"2,0,1,3",3f959113e5d8fb19,de_3f959113e5d8fb19_4,de_3f959113e5d8fb19_4_k2,46,48,False,0.5592406391387826,0.5483872492306556,0.5393540015678862,,
mock,de,en-de(synthetic),2,1,major_fluency,major,fluency,0,2,"2,0,1,3",3f959113e5d8fb19,de_3f959113e5d8fb19_4,de_3f959113e5d8fb19_4_k2,46,48,False,0.7778636626716035,0.7266230281739439,0.8533094849468987,,
mock,de,en-de(synthetic),2,2,major_fluency,major,fluency,"0,1",3,"2,0,1,3",3f959113e5d8fb19,de_3f959113e5d8fb19_4,de_3f959113e5d8fb19_4_k2,46,48,False,0.7148308335058422,0.7266230281739439,0.706243483633073,,
mock,de,en-de(synthetic),4,0,none,,,,0,"2,0,1,3",3f959113e5d8fb19,de_3f959113e5d8fb19_4,de_3f959113e5d8fb19_4_k4,90,95,False,0.865331608003085,0.8706583970058903,0.8533094849468987,0.8777942329047204,0.8495398744117499
mock,de,en-de(synthetic),4,1,minor_accuracy,minor,accuracy,2,1,"2,0,1,3",3f959113e5d8fb19,de_3f959113e5d8fb19_4,de_3f959113e5d8fb19_4_k4,90,95,False,0.8457832520148926,0.8706583970058903,0.8533094849468987,0.7744015153507833,0.8495398744117499
mock,de,en-de(synthetic),4,2,minor_accuracy,minor,accuracy,"0,2",2,"2,0,1,3",3f959113e5d8fb19,de_3f959113e5d8fb19_4,de_3f959113e5d8fb19_4_k4,90,95,False,0.8259684221097273,0.8284882852366808,0.8533094849468987,0.7744015153507833,0.8495398744117499
mock,de,en-de(synthetic),4,3,minor_accuracy,minor,accuracy,"0,1,2",3,"2,0,1,3",3f959113e5d8fb19,de_3f959113e5d8fb19_4,de_3f959113e5d8fb19_4_k4,90,95,False,0.7898555087491883,0.8284882852366808,0.7416239273471399,0.7744015153507833,0.8495398744117499
mock,de,en-de(synthetic),4,4,minor_accuracy,minor,accuracy,"0,1,2,3",4,"2,0,1,3",3f959113e5d8fb19,de_3f959113e5d8fb19_4,de_3f959113e5d8fb19_4_k4,90,95,False,0.7804096758706641,0.8284882852366808,0.7416239273471399,0.7744015153507833,0.7662746167683295
mock,de,en-de(synthetic),4,1,minor_fluency,minor,fluency,2,1,"2,0,1,3",3f959113e5d8fb19,de_3f959113e5d8fb19_4,de_3f959113e5d8fb19_4_k4,90,95,False,0.8216475356907097,0.8706583970058903,0.8533094849468987,0.7432865354255855,0.8495398744117499
mock,de,en-de(synthetic),4,2,minor_fluency,minor,fluency,"0,2",2,"2,0,1,3",3f959113e5d8fb19,de_3f959113e5d8fb19_4,de_3f959113e5d8fb19_4_k4,90,95,False,0.8103534938064929,0.8257861831802276,0.8533094849468987,0.7432865354255855,0.8495398744117499
mock,de,en-de(synthetic),4,3,minor_fluency,minor,fluency,"0,1,2",3,"2,0,1,3",3f959113e5d8fb19,de_3f959113e5d8fb19_4,de_3f959113e5d8fb19_4_k4,90,95,False,0.8160368289566395,0.8257861831802276,0.8123103127094359,0.7432865354255855,0.8495398744117499
mock,de,en-de(synthetic),4,4,minor_fluency,minor,fluency,"0,1,2,3",4,"2,0,1,3",3f959113e5d8fb19,de_3f959113e5d8fb19_4,de_3f959113e5d8fb19_4_k4,90,95,False,0.7903180754740239,0.8257861831802276,0.8123103127094359,0.7432865354255855,0.7660964035579009
mock,de,en-de(synthetic),4,1,major_accuracy,major,accuracy,2,1,"2,0,1,3",3f959113e5d8fb19,de_3f959113e5d8fb19_4,de_3f959113e5d8fb19_4_k4,90,95,False,0.7628353447601329,0.8706583970058903,0.8533094849468987,0.629571121107966,0.8495398744117499
mock,de,en-de(synthetic),4,2,major_accuracy,major,accuracy,"0,2",2,"2,0,1,3",3f959113e5d8fb19,de_3f959113e5d8fb19_4,de_3f959113e5d8fb19_4_k4,90,95,False,0.665265816263136,0.5483872492306556,0.8533094849468987,0.629571121107966,0.8495398744117499
mock,de,en-de(synthetic),4,3,major_accuracy,major,accuracy,"0,1,2",3,"2,0,1,3",3f959113e5d8fb19,de_3f959113e5d8fb19_4,de_3f959113e5d8fb19_4_k4,90,95,False,0.596689396457653,0.5483872492306556,0.5393540015678862,0.629571121107966,0.8495398744117499
mock,de,en-de(synthetic),4,4,major_accuracy,major,accuracy,"0,1,2,3",4,"2,0,1,3",3f959113e5d8fb19,de_3f959113e5d8fb19_4,de_3f959113e5d8fb19_4_k4,90,95,False,0.5851274200503942,0.5483872492306556,0.5393540015678862,0.629571121107966,0.5805692649949354
mock,de,en-de(synthetic),4,1,major_fluency,major,fluency,2,1,"2,0,1,3",3f959113e5d8fb19,de_3f959113e5d8fb19_4,de_3f959113e5d8fb19_4_k4,90,95,False,0.797767046397114,0.8706583970058903,0.8533094849468987,0.7182126448138035,0.8495398744117499
mock,de,en-de(synthetic),4,2,major_fluency,major,fluency,"0,2",2,"2,0,1,3",3f959113e5d8fb19,de_3f959113e5d8fb19_4,de_3f959113e5d8fb19_4_k4,90,95,False,0.7728770018071308,0.7266230281739439,0.8533094849468987,0.7182126448138035,0.8495398744117499
mock,de,en-de(synthetic),4,3,major_fluency,major,fluency,"0,1,2",3,"2,0,1,3",3f959113e5d8fb19,de_3f959113e5d8fb19_4,de_3f959113e5d8fb19_4_k4,90,95,False,0.742953527401928,0.7266230281739439,0.706243483633073,0.7182126448138035,0.8495398744117499
mock,de,en-de(synthetic),4,4,major_fluency,major,fluency,"0,1,2,3",4,"2,0,1,3",3f959113e5d8fb19,de_3f959113e5d8fb19_4,de_3f959113e5d8fb19_4_k4,90,95,False,0.7168803736826822,0.7266230281739439,0.706243483633073,0.7182126448138035,0.7694185567958053
mock,de,en-de(synthetic),1,0,none,,,,0,"3,2,1,0",17a4930edfaf3db7,de_17a4930edfaf3db7_0,de_17a4930edfaf3db7_0_k1,24,25,False,0.872692070705823,0.872692070705823,,,
mock,de,en-de(synthetic),1,1,minor_accuracy,minor,accuracy,0,4,"3,2,1,0",17a4930edfaf3db7,de_17a4930edfaf3db7_0,de_17a4930edfaf3db7_0_k1,24,25,False,0.7467748797481166,0.7467748797481166,,,
mock,de,en-de(synthetic),1,1,minor_fluency,minor,fluency,0,4,"3,2,1,0",17a4930edfaf3db7,de_17a4930edfaf3db7_0,de_17a4930edfaf3db7_0_k1,24,25,False,0.8129194821566272,0.8129194821566272,,,
mock,de,en-de(synthetic),1,1,major_accuracy,major,accuracy,0,4,"3,2,1,0",17a4930edfaf3db7,de_17a4930edfaf3db7_0,de_17a4930edfaf3db7_0_k1,24,25,False,0.5753466866339294,0.5753466866339294,,,
mock,de,en-de(synthetic),1,1,major_fluency,major,fluency,0,4,"3,2,1,0",17a4930edfaf3db7,de_17a4930edfaf3db7_0,de_17a4930edfaf3db7_0_k1,24,25,False,0.680098620646717,0.680098620646717,,,
mock,de,en-de(synthetic),2,0,none,,,,0,"3,2,1,0",17a4930edfaf3db7,de_17a4930edfaf3db7_0,de_17a4930edfaf3db7_0_k2,46,48,False,0.8658305513107386,0.872692070705823,0.8319370545823295,,
mock,de,en-de(synthetic),2,1,minor_accuracy,minor,accuracy,1,3,"3,2,1,0",17a4930edfaf3db7,de_17a4930edfaf3db7_0,de_17a4930edfaf3db7_0_k2,46,48,False,0.7916444543599322,0.872692070705823,0.7449222086668105,,
mock,de,en-de(synthetic),2,2,minor_accuracy,minor,accuracy,"0,1",4,"3,2,1,0",17a4930edfaf3db7,de_17a4930edfaf3db7_0,de_17a4930edfaf3db7_0_k2,46,48,False,0.7525961565466134,0.7467748797481166,0.7449222086668105,,
mock,de,en-de(synthetic),2,1,minor_fluency,minor,fluency,1,3,"3,2,1,0",17a4930edfaf3db7,de_17a4930edfaf3db7_0,de_17a4930edfaf3db7_0_k2,46,48,False,0.853863952644111,0.872692070705823,0.8201005039845161,,
mock,de,en-de(synthetic),2,2,minor_fluency,minor,fluency,"0,1",4,"3,2,1,0",17a4930edfaf3db7,de_17a4930edfaf3db7_0,de_17a4930edfaf3db7_0_k2,46,48,False,0.7875166200319745,0.8129194821566272,0.8201005039845161,,
mock,de,en-de(synthetic),2,1,major_accuracy,major,accuracy,1,3,"3,2,1,0",17a4930edfaf3db7,de_17a4930edfaf3db7_0,de_17a4930edfaf3db7_0_k2,46,48,False,0.6670522824376649,0.872692070705823,0.5841052957838566,,
mock,de,en-de(synthetic),2,2,major_accuracy,major,accuracy,"0,1",4,"3,2,1,0",17a4930edfaf3db7,de_17a4930edfaf3db7_0,de_17a4930edfaf3db7_0_k2,46,48,False,0.5723441916205199,0.5753466866339294,0.5841052957838566,,
mock,de,en-de(synthetic),2,1,major_fluency,major,fluency,1,3,"3,2,1,0",17a4930edfaf3db7,de_17a4930edfaf3db7_0,de_17a4930edfaf3db7_0_k2,46,48,False,0.7578239976980369,0.872692070705823,0.679355072192734,,
mock,de,en-de(synthetic),2,2,major_fluency,major,fluency,"0,1",4,"3,2,1,0",17a4930edfaf3db7,de_17a4930edfaf3db7_0,de_17a4930edfaf3db7_0_k2,46,48,False,0.6769072422488799,0.680098620646717,0.679355072192734,,
mock,de,en-de(synthetic),4,0,none,,,,0,"3,2,1,0",17a4930edfaf3db7,de_17a4930edfaf3db7_0,de_17a4930edfaf3db7_0_k4,90,95,False,0.8643284600200217,0.872692070705823,0.8319370545823295,0.8348001700526707,0.8487466672851244
mock,de,en-de(synthetic),4,1,minor_accuracy,minor,accuracy,3,1,"3,2,1,0",17a4930edfaf3db7,de_17a4930edfaf3db7_0,de_17a4930edfaf3db7_0_k4,90,95,False,0.8252920862078545,0.872692070705823,0.8319370545823295,0.8348001700526707,0.8026137237983747
mock,de,en-de(synthetic),4,2,minor_accuracy,minor,accuracy,"2,3",2,"3,2,1,0",17a4930edfaf3db7,de_17a4930edfaf3db7_0,de_17a4930edfaf3db7_0_k4,90,95,False,0.819455633390513,0.872692070705823,0.8319370545823295,0.795470886515074,0.8026137237983747
mock,de,en-de(synthetic),4,3,minor_accuracy,minor,accuracy,"1,2,3",3,"3,2,1,0",17a4930edfaf3db7,de_17a4930edfaf3db7_0,de_17a4930edfaf3db7_0_k4,90,95,False,0.8122764351734892,0.872692070705823,0.7449222086668105,0.795470886515074,0.8026137237983747
mock,de,en-de(synthetic),4,4,minor_accuracy,minor,accuracy,"0,1,2,3",4,"3,2,1,0",17a4930edfaf3db7,de_17a4930edfaf3db7_0,de_17a4930edfaf3db7_0_k4,90,95,False,0.7737986756457498,0.7467748797481166,0.7449222086668105,0.795470886515074,0.8026137237983747
mock,de,en-de(synthetic),4,1,minor_fluency,minor,fluency,3,1,"3,2,1,0",17a4930edfaf3db7,de_17a4930edfaf3db7_0,de_17a4930edfaf3db7_0_k4,90,95,False,0.8603589721924663,0.872692070705823,0.8319370545823295,0.8348001700526707,0.8483431932220992
mock,de,en-de(synthetic),4,2,minor_fluency,minor,fluency,"2,3",2,"3,2,1,0",17a4930edfaf3db7,de_17a4930edfaf3db7_0,de_17a4930edfaf3db7_0_k4,90,95,False,0.8244144214989748,0.872692070705823,0.8319370545823295,0.7638524331674909,0.8483431932220992
mock,de,en-de(synthetic),4,3,minor_fluency,minor,fluency,"1,2,3",3,"3,2,1,0",17a4930edfaf3db7,de_17a4930edfaf3db7_0,de_17a4930edfaf3db7_0_k4,90,95,False,0.8248958009730386,0.872692070705823,0.8201005039845161,0.7638524331674909,0.8483431932220992
mock,de,en-de(synthetic),4,4,minor_fluency,minor,fluency,"0,1,2,3",4,"3,2,1,0",17a4930edfaf3db7,de_17a4930edfaf3db7_0,de_17a4930edfaf3db7_0_k4,90,95,False,0.7946661880168329,0.8129194821566272,0.8201005039845161,0.7638524331674909,0.8483431932220992
mock,de,en-de(synthetic),4,1,major_accuracy,major,accuracy,3,1,"3,2,1,0",17a4930edfaf3db7,de_17a4930edfaf3db7_0,de_17a4930edfaf3db7_0_k4,90,95,False,0.6704309880276893,0.872692070705823,0.8319370545823295,0.8348001700526707,0.5269727764139185
mock,de,en-de(synthetic),4,2,major_accuracy,major,accuracy,"2,3",2,"3,2,1,0",17a4930edfaf3db7,de_17a4930edfaf3db7_0,de_17a4930edfaf3db7_0_k4,90,95,False,0.6290114390764546,0.872692070705823,0.8319370545823295,0.5685750766695041,0.5269727764139185
mock,de,en-de(synthetic),4,3,major_accuracy,major,accuracy,"1,2,3",3,"3,2,1,0",17a4930edfaf3db7,de_17a4930edfaf3db7_0,de_17a4930edfaf3db7_0_k4,90,95,False,0.5805059457120962,0.872692070705823,0.5841052957838566,0.5685750766695041,0.5269727764139185
mock,de,en-de(synthetic),4,4,major_accuracy,major,accuracy,"0,1,2,3",4,"3,2,1,0",17a4930edfaf3db7,de_17a4930edfaf3db7_0,de_17a4930edfaf3db7_0_k4,90,95,False,0.5828185549862025,0.5753466866339294,0.5841052957838566,0.5685750766695041,0.5269727764139185
mock,de,en-de(synthetic),4,1,major_fluency,major,fluency,3,1,"3,2,1,0",17a4930edfaf3db7,de_17a4930edfaf3db7_0,de_17a4930edfaf3db7_0_k4,90,95,False,0.7927471564218218,0.872692070705823,0.8319370545823295,0.8348001700526707,0.7110354007388239
mock,de,en-de(synthetic),4,2,major_fluency,major,fluency,"2,3",2,"3,2,1,0",17a4930edfaf3db7,de_17a4930edfaf3db7_0,de_17a4930edfaf3db7_0_k4,90,95,False,0.7275924998301947,0.872692070705823,0.8319370545823295,0.6485284567133223,0.7110354007388239
mock,de,en-de(synthetic),4,3,major_fluency,major,fluency,"1,2,3",3,"3,2,1,0",17a4930edfaf3db7,de_17a4930edfaf3db7_0,de_17a4930edfaf3db7_0_k4,90,95,False,0.697506154492041,0.872692070705823,0.679355072192734,0.6485284567133223,0.7110354007388239
mock,de,en-de(synthetic),4,4,major_fluency,major,fluency,"0,1,2,3",4,"3,2,1,0",17a4930edfaf3db7,de_17a4930edfaf3db7_0,de_17a4930edfaf3db7_0_k4,90,95,False,0.6574315737892166,0.680098620646717,0.679355072192734,0.6485284567133223,0.7110354007388239
mock,de,en-de(synthetic),1,0,none,,,,0,"2,3,0,1",8e3bc11891900541,de_8e3bc11891900541_0,de_8e3bc11891900541_0_k1,24,25,False,0.8516012866569156,0.8516012866569156,,,
mock,de,en-de(synthetic),1,1,minor_accuracy,minor,accuracy,0,3,"2,3,0,1",8e3bc11891900541,de_8e3bc11891900541_0,de_8e3bc11891900541_0_k1,24,25,False,0.7309796243828828,0.7309796243828828,,,
mock,de,en-de(synthetic),1,1,minor_fluency,minor,fluency,0,3,"2,3,0,1",8e3bc11891900541,de_8e3bc11891900541_0,de_8e3bc11891900541_0_k1,24,25,False,0.8356645105084002,0.8356645105084002,,,
mock,de,en-de(synthetic),1,1,major_accuracy,major,accuracy,0,3,"2,3,0,1",8e3bc11891900541,de_8e3bc11891900541_0,de_8e3bc11891900541_0_k1,24,25,False,0.520496960091053,0.520496960091053,,,
mock,de,en-de(synthetic),1,1,major_fluency,major,fluency,0,3,"2,3,0,1",8e3bc11891900541,de_8e3bc11891900541_0,de_8e3bc11891900541_0_k1,24,25,False,0.6352817528812374,0.6352817528812374,,,
mock,de,en-de(synthetic),2,0,none,,,,0,"2,3,0,1",8e3bc11891900541,de_8e3bc11891900541_0,de_8e3bc11891900541_0_k2,46,48,False,0.8852335641491335,0.8516012866569156,0.8978120850371554,,
mock,de,en-de(synthetic),2,1,minor_accuracy,minor,accuracy,0,3,"2,3,0,1",8e3bc11891900541,de_8e3bc11891900541_0,de_8e3bc11891900541_0_k2,46,48,False,0.7986030061905516,0.7309796243828828,0.8978120850371554,,
mock,de,en-de(synthetic),2,2,minor_accuracy,minor,accuracy,"0,1",4,"2,3,0,1",8e3bc11891900541,de_8e3bc11891900541_0,de_8e3bc11891900541_0_k2,46,48,False,0.76696424879716,0.7309796243828828,0.8061681382244074,,
mock,de,en-de(synthetic),2,1,minor_fluency,minor,fluency,0,3,"2,3,0,1",8e3bc11891900541,de_8e3bc11891900541_0,de_8e3bc11891900541_0_k2,46,48,False,0.8658706728697195,0.8356645105084002,0.8978120850371554,,
mock,de,en-de(synthetic),2,2,minor_fluency,minor,fluency,"0,1",4,"2,3,0,1",8e3bc11891900541,de_8e3bc11891900541_0,de_8e3bc11891900541_0_k2,46,48,False,0.8045012447559932,0.8356645105084002,0.7793824762121053,,
mock,de,en-de(synthetic),2,1,major_accuracy,major,accuracy,0,3,"2,3,0,1",8e3bc11891900541,de_8e3bc11891900541_0,de_8e3bc11891900541_0_k2,46,48,False,0.6023523743122382,0.520496960091053,0.8978120850371554,,
mock,de,en-de(synthetic),2,2,major_accuracy,major,accuracy,"0,1",4,"2,3,0,1",8e3bc11891900541,de_8e3bc11891900541_0,de_8e3bc11891900541_0_k2,46,48,False,0.5552744673953254,0.520496960091053,0.5817090737453035,,
mock,de,en-de(synthetic),2,1,major_fluency,major,fluency,0,3,"2,3,0,1",8e3bc11891900541,de_8e3bc11891900541_0,de_8e3bc11891900541_0_k2,46,48,False,0.716145714123945,0.6352817528812374,0.8978120850371554,,
mock,de,en-de(synthetic),2,2,major_fluency,major,fluency,"0,1",4,"2,3,0,1",8e3bc11891900541,de_8e3bc11891900541_0,de_8e3bc11891900541_0_k2,46,48,False,0.6496205358903823,0.6352817528812374,0.6652149693475422,,
mock,de,en-de(synthetic),4,0,none,,,,0,"2,3,0,1",8e3bc11891900541,de_8e3bc11891900541_0,de_8e3bc11891900541_0_k4,90,95,False,0.8528647487250142,0.8516012866569156,0.8978120850371554,0.8539551426855809,0.8577095981781108
mock,de,en-de(synthetic),4,1,minor_accuracy,minor,accuracy,2,1,"2,3,0,1",8e3bc11891900541,de_8e3bc11891900541_0,de_8e3bc11891900541_0_k4,90,95,False,0.8348183643384263,0.8516012866569156,0.8978120850371554,0.7591237684454603,0.8577095981781108
mock,de,en-de(synthetic),4,2,minor_accuracy,minor,accuracy,"2,3",2,"2,3,0,1",8e3bc11891900541,de_8e3bc11891900541_0,de_8e3bc11891900541_0_k4,90,95,False,0.8265065679313367,0.8516012866569156,0.8978120850371554,0.7591237684454603,0.7980708761543077
mock,de,en-de(synthetic),4,3,minor_accuracy,minor,accuracy,"0,2,3",3,"2,3,0,1",8e3bc11891900541,de_8e3bc11891900541_0,de_8e3bc11891900541_0_k4,90,95,False,0.7807408455688202,0.7309796243828828,0.8978120850371554,0.7591237684454603,0.7980708761543077
mock,de,en-de(synthetic),4,4,minor_accuracy,minor,accuracy,"0,1,2,3",4,"2,3,0,1",8e3bc11891900541,de_8e3bc11891900541_0,de_8e3bc11891900541_0_k4,90,95,False,0.7704949530937757,0.7309796243828828,0.8061681382244074,0.7591237684454603,0.7980708761543077
mock,de,en-de(synthetic),4,1,minor_fluency,minor,fluency,2,1,"2,3,0,1",8e3bc11891900541,de_8e3bc11891900541_0,de_8e3bc11891900541_0_k4,90,95,False,0.8573882516829275,0.8516012866569156,0.8978120850371554,0.8572412053232952,0.8577095981781108
mock,de,en-de(synthetic),4,2,minor_fluency,minor,fluency,"2,3",2,"2,3,0,1",8e3bc11891900541,de_8e3bc11891900541_0,de_8e3bc11891900541_0_k4,90,95,False,0.8603483115465774,0.8516012866569156,0.8978120850371554,0.8572412053232952,0.8270850501400635
mock,de,en-de(synthetic),4,3,minor_fluency,minor,fluency,"0,2,3",3,"2,3,0,1",8e3bc11891900541,de_8e3bc11891900541_0,de_8e3bc11891900541_0_k4,90,95,False,0.8437879777698596,0.8356645105084002,0.8978120850371554,0.8572412053232952,0.8270850501400635
mock,de,en-de(synthetic),4,4,minor_fluency,minor,fluency,"0,1,2,3",4,"2,3,0,1",8e3bc11891900541,de_8e3bc11891900541_0,de_8e3bc11891900541_0_k4,90,95,False,0.8328887678506013,0.8356645105084002,0.7793824762121053,0.8572412053232952,0.8270850501400635
mock,de,en-de(synthetic),4,1,major_accuracy,major,accuracy,2,1,"2,3,0,1",8e3bc11891900541,de_8e3bc11891900541_0,de_8e3bc11891900541_0_k4,90,95,False,0.6898949588942168,0.8516012866569156,0.8978120850371554,0.5123687232092224,0.8577095981781108
mock,de,en-de(synthetic),4,2,major_accuracy,major,accuracy,"2,3",2,"2,3,0,1",8e3bc11891900541,de_8e3bc11891900541_0,de_8e3bc11891900541_0_k4,90,95,False,0.5785722216468097,0.8516012866569156,0.8978120850371554,0.5123687232092224,0.49591842608749087
mock,de,en-de(synthetic),4,3,major_accuracy,major,accuracy,"0,2,3",3,"2,3,0,1",8e3bc11891900541,de_8e3bc11891900541_0,de_8e3bc11891900541_0_k4,90,95,False,0.5386215589523089,0.520496960091053,0.8978120850371554,0.5123687232092224,0.49591842608749087
mock,de,en-de(synthetic),4,4,major_accuracy,major,accuracy,"0,1,2,3",4,"2,3,0,1",8e3bc11891900541,de_8e3bc11891900541_0,de_8e3bc11891900541_0_k4,90,95,False,0.5346099584442224,0.520496960091053,0.5817090737453035,0.5123687232092224,0.49591842608749087
mock,de,en-de(synthetic),4,1,major_fluency,major,fluency,2,1,"2,3,0,1",8e3bc11891900541,de_8e3bc11891900541_0,de_8e3bc11891900541_0_k4,90,95,False,0.8077057081508552,0.8516012866569156,0.8978120850371554,0.709290568856843,0.8577095981781108
mock,de,en-de(synthetic),4,2,major_fluency,major,fluency,"2,3",2,"2,3,0,1",8e3bc11891900541,de_8e3bc11891900541_0,de_8e3bc11891900541_0_k4,90,95,False,0.7654512685773396,0.8516012866569156,0.8978120850371554,0.709290568856843,0.6832463147557617
mock,de,en-de(synthetic),4,3,major_fluency,major,fluency,"0,2,3",3,"2,3,0,1",8e3bc11891900541,de_8e3bc11891900541_0,de_8e3bc11891900541_0_k4,90,95,False,0.7183690427983086,0.6352817528812374,0.8978120850371554,0.709290568856843,0.6832463147557617
mock,de,en-de(synthetic),4,4,major_fluency,major,fluency,"0,1,2,3",4,"2,3,0,1",8e3bc11891900541,de_8e3bc11891900541_0,de_8e3bc11891900541_0_k4,90,95,False,0.6790968877221026,0.6352817528812374,0.6652149693475422,0.709290568856843,0.6832463147557617
mock,de,en-de(synthetic),1,0,none,,,,0,"0,2,3,1",b37ebbb312b6ee73,de_b37ebbb312b6ee73_0,de_b37ebbb312b6ee73_0_k1,24,25,False,0.8039521882241686,0.8039521882241686,,,
mock,de,en-de(synthetic),1,1,minor_accuracy,minor,accuracy,0,1,"0,2,3,1",b37ebbb312b6ee73,de_b37ebbb312b6ee73_0,de_b37ebbb312b6ee73_0_k1,24,25,False,0.734922469065366,0.734922469065366,,,
mock,de,en-de(synthetic),1,1,minor_fluency,minor,fluency,0,1,"0,2,3,1",b37ebbb312b6ee73,de_b37ebbb312b6ee73_0,de_b37ebbb312b6ee73_0_k1,24,25,False,0.8010935224160842,0.8010935224160842,,,
mock,de,en-de(synthetic),1,1,major_accuracy,major,accuracy,0,1,"0,2,3,1",b37ebbb312b6ee73,de_b37ebbb312b6ee73_0,de_b37ebbb312b6ee73_0_k1,24,25,False,0.5489560559733724,0.5489560559733724,,,
mock,de,en-de(synthetic),1,1,major_fluency,major,fluency,0,1,"0,2,3,1",b37ebbb312b6ee73,de_b37ebbb312b6ee73_0,de_b37ebbb312b6ee73_0_k1,24,25,False,0.7502382635693922,0.7502382635693922,,,
mock,de,en-de(synthetic),2,0,none,,,,0,"0,2,3,1",b37ebbb312b6ee73,de_b37ebbb312b6ee73_0,de_b37ebbb312b6ee73_0_k2,46,48,False,0.8115528872124809,0.8039521882241686,0.8116514191813962,,
mock,de,en-de(synthetic),2,1,minor_accuracy,minor,accuracy,0,1,"0,2,3,1",b37ebbb312b6ee73,de_b37ebbb312b6ee73_0,de_b37ebbb312b6ee73_0_k2,46,48,False,0.7771127535569051,0.734922469065366,0.8116514191813962,,
mock,de,en-de(synthetic),2,2,minor_accuracy,minor,accuracy,"0,1",4,"0,2,3,1",b37ebbb312b6ee73,de_b37ebbb312b6ee73_0,de_b37ebbb312b6ee73_0_k2,46,48,False,0.7398198627735739,0.734922469065366,0.7470536949808102,,
mock,de,en-de(synthetic),2,1,minor_fluency,minor,fluency,0,1,"0,2,3,1",b37ebbb312b6ee73,de_b37ebbb312b6ee73_0,de_b37ebbb312b6ee73_0_k2,46,48,False,0.8178127227203749,0.8010935224160842,0.8116514191813962,,
mock,de,en-de(synthetic),2,2,minor_fluency,minor,fluency,"0,1",4,"0,2,3,1",b37ebbb312b6ee73,de_b37ebbb312b6ee73_0,de_b37ebbb312b6ee73_0_k2,46,48,False,0.7911820395263618,0.8010935224160842,0.808661676219888,,
mock,de,en-de(synthetic),2,1,major_accuracy,major,accuracy,0,1,"0,2,3,1",b37ebbb312b6ee73,de_b37ebbb312b6ee73_0,de_b37ebbb312b6ee73_0_k2,46,48,False,0.6279782938661732,0.5489560559733724,0.8116514191813962,,
mock,de,en-de(synthetic),2,2,major_accuracy,major,accuracy,"0,1",4,"0,2,3,1",b37ebbb312b6ee73,de_b37ebbb312b6ee73_0,de_b37ebbb312b6ee73_0_k2,46,48,False,0.5416592781509999,0.5489560559733724,0.5541917941599577,,
mock,de,en-de(synthetic),2,1,major_fluency,major,fluency,0,1,"0,2,3,1",b37ebbb312b6ee73,de_b37ebbb312b6ee73_0,de_b37ebbb312b6ee73_0_k2,46,48,False,0.7827890195729388,0.7502382635693922,0.8116514191813962,,
mock,de,en-de(synthetic),2,2,major_fluency,major,fluency,"0,1",4,"0,2,3,1",b37ebbb312b6ee73,de_b37ebbb312b6ee73_0,de_b37ebbb312b6ee73_0_k2,46,48,False,0.7129542041364081,0.7502382635693922,0.6976279094089759,,
mock,de,en-de(synthetic),4,0,none,,,,0,"0,2,3,1",b37ebbb312b6ee73,de_b37ebbb312b6ee73_0,de_b37ebbb312b6ee73_0_k4,90,95,False,0.8096071324669415,0.8039521882241686,0.8116514191813962,0.8310901432861295,0.8718145878869542
mock,de,en-de(synthetic),4,1,minor_accuracy,minor,accuracy,0,1,"0,2,3,1",b37ebbb312b6ee73,de_b37ebbb312b6ee73_0,de_b37ebbb312b6ee73_0_k4,90,95,False,0.8172177263565297,0.734922469065366,0.8116514191813962,0.8310901432861295,0.8718145878869542
mock,de,en-de(synthetic),4,2,minor_accuracy,minor,accuracy,"0,2",2,"0,2,3,1",b37ebbb312b6ee73,de_b37ebbb312b6ee73_0,de_b37ebbb312b6ee73_0_k4,90,95,False,0.8033003254990633,0.734922469065366,0.8116514191813962,0.8165303146479783,0.8718145878869542
mock,de,en-de(synthetic),4,3,minor_accuracy,minor,accuracy,"0,2,3",3,"0,2,3,1",b37ebbb312b6ee73,de_b37ebbb312b6ee73_0,de_b37ebbb312b6ee73_0_k4,90,95,False,0.7628142453668078,0.734922469065366,0.8116514191813962,0.8165303146479783,0.76437183640219
mock,de,en-de(synthetic),4,4,minor_accuracy,minor,accuracy,"0,1,2,3",4,"0,2,3,1",b37ebbb312b6ee73,de_b37ebbb312b6ee73_0,de_b37ebbb312b6ee73_0_k4,90,95,False,0.7493472536364435,0.734922469065366,0.7470536949808102,0.8165303146479783,0.76437183640219
mock,de,en-de(synthetic),4,1,minor_fluency,minor,fluency,0,1,"0,2,3,1",b37ebbb312b6ee73,de_b37ebbb312b6ee73_0,de_b37ebbb312b6ee73_0_k4,90,95,False,0.8182848590558774,0.8010935224160842,0.8116514191813962,0.8310901432861295,0.8718145878869542
mock,de,en-de(synthetic),4,2,minor_fluency,minor,fluency,"0,2",2,"0,2,3,1",b37ebbb312b6ee73,de_b37ebbb312b6ee73_0,de_b37ebbb312b6ee73_0_k4,90,95,False,0.8064588109126494,0.8010935224160842,0.8116514191813962,0.7445584297466229,0.8718145878869542
mock,de,en-de(synthetic),4,3,minor_fluency,minor,fluency,"0,2,3",3,"0,2,3,1",b37ebbb312b6ee73,de_b37ebbb312b6ee73_0,de_b37ebbb312b6ee73_0_k4,90,95,False,0.7971848790888432,0.8010935224160842,0.8116514191813962,0.7445584297466229,0.8479474205833991
mock,de,en-de(synthetic),4,4,minor_fluency,minor,fluency,"0,1,2,3",4,"0,2,3,1",b37ebbb312b6ee73,de_b37ebbb312b6ee73_0,de_b37ebbb312b6ee73_0_k4,90,95,False,0.8067897065243117,0.8010935224160842,0.808661676219888,0.7445584297466229,0.8479474205833991
mock,de,en-de(synthetic),4,1,major_accuracy,major,accuracy,0,1,"0,2,3,1",b37ebbb312b6ee73,de_b37ebbb312b6ee73_0,de_b37ebbb312b6ee73_0_k4,90,95,False,0.6878663836539415,0.5489560559733724,0.8116514191813962,0.8310901432861295,0.8718145878869542
mock,de,en-de(synthetic),4,2,major_accuracy,major,accuracy,"0,2",2,"0,2,3,1",b37ebbb312b6ee73,de_b37ebbb312b6ee73_0,de_b37ebbb312b6ee73_0_k4,90,95,False,0.6383030672750413,0.5489560559733724,0.8116514191813962,0.582680645211247,0.8718145878869542
mock,de,en-de(synthetic),4,3,major_accuracy,major,accuracy,"0,2,3",3,"0,2,3,1",b37ebbb312b6ee73,de_b37ebbb312b6ee73_0,de_b37ebbb312b6ee73_0_k4,90,95,False,0.5793110765223872,0.5489560559733724,0.8116514191813962,0.582680645211247,0.5562570452388806
mock,de,en-de(synthetic),4,4,major_accuracy,major,accuracy,"0,1,2,3",4,"0,2,3,1",b37ebbb312b6ee73,de_b37ebbb312b6ee73_0,de_b37ebbb312b6ee73_0_k4,90,95,False,0.5601181872690462,0.5489560559733724,0.5541917941599577,0.582680645211247,0.5562570452388806
mock,de,en-de(synthetic),4,1,major_fluency,major,fluency,0,1,"0,2,3,1",b37ebbb312b6ee73,de_b37ebbb312b6ee73_0,de_b37ebbb312b6ee73_0_k4,90,95,False,0.8090242545057159,0.7502382635693922,0.8116514191813962,0.8310901432861295,0.8718145878869542
mock,de,en-de(synthetic),4,2,major_fluency,major,fluency,"0,2",2,"0,2,3,1",b37ebbb312b6ee73,de_b37ebbb312b6ee73_0,de_b37ebbb312b6ee73_0_k4,90,95,False,0.7765279991866927,0.7502382635693922,0.8116514191813962,0.6974642483953616,0.8718145878869542
mock,de,en-de(synthetic),4,3,major_fluency,major,fluency,"0,2,3",3,"0,2,3,1",b37ebbb312b6ee73,de_b37ebbb312b6ee73_0,de_b37ebbb312b6ee73_0_k4,90,95,False,0.729862280311781,0.7502382635693922,0.8116514191813962,0.6974642483953616,0.6727539819434014
mock,de,en-de(synthetic),4,4,major_fluency,major,fluency,"0,1,2,3",4,"0,2,3,1",b37ebbb312b6ee73,de_b37ebbb312b6ee73_0,de_b37ebbb312b6ee73_0_k4,90,95,False,0.7052174959111087,0.7502382635693922,0.6976279094089759,0.6974642483953616,0.6727539819434014
mock,de,en-de(synthetic),1,0,none,,,,0,"1,2,0,3",a1188c572802588e,de_a1188c572802588e_4,de_a1188c572802588e_4_k1,24,25,False,0.8438813754891402,0.8438813754891402,,,
mock,de,en-de(synthetic),1,1,minor_accuracy,minor,accuracy,0,3,"1,2,0,3",a1188c572802588e,de_a1188c572802588e_4,de_a1188c572802588e_4_k1,24,25,False,0.7398269528925132,0.7398269528925132,,,
mock,de,en-de(synthetic),1,1,minor_fluency,minor,fluency,0,3,"1,2,0,3",a1188c572802588e,de_a1188c572802588e_4,de_a1188c572802588e_4_k1,24,25,False,0.7948949943258401,0.7948949943258401,,,
mock,de,en-de(synthetic),1,1,major_accuracy,major,accuracy,0,3,"1,2,0,3",a1188c572802588e,de_a1188c572802588e_4,de_a1188c572802588e_4_k1,24,25,False,0.5094631230176598,0.5094631230176598,,,
mock,de,en-de(synthetic),1,1,major_fluency,major,fluency,0,3,"1,2,0,3",a1188c572802588e,de_a1188c572802588e_4,de_a1188c572802588e_4_k1,24,25,False,0.7374729747780925,0.7374729747780925,,,
mock,de,en-de(synthetic),2,0,none,,,,0,"1,2,0,3",a1188c572802588e,de_a1188c572802588e_4,de_a1188c572802588e_4_k2,46,48,False,0.8167030586443308,0.8438813754891402,0.8123042873462251,,
mock,de,en-de(synthetic),2,1,minor_accuracy,minor,accuracy,1,1,"1,2,0,3",a1188c572802588e,de_a1188c572802588e_4,de_a1188c572802588e_4_k2,46,48,False,0.8274667039544319,0.8438813754891402,0.8153441038924442,,
mock,de,en-de(synthetic),2,2,minor_accuracy,minor,accuracy,"0,1",3,"1,2,0,3",a1188c572802588e,de_a1188c572802588e_4,de_a1188c572802588e_4_k2,46,48,False,0.7724260390082673,0.7398269528925132,0.8153441038924442,,
mock,de,en-de(synthetic),2,1,minor_fluency,minor,fluency,1,1,"1,2,0,3",a1188c572802588e,de_a1188c572802588e_4,de_a1188c572802588e_4_k2,46,48,False,0.8112831812674729,0.8438813754891402,0.8173798194699826,,
mock,de,en-de(synthetic),2,2,minor_fluency,minor,fluency,"0,1",3,"1,2,0,3",a1188c572802588e,de_a1188c572802588e_4,de_a1188c572802588e_4_k2,46,48,False,0.806265302394092,0.7948949943258401,0.8173798194699826,,
mock,de,en-de(synthetic),2,1,major_accuracy,major,accuracy,1,1,"1,2,0,3",a1188c572802588e,de_a1188c572802588e_4,de_a1188c572802588e_4_k2,46,48,False,0.6358870595406065,0.8438813754891402,0.5544422678210261,,
mock,de,en-de(synthetic),2,2,major_accuracy,major,accuracy,"0,1",3,"1,2,0,3",a1188c572802588e,de_a1188c572802588e_4,de_a1188c572802588e_4_k2,46,48,False,0.5151796788347797,0.5094631230176598,0.5544422678210261,,
mock,de,en-de(synthetic),2,1,major_fluency,major,fluency,1,1,"1,2,0,3",a1188c572802588e,de_a1188c572802588e_4,de_a1188c572802588e_4_k2,46,48,False,0.6772852603675963,0.8438813754891402,0.6164586619810614,,
mock,de,en-de(synthetic),2,2,major_fluency,major,fluency,"0,1",3,"1,2,0,3",a1188c572802588e,de_a1188c572802588e_4,de_a1188c572802588e_4_k2,46,48,False,0.6882737364298449,0.7374729747780925,0.6164586619810614,,
mock,de,en-de(synthetic),4,0,none,,,,0,"1,2,0,3",a1188c572802588e,de_a1188c572802588e_4,de_a1188c572802588e_4_k4,90,95,False,0.8459942714790337,0.8438813754891402,0.8123042873462251,0.8319910679741116,0.8189010699815068
mock,de,en-de(synthetic),4,1,minor_accuracy,minor,accuracy,1,1,"1,2,0,3",a1188c572802588e,de_a1188c572802588e_4,de_a1188c572802588e_4_k4,90,95,False,0.8198556354120334,0.8438813754891402,0.8153441038924442,0.8319910679741116,0.8189010699815068
mock,de,en-de(synthetic),4,2,minor_accuracy,minor,accuracy,"1,2",2,"1,2,0,3",a1188c572802588e,de_a1188c572802588e_4,de_a1188c572802588e_4_k4,90,95,False,0.8259800684941763,0.8438813754891402,0.8153441038924442,0.7888261959180645,0.8189010699815068
mock,de,en-de(synthetic),4,3,minor_accuracy,minor,accuracy,"0,1,2",3,"1,2,0,3",a1188c572802588e,de_a1188c572802588e_4,de_a1188c572802588e_4_k4,90,95,False,0.7808401906855478,0.7398269528925132,0.8153441038924442,0.7888261959180645,0.8189010699815068
mock,de,en-de(synthetic),4,4,minor_accuracy,minor,accuracy,"0,1,2,3",4,"1,2,0,3",a1188c572802588e,de_a1188c572802588e_4,de_a1188c572802588e_4_k4,90,95,False,0.7830579270234923,0.7398269528925132,0.8153441038924442,0.7888261959180645,0.7749678288401488
mock,de,en-de(synthetic),4,1,minor_fluency,minor,fluency,1,1,"1,2,0,3",a1188c572802588e,de_a1188c572802588e_4,de_a1188c572802588e_4_k4,90,95,False,0.839702275437375,0.8438813754891402,0.8173798194699826,0.8319910679741116,0.8189010699815068
mock,de,en-de(synthetic),4,2,minor_fluency,minor,fluency,"1,2",2,"1,2,0,3",a1188c572802588e,de_a1188c572802588e_4,de_a1188c572802588e_4_k4,90,95,False,0.8235618867709336,0.8438813754891402,0.8173798194699826,0.7838841402554738,0.8189010699815068
mock,de,en-de(synthetic),4,3,minor_fluency,minor,fluency,"0,1,2",3,"1,2,0,3",a1188c572802588e,de_a1188c572802588e_4,de_a1188c572802588e_4_k4,90,95,False,0.7951673207705284,0.7948949943258401,0.8173798194699826,0.7838841402554738,0.8189010699815068
mock,de,en-de(synthetic),4,4,minor_fluency,minor,fluency,"0,1,2,3",4,"1,2,0,3",a1188c572802588e,de_a1188c572802588e_4,de_a1188c572802588e_4_k4,90,95,False,0.7950393667848639,0.7948949943258401,0.8173798194699826,0.7838841402554738,0.8241884010062789
mock,de,en-de(synthetic),4,1,major_accuracy,major,accuracy,1,1,"1,2,0,3",a1188c572802588e,de_a1188c572802588e_4,de_a1188c572802588e_4_k4,90,95,False,0.7109413860078181,0.8438813754891402,0.5544422678210261,0.8319910679741116,0.8189010699815068
mock,de,en-de(synthetic),4,2,major_accuracy,major,accuracy,"1,2",2,"1,2,0,3",a1188c572802588e,de_a1188c572802588e_4,de_a1188c572802588e_4_k4,90,95,False,0.6290272179798959,0.8438813754891402,0.5544422678210261,0.57853644355725,0.8189010699815068
mock,de,en-de(synthetic),4,3,major_accuracy,major,accuracy,"0,1,2",3,"1,2,0,3",a1188c572802588e,de_a1188c572802588e_4,de_a1188c572802588e_4_k4,90,95,False,0.5774351835991479,0.5094631230176598,0.5544422678210261,0.57853644355725,0.8189010699815068
mock,de,en-de(synthetic),4,4,major_accuracy,major,accuracy,"0,1,2,3",4,"1,2,0,3",a1188c572802588e,de_a1188c572802588e_4,de_a1188c572802588e_4_k4,90,95,False,0.5616119914324348,0.5094631230176598,0.5544422678210261,0.57853644355725,0.5764491866348118
mock,de,en-de(synthetic),4,1,major_fluency,major,fluency,1,1,"1,2,0,3",a1188c572802588e,de_a1188c572802588e_4,de_a1188c572802588e_4_k4,90,95,False,0.731855379451276,0.8438813754891402,0.6164586619810614,0.8319910679741116,0.8189010699815068
mock,de,en-de(synthetic),4,2,major_fluency,major,fluency,"1,2",2,"1,2,0,3",a1188c572802588e,de_a1188c572802588e_4,de_a1188c572802588e_4_k4,90,95,False,0.7282048932916179,0.8438813754891402,0.6164586619810614,0.6767712218679165,0.8189010699815068
mock,de,en-de(synthetic),4,3,major_fluency,major,fluency,"0,1,2",3,"1,2,0,3",a1188c572802588e,de_a1188c572802588e_4,de_a1188c572802588e_4_k4,90,95,False,0.6795091655994124,0.7374729747780925,0.6164586619810614,0.6767712218679165,0.8189010699815068
mock,de,en-de(synthetic),4,4,major_fluency,major,fluency,"0,1,2,3",4,"1,2,0,3",a1188c572802588e,de_a1188c572802588e_4,de_a1188c572802588e_4_k4,90,95,False,0.6690516404348871,0.7374729747780925,0.6164586619810614,0.6767712218679165,0.647591932374281
