metric,lang,lp,k,m,condition,severity,family,positions,doc_id,block_id,n_tokens_src,n_tokens_tgt,truncated,S,s_1,s_2,s_3,s_4
mock,de,en-de(synthetic),2,0,none,,,,17a4930edfaf3db7,de_k2_17a4930edfaf3db7_2,46,48,False,0.865923638979326,0.8348001700526707,0.8487466672851244,,
mock,de,en-de(synthetic),2,1,minor_accuracy,minor,accuracy,0,17a4930edfaf3db7,de_k2_17a4930edfaf3db7_2,46,48,False,0.8171753854592214,0.7806928300086384,0.8487466672851244,,
mock,de,en-de(synthetic),2,2,minor_accuracy,minor,accuracy,"0,1",17a4930edfaf3db7,de_k2_17a4930edfaf3db7_2,46,48,False,0.800761690609403,0.7806928300086384,0.7984753769044904,,
mock,de,en-de(synthetic),2,1,minor_fluency,minor,fluency,0,17a4930edfaf3db7,de_k2_17a4930edfaf3db7_2,46,48,False,0.8150426135120259,0.7856568418389854,0.8487466672851244,,
mock,de,en-de(synthetic),2,2,minor_fluency,minor,fluency,"0,1",17a4930edfaf3db7,de_k2_17a4930edfaf3db7_2,46,48,False,0.8041790991972336,0.7856568418389854,0.8114638102508257,,
mock,de,en-de(synthetic),2,1,major_accuracy,major,accuracy,0,17a4930edfaf3db7,de_k2_17a4930edfaf3db7_2,46,48,False,0.6043218833859844,0.5302851540031506,0.8487466672851244,,
mock,de,en-de(synthetic),2,2,major_accuracy,major,accuracy,"0,1",17a4930edfaf3db7,de_k2_17a4930edfaf3db7_2,46,48,False,0.5323491849621381,0.5302851540031506,0.5097780910063447,,
mock,de,en-de(synthetic),2,1,major_fluency,major,fluency,0,17a4930edfaf3db7,de_k2_17a4930edfaf3db7_2,46,48,False,0.7311172446166057,0.6905032778692068,0.8487466672851244,,
mock,de,en-de(synthetic),2,2,major_fluency,major,fluency,"0,1",17a4930edfaf3db7,de_k2_17a4930edfaf3db7_2,46,48,False,0.6696208584941915,0.6905032778692068,0.6660900361838551,,
mock,de,en-de(synthetic),2,0,none,,,,780bfb7d74ebf212,de_k2_780bfb7d74ebf212_4,46,48,False,0.8163708093122315,0.8652659161245625,0.8093921195527813,,
mock,de,en-de(synthetic),2,1,minor_accuracy,minor,accuracy,1,780bfb7d74ebf212,de_k2_780bfb7d74ebf212_4,46,48,False,0.8270379704541457,0.8652659161245625,0.7863531414625807,,
mock,de,en-de(synthetic),2,2,minor_accuracy,minor,accuracy,"0,1",780bfb7d74ebf212,de_k2_780bfb7d74ebf212_4,46,48,False,0.8065458010888155,0.8259125100398632,0.7863531414625807,,
mock,de,en-de(synthetic),2,1,minor_fluency,minor,fluency,1,780bfb7d74ebf212,de_k2_780bfb7d74ebf212_4,46,48,False,0.8160637804459938,0.8652659161245625,0.7795566251484218,,
mock,de,en-de(synthetic),2,2,minor_fluency,minor,fluency,"0,1",780bfb7d74ebf212,de_k2_780bfb7d74ebf212_4,46,48,False,0.7980529108149094,0.7973111027368772,0.7795566251484218,,
mock,de,en-de(synthetic),2,1,major_accuracy,major,accuracy,1,780bfb7d74ebf212,de_k2_780bfb7d74ebf212_4,46,48,False,0.6195424080244198,0.8652659161245625,0.5409862123355385,,
mock,de,en-de(synthetic),2,2,major_accuracy,major,accuracy,"0,1",780bfb7d74ebf212,de_k2_780bfb7d74ebf212_4,46,48,False,0.5612253997885883,0.5877456258447329,0.5409862123355385,,
mock,de,en-de(synthetic),2,1,major_fluency,major,fluency,1,780bfb7d74ebf212,de_k2_780bfb7d74ebf212_4,46,48,False,0.812223852043784,0.8652659161245625,0.7602410733997931,,
mock,de,en-de(synthetic),2,2,major_fluency,major,fluency,"0,1",780bfb7d74ebf212,de_k2_780bfb7d74ebf212_4,46,48,False,0.7120539896057574,0.696439215077177,0.7602410733997931,,
mock,de,en-de(synthetic),2,0,none,,,,a1188c572802588e,de_k2_a1188c572802588e_2,46,48,False,0.856722407945564,0.8888940451571692,0.8258147148759752,,
mock,de,en-de(synthetic),2,1,minor_accuracy,minor,accuracy,0,a1188c572802588e,de_k2_a1188c572802588e_2,46,48,False,0.8033063890752332,0.7693470009460314,0.8258147148759752,,
mock,de,en-de(synthetic),2,2,minor_accuracy,minor,accuracy,"0,1",a1188c572802588e,de_k2_a1188c572802588e_2,46,48,False,0.7584381143381522,0.7693470009460314,0.7415189013598882,,
mock,de,en-de(synthetic),2,1,minor_fluency,minor,fluency,0,a1188c572802588e,de_k2_a1188c572802588e_2,46,48,False,0.8132843023801847,0.8003597249943973,0.8258147148759752,,
mock,de,en-de(synthetic),2,2,minor_fluency,minor,fluency,"0,1",a1188c572802588e,de_k2_a1188c572802588e_2,46,48,False,0.8313120309931962,0.8003597249943973,0.866615256037025,,
mock,de,en-de(synthetic),2,1,major_accuracy,major,accuracy,0,a1188c572802588e,de_k2_a1188c572802588e_2,46,48,False,0.6328566879049393,0.5324262504658892,0.8258147148759752,,
mock,de,en-de(synthetic),2,2,major_accuracy,major,accuracy,"0,1",a1188c572802588e,de_k2_a1188c572802588e_2,46,48,False,0.5120225433972161,0.5324262504658892,0.527846513313732,,
mock,de,en-de(synthetic),2,1,major_fluency,major,fluency,0,a1188c572802588e,de_k2_a1188c572802588e_2,46,48,False,0.7678412017983317,0.7168624628127768,0.8258147148759752,,
mock,de,en-de(synthetic),2,2,major_fluency,major,fluency,"0,1",a1188c572802588e,de_k2_a1188c572802588e_2,46,48,False,0.7046005140035707,0.7168624628127768,0.6931557053862629,,
mock,de,en-de(synthetic),2,0,none,,,,c7acb789999acb43,de_k2_c7acb789999acb43_6,46,48,False,0.8660390473280507,0.8400949840538119,0.8665300156641765,,
mock,de,en-de(synthetic),2,1,minor_accuracy,minor,accuracy,1,c7acb789999acb43,de_k2_c7acb789999acb43_6,46,48,False,0.8220198216447465,0.8400949840538119,0.8079812783534689,,
mock,de,en-de(synthetic),2,2,minor_accuracy,minor,accuracy,"0,1",c7acb789999acb43,de_k2_c7acb789999acb43_6,46,48,False,0.782339147382593,0.7551165632151012,0.8079812783534689,,
mock,de,en-de(synthetic),2,1,minor_fluency,minor,fluency,1,c7acb789999acb43,de_k2_c7acb789999acb43_6,46,48,False,0.7835804452600661,0.8400949840538119,0.7471052047560472,,
mock,de,en-de(synthetic),2,2,minor_fluency,minor,fluency,"0,1",c7acb789999acb43,de_k2_c7acb789999acb43_6,46,48,False,0.7770997562655444,0.8060339683466855,0.7471052047560472,,
mock,de,en-de(synthetic),2,1,major_accuracy,major,accuracy,1,c7acb789999acb43,de_k2_c7acb789999acb43_6,46,48,False,0.6607646277178184,0.8400949840538119,0.5797178934958984,,
mock,de,en-de(synthetic),2,2,major_accuracy,major,accuracy,"0,1",c7acb789999acb43,de_k2_c7acb789999acb43_6,46,48,False,0.5568485038675097,0.5424134892687591,0.5797178934958984,,
mock,de,en-de(synthetic),2,1,major_fluency,major,fluency,1,c7acb789999acb43,de_k2_c7acb789999acb43_6,46,48,False,0.7470434447305881,0.8400949840538119,0.7007120110243127,,
mock,de,en-de(synthetic),2,2,major_fluency,major,fluency,"0,1",c7acb789999acb43,de_k2_c7acb789999acb43_6,46,48,False,0.7029908571244379,0.702035123557909,0.7007120110243127,,
mock,de,en-de(synthetic),2,0,none,,,,b37ebbb312b6ee73,de_k2_b37ebbb312b6ee73_2,46,48,False,0.8645496435725951,0.8310901432861295,0.8718145878869542,,
mock,de,en-de(synthetic),2,1,minor_accuracy,minor,accuracy,0,b37ebbb312b6ee73,de_k2_b37ebbb312b6ee73_2,46,48,False,0.779712320967305,0.7448401249285966,0.8718145878869542,,
mock,de,en-de(synthetic),2,2,minor_accuracy,minor,accuracy,"0,1",b37ebbb312b6ee73,de_k2_b37ebbb312b6ee73_2,46,48,False,0.7644372568232046,0.7448401249285966,0.776045566135067,,
mock,de,en-de(synthetic),2,1,minor_fluency,minor,fluency,0,b37ebbb312b6ee73,de_k2_b37ebbb312b6ee73_2,46,48,False,0.7959535224556342,0.7357246797231471,0.8718145878869542,,
mock,de,en-de(synthetic),2,2,minor_fluency,minor,fluency,"0,1",b37ebbb312b6ee73,de_k2_b37ebbb312b6ee73_2,46,48,False,0.7685552804230043,0.7357246797231471,0.7992264975668268,,
mock,de,en-de(synthetic),2,1,major_accuracy,major,accuracy,0,b37ebbb312b6ee73,de_k2_b37ebbb312b6ee73_2,46,48,False,0.5971253381372417,0.5415130637153385,0.8718145878869542,,
mock,de,en-de(synthetic),2,2,major_accuracy,major,accuracy,"0,1",b37ebbb312b6ee73,de_k2_b37ebbb312b6ee73_2,46,48,False,0.5541938272480935,0.5415130637153385,0.5932387231957879,,
mock,de,en-de(synthetic),2,1,major_fluency,major,fluency,0,b37ebbb312b6ee73,de_k2_b37ebbb312b6ee73_2,46,48,False,0.7920044652405515,0.7251189595341458,0.8718145878869542,,
mock,de,en-de(synthetic),2,2,major_fluency,major,fluency,"0,1",b37ebbb312b6ee73,de_k2_b37ebbb312b6ee73_2,46,48,False,0.7001473160509786,0.7251189595341458,0.6669849582062453,,
mock,de,en-de(synthetic),2,0,none,,,,bbbfc9543ca8dca0,de_k2_bbbfc9543ca8dca0_2,46,48,False,0.8003593166598864,0.7715980582755245,0.8105415181498479,,
mock,de,en-de(synthetic),2,1,minor_accuracy,minor,accuracy,1,bbbfc9543ca8dca0,de_k2_bbbfc9543ca8dca0_2,46,48,False,0.7733797870047621,0.7715980582755245,0.7776649277416319,,
mock,de,en-de(synthetic),2,2,minor_accuracy,minor,accuracy,"0,1",bbbfc9543ca8dca0,de_k2_bbbfc9543ca8dca0_2,46,48,False,0.8130924782772103,0.8005166617014489,0.7776649277416319,,
mock,de,en-de(synthetic),2,1,minor_fluency,minor,fluency,1,bbbfc9543ca8dca0,de_k2_bbbfc9543ca8dca0_2,46,48,False,0.7815419998821942,0.7715980582755245,0.8003774567502238,,
mock,de,en-de(synthetic),2,2,minor_fluency,minor,fluency,"0,1",bbbfc9543ca8dca0,de_k2_bbbfc9543ca8dca0_2,46,48,False,0.8136551116288284,0.8553590781902511,0.8003774567502238,,
mock,de,en-de(synthetic),2,1,major_accuracy,major,accuracy,1,bbbfc9543ca8dca0,de_k2_bbbfc9543ca8dca0_2,46,48,False,0.6715676436193028,0.7715980582755245,0.6032173461456793,,
mock,de,en-de(synthetic),2,2,major_accuracy,major,accuracy,"0,1",bbbfc9543ca8dca0,de_k2_bbbfc9543ca8dca0_2,46,48,False,0.5943215285725372,0.5769595548418858,0.6032173461456793,,
mock,de,en-de(synthetic),2,1,major_fluency,major,fluency,1,bbbfc9543ca8dca0,de_k2_bbbfc9543ca8dca0_2,46,48,False,0.7269333131847238,0.7715980582755245,0.6915658918883745,,
mock,de,en-de(synthetic),2,2,major_fluency,major,fluency,"0,1",bbbfc9543ca8dca0,de_k2_bbbfc9543ca8dca0_2,46,48,False,0.7072877203671698,0.7316626334621367,0.6915658918883745,,
mock,de,en-de(synthetic),2,0,none,,,,612dd271cfc76ac7,de_k2_612dd271cfc76ac7_6,46,48,False,0.8432792497926106,0.8369684410472816,0.873587249108947,,
mock,de,en-de(synthetic),2,1,minor_accuracy,minor,accuracy,0,612dd271cfc76ac7,de_k2_612dd271cfc76ac7_6,46,48,False,0.8105481203523516,0.7682637941074373,0.873587249108947,,
mock,de,en-de(synthetic),2,2,minor_accuracy,minor,accuracy,"0,1",612dd271cfc76ac7,de_k2_612dd271cfc76ac7_6,46,48,False,0.7647043915887434,0.7682637941074373,0.7627397502076649,,
mock,de,en-de(synthetic),2,1,minor_fluency,minor,fluency,0,612dd271cfc76ac7,de_k2_612dd271cfc76ac7_6,46,48,False,0.8715910299471794,0.8616834284461454,0.873587249108947,,
mock,de,en-de(synthetic),2,2,minor_fluency,minor,fluency,"0,1",612dd271cfc76ac7,de_k2_612dd271cfc76ac7_6,46,48,False,0.8297349858444634,0.8616834284461454,0.8083225567099023,,
mock,de,en-de(synthetic),2,1,major_accuracy,major,accuracy,0,612dd271cfc76ac7,de_k2_612dd271cfc76ac7_6,46,48,False,0.627596384360978,0.5428286670483367,0.873587249108947,,
mock,de,en-de(synthetic),2,2,major_accuracy,major,accuracy,"0,1",612dd271cfc76ac7,de_k2_612dd271cfc76ac7_6,46,48,False,0.5315552400798075,0.5428286670483367,0.5036629983366729,,
mock,de,en-de(synthetic),2,1,major_fluency,major,fluency,0,612dd271cfc76ac7,de_k2_612dd271cfc76ac7_6,46,48,False,0.7523711526094049,0.6927583958619214,0.873587249108947,,
mock,de,en-de(synthetic),2,2,major_fluency,major,fluency,"0,1",612dd271cfc76ac7,de_k2_612dd271cfc76ac7_6,46,48,False,0.6907768290795776,0.6927583958619214,0.6907321566699924,,
mock,de,en-de(synthetic),2,0,none,,,,54388b3c6278da69,de_k2_54388b3c6278da69_4,46,48,False,0.8489863660928765,0.8206122725685172,0.8787765922303978,,
mock,de,en-de(synthetic),2,1,minor_accuracy,minor,accuracy,1,54388b3c6278da69,de_k2_54388b3c6278da69_4,46,48,False,0.810977101987563,0.8206122725685172,0.7760490488146247,,
mock,de,en-de(synthetic),2,2,minor_accuracy,minor,accuracy,"0,1",54388b3c6278da69,de_k2_54388b3c6278da69_4,46,48,False,0.7603657233214223,0.751726810091987,0.7760490488146247,,
mock,de,en-de(synthetic),2,1,minor_fluency,minor,fluency,1,54388b3c6278da69,de_k2_54388b3c6278da69_4,46,48,False,0.8014139310586779,0.8206122725685172,0.8084038761974784,,
mock,de,en-de(synthetic),2,2,minor_fluency,minor,fluency,"0,1",54388b3c6278da69,de_k2_54388b3c6278da69_4,46,48,False,0.775262481450288,0.7518178884377115,0.8084038761974784,,
mock,de,en-de(synthetic),2,1,major_accuracy,major,accuracy,1,54388b3c6278da69,de_k2_54388b3c6278da69_4,46,48,False,0.6570506713399398,0.8206122725685172,0.5891501740906009,,
mock,de,en-de(synthetic),2,2,major_accuracy,major,accuracy,"0,1",54388b3c6278da69,de_k2_54388b3c6278da69_4,46,48,False,0.5765592879276162,0.5586693071477133,0.5891501740906009,,
mock,de,en-de(synthetic),2,1,major_fluency,major,fluency,1,54388b3c6278da69,de_k2_54388b3c6278da69_4,46,48,False,0.7572039262506528,0.8206122725685172,0.7098343309820188,,
mock,de,en-de(synthetic),2,2,major_fluency,major,fluency,"0,1",54388b3c6278da69,de_k2_54388b3c6278da69_4,46,48,False,0.6984518916879398,0.6892783808280437,0.7098343309820188,,
mock,de,en-de(synthetic),2,0,none,,,,d35f103f5c88d4f4,de_k2_d35f103f5c88d4f4_8,46,48,False,0.868489219095379,0.8463128624684259,0.8692655442917082,,
mock,de,en-de(synthetic),2,1,minor_accuracy,minor,accuracy,0,d35f103f5c88d4f4,de_k2_d35f103f5c88d4f4_8,46,48,False,0.7974532543135484,0.7531692854743535,0.8692655442917082,,
mock,de,en-de(synthetic),2,2,minor_accuracy,minor,accuracy,"0,1",d35f103f5c88d4f4,de_k2_d35f103f5c88d4f4_8,46,48,False,0.7810960909015676,0.7531692854743535,0.8048714703253701,,
mock,de,en-de(synthetic),2,1,minor_fluency,minor,fluency,0,d35f103f5c88d4f4,de_k2_d35f103f5c88d4f4_8,46,48,False,0.8669187224844052,0.8371825610667571,0.8692655442917082,,
mock,de,en-de(synthetic),2,2,minor_fluency,minor,fluency,"0,1",d35f103f5c88d4f4,de_k2_d35f103f5c88d4f4_8,46,48,False,0.7831278940076135,0.8371825610667571,0.7690271123228151,,
mock,de,en-de(synthetic),2,1,major_accuracy,major,accuracy,0,d35f103f5c88d4f4,de_k2_d35f103f5c88d4f4_8,46,48,False,0.618361368262074,0.5300943771315176,0.8692655442917082,,
mock,de,en-de(synthetic),2,2,major_accuracy,major,accuracy,"0,1",d35f103f5c88d4f4,de_k2_d35f103f5c88d4f4_8,46,48,False,0.5280344061576265,0.5300943771315176,0.5298968006183753,,
mock,de,en-de(synthetic),2,1,major_fluency,major,fluency,0,d35f103f5c88d4f4,de_k2_d35f103f5c88d4f4_8,46,48,False,0.7517800273260338,0.6792870033711426,0.8692655442917082,,
mock,de,en-de(synthetic),2,2,major_fluency,major,fluency,"0,1",d35f103f5c88d4f4,de_k2_d35f103f5c88d4f4_8,46,48,False,0.7197763954013138,0.6792870033711426,0.7369521747882172,,
mock,de,en-de(synthetic),2,0,none,,,,85fb7ea9ebc20662,de_k2_85fb7ea9ebc20662_8,46,48,False,0.825341611096446,0.8080450896566754,0.8624598064630551,,
mock,de,en-de(synthetic),2,1,minor_accuracy,minor,accuracy,1,85fb7ea9ebc20662,de_k2_85fb7ea9ebc20662_8,46,48,False,0.7832776263395628,0.8080450896566754,0.7547199847559357,,
mock,de,en-de(synthetic),2,2,minor_accuracy,minor,accuracy,"0,1",85fb7ea9ebc20662,de_k2_85fb7ea9ebc20662_8,46,48,False,0.7577179158955608,0.7443933523350487,0.7547199847559357,,
mock,de,en-de(synthetic),2,1,minor_fluency,minor,fluency,1,85fb7ea9ebc20662,de_k2_85fb7ea9ebc20662_8,46,48,False,0.7900620975799187,0.8080450896566754,0.7795522424971867,,
mock,de,en-de(synthetic),2,2,minor_fluency,minor,fluency,"0,1",85fb7ea9ebc20662,de_k2_85fb7ea9ebc20662_8,46,48,False,0.7883042779605055,0.8121807853053062,0.7795522424971867,,
mock,de,en-de(synthetic),2,1,major_accuracy,major,accuracy,1,85fb7ea9ebc20662,de_k2_85fb7ea9ebc20662_8,46,48,False,0.6788049543780867,0.8080450896566754,0.6021838714741437,,
mock,de,en-de(synthetic),2,2,major_accuracy,major,accuracy,"0,1",85fb7ea9ebc20662,de_k2_85fb7ea9ebc20662_8,46,48,False,0.5624226017648051,0.569876982752628,0.6021838714741437,,
mock,de,en-de(synthetic),2,1,major_fluency,major,fluency,1,85fb7ea9ebc20662,de_k2_85fb7ea9ebc20662_8,46,48,False,0.7377675889407369,0.8080450896566754,0.7219349975809318,,
mock,de,en-de(synthetic),2,2,major_fluency,major,fluency,"0,1",85fb7ea9ebc20662,de_k2_85fb7ea9ebc20662_8,46,48,False,0.6953662710048305,0.7050338840749372,0.7219349975809318,,
mock,de,en-de(synthetic),2,0,none,,,,9b60fb443424dcdb,de_k2_9b60fb443424dcdb_2,46,48,False,0.8411993350556177,0.8298564721647479,0.8424512639330921,,
mock,de,en-de(synthetic),2,1,minor_accuracy,minor,accuracy,0,9b60fb443424dcdb,de_k2_9b60fb443424dcdb_2,46,48,False,0.7585185269011911,0.7128728509094202,0.8424512639330921,,
mock,de,en-de(synthetic),2,2,minor_accuracy,minor,accuracy,"0,1",9b60fb443424dcdb,de_k2_9b60fb443424dcdb_2,46,48,False,0.7466973416726579,0.7128728509094202,0.7899920053414042,,
mock,de,en-de(synthetic),2,1,minor_fluency,minor,fluency,0,9b60fb443424dcdb,de_k2_9b60fb443424dcdb_2,46,48,False,0.7783552344652104,0.7315288704184207,0.8424512639330921,,
mock,de,en-de(synthetic),2,2,minor_fluency,minor,fluency,"0,1",9b60fb443424dcdb,de_k2_9b60fb443424dcdb_2,46,48,False,0.7784835892544577,0.7315288704184207,0.8445004251693666,,
mock,de,en-de(synthetic),2,1,major_accuracy,major,accuracy,0,9b60fb443424dcdb,de_k2_9b60fb443424dcdb_2,46,48,False,0.6236271013350272,0.5383800878816398,0.8424512639330921,,
mock,de,en-de(synthetic),2,2,major_accuracy,major,accuracy,"0,1",9b60fb443424dcdb,de_k2_9b60fb443424dcdb_2,46,48,False,0.5337657736303869,0.5383800878816398,0.522284714965987,,
mock,de,en-de(synthetic),2,1,major_fluency,major,fluency,0,9b60fb443424dcdb,de_k2_9b60fb443424dcdb_2,46,48,False,0.7548269567325876,0.6925997825526292,0.8424512639330921,,
mock,de,en-de(synthetic),2,2,major_fluency,major,fluency,"0,1",9b60fb443424dcdb,de_k2_9b60fb443424dcdb_2,46,48,False,0.6884540885151754,0.6925997825526292,0.7035447075515687,,
mock,de,en-de(synthetic),2,0,none,,,,bc2863111c8e46bc,de_k2_bc2863111c8e46bc_0,46,48,False,0.853277199973572,0.900803299836368,0.8292506292094132,,
mock,de,en-de(synthetic),2,1,minor_accuracy,minor,accuracy,1,bc2863111c8e46bc,de_k2_bc2863111c8e46bc_0,46,48,False,0.814029287417477,0.900803299836368,0.7672016854387864,,
mock,de,en-de(synthetic),2,2,minor_accuracy,minor,accuracy,"0,1",bc2863111c8e46bc,de_k2_bc2863111c8e46bc_0,46,48,False,0.7762610750952781,0.7567734223260655,0.7672016854387864,,
mock,de,en-de(synthetic),2,1,minor_fluency,minor,fluency,1,bc2863111c8e46bc,de_k2_bc2863111c8e46bc_0,46,48,False,0.864642016996895,0.900803299836368,0.8273292208067505,,
mock,de,en-de(synthetic),2,2,minor_fluency,minor,fluency,"0,1",bc2863111c8e46bc,de_k2_bc2863111c8e46bc_0,46,48,False,0.8227622266157729,0.8305543620640402,0.8273292208067505,,
mock,de,en-de(synthetic),2,1,major_accuracy,major,accuracy,1,bc2863111c8e46bc,de_k2_bc2863111c8e46bc_0,46,48,False,0.5807563092220382,0.900803299836368,0.4983267788349633,,
mock,de,en-de(synthetic),2,2,major_accuracy,major,accuracy,"0,1",bc2863111c8e46bc,de_k2_bc2863111c8e46bc_0,46,48,False,0.5062025763462837,0.5580754327119577,0.4983267788349633,,
mock,de,en-de(synthetic),2,1,major_fluency,major,fluency,1,bc2863111c8e46bc,de_k2_bc2863111c8e46bc_0,46,48,False,0.716493457231951,0.900803299836368,0.6424088494837149,,
mock,de,en-de(synthetic),2,2,major_fluency,major,fluency,"0,1",bc2863111c8e46bc,de_k2_bc2863111c8e46bc_0,46,48,False,0.6489846621507879,0.6794946759195851,0.6424088494837149,,
mock,de,en-de(synthetic),2,0,none,,,,e39ed2195c14bec4,de_k2_e39ed2195c14bec4_6,46,48,False,0.8397816380227072,0.8389728882961474,0.8324973017809714,,
mock,de,en-de(synthetic),2,1,minor_accuracy,minor,accuracy,0,e39ed2195c14bec4,de_k2_e39ed2195c14bec4_6,46,48,False,0.7569684022282945,0.701634257839726,0.8324973017809714,,
mock,de,en-de(synthetic),2,2,minor_accuracy,minor,accuracy,"0,1",e39ed2195c14bec4,de_k2_e39ed2195c14bec4_6,46,48,False,0.7578342112483035,0.701634257839726,0.7914750012307811,,
mock,de,en-de(synthetic),2,1,minor_fluency,minor,fluency,0,e39ed2195c14bec4,de_k2_e39ed2195c14bec4_6,46,48,False,0.8326903721130511,0.8350584251808004,0.8324973017809714,,
mock,de,en-de(synthetic),2,2,minor_fluency,minor,fluency,"0,1",e39ed2195c14bec4,de_k2_e39ed2195c14bec4_6,46,48,False,0.8092291625211032,0.8350584251808004,0.7880587071926493,,
mock,de,en-de(synthetic),2,1,major_accuracy,major,accuracy,0,e39ed2195c14bec4,de_k2_e39ed2195c14bec4_6,46,48,False,0.625629682826736,0.5421541839350299,0.8324973017809714,,
mock,de,en-de(synthetic),2,2,major_accuracy,major,accuracy,"0,1",e39ed2195c14bec4,de_k2_e39ed2195c14bec4_6,46,48,False,0.5218776247206979,0.5421541839350299,0.5250709253834658,,
mock,de,en-de(synthetic),2,1,major_fluency,major,fluency,0,e39ed2195c14bec4,de_k2_e39ed2195c14bec4_6,46,48,False,0.7600655443986579,0.7454399062838795,0.8324973017809714,,
mock,de,en-de(synthetic),2,2,major_fluency,major,fluency,"0,1",e39ed2195c14bec4,de_k2_e39ed2195c14bec4_6,46,48,False,0.746187050114654,0.7454399062838795,0.7316496366023398,,
mock,de,en-de(synthetic),2,0,none,,,,e1232da43168af53,de_k2_e1232da43168af53_2,46,48,False,0.8775767892192538,0.84421465056092,0.8750592057546287,,
mock,de,en-de(synthetic),2,1,minor_accuracy,minor,accuracy,1,e1232da43168af53,de_k2_e1232da43168af53_2,46,48,False,0.812756666499658,0.84421465056092,0.7513748445929624,,
mock,de,en-de(synthetic),2,2,minor_accuracy,minor,accuracy,"0,1",e1232da43168af53,de_k2_e1232da43168af53_2,46,48,False,0.76180527010183,0.8050791391225217,0.7513748445929624,,
mock,de,en-de(synthetic),2,1,minor_fluency,minor,fluency,1,e1232da43168af53,de_k2_e1232da43168af53_2,46,48,False,0.7908086328317682,0.84421465056092,0.7618962312972216,,
mock,de,en-de(synthetic),2,2,minor_fluency,minor,fluency,"0,1",e1232da43168af53,de_k2_e1232da43168af53_2,46,48,False,0.7884337140192533,0.8090287723292497,0.7618962312972216,,
mock,de,en-de(synthetic),2,1,major_accuracy,major,accuracy,1,e1232da43168af53,de_k2_e1232da43168af53_2,46,48,False,0.6206499995300613,0.84421465056092,0.5480821993697331,,
mock,de,en-de(synthetic),2,2,major_accuracy,major,accuracy,"0,1",e1232da43168af53,de_k2_e1232da43168af53_2,46,48,False,0.5459171404654424,0.5314515392710832,0.5480821993697331,,
mock,de,en-de(synthetic),2,1,major_fluency,major,fluency,1,e1232da43168af53,de_k2_e1232da43168af53_2,46,48,False,0.7870951185867101,0.84421465056092,0.7246751142695916,,
mock,de,en-de(synthetic),2,2,major_fluency,major,fluency,"0,1",e1232da43168af53,de_k2_e1232da43168af53_2,46,48,False,0.7403258873942606,0.7286009043964772,0.7246751142695916,,
mock,de,en-de(synthetic),2,0,none,,,,03a0b21de9d5f072,de_k2_03a0b21de9d5f072_6,46,48,False,0.853827956681087,0.8413005190918531,0.8923748358750618,,
mock,de,en-de(synthetic),2,1,minor_accuracy,minor,accuracy,0,03a0b21de9d5f072,de_k2_03a0b21de9d5f072_6,46,48,False,0.8332357789306791,0.7765723559340679,0.8923748358750618,,
mock,de,en-de(synthetic),2,2,minor_accuracy,minor,accuracy,"0,1",03a0b21de9d5f072,de_k2_03a0b21de9d5f072_6,46,48,False,0.7798755045269009,0.7765723559340679,0.7792043606927931,,
mock,de,en-de(synthetic),2,1,minor_fluency,minor,fluency,0,03a0b21de9d5f072,de_k2_03a0b21de9d5f072_6,46,48,False,0.8300508223376113,0.7756958415973333,0.8923748358750618,,
mock,de,en-de(synthetic),2,2,minor_fluency,minor,fluency,"0,1",03a0b21de9d5f072,de_k2_03a0b21de9d5f072_6,46,48,False,0.7832326359345078,0.7756958415973333,0.8120685364862746,,
mock,de,en-de(synthetic),2,1,major_accuracy,major,accuracy,0,03a0b21de9d5f072,de_k2_03a0b21de9d5f072_6,46,48,False,0.5847541808120931,0.5192309149433985,0.8923748358750618,,
mock,de,en-de(synthetic),2,2,major_accuracy,major,accuracy,"0,1",03a0b21de9d5f072,de_k2_03a0b21de9d5f072_6,46,48,False,0.5312853037012278,0.5192309149433985,0.5312079281964941,,
mock,de,en-de(synthetic),2,1,major_fluency,major,fluency,0,03a0b21de9d5f072,de_k2_03a0b21de9d5f072_6,46,48,False,0.7956012768371729,0.7371415857660926,0.8923748358750618,,
mock,de,en-de(synthetic),2,2,major_fluency,major,fluency,"0,1",03a0b21de9d5f072,de_k2_03a0b21de9d5f072_6,46,48,False,0.723923191618913,0.7371415857660926,0.718989611199312,,
mock,de,en-de(synthetic),2,0,none,,,,78540f0891c50a57,de_k2_78540f0891c50a57_4,46,48,False,0.8741434933494767,0.8549326755608584,0.856662575054995,,
mock,de,en-de(synthetic),2,1,minor_accuracy,minor,accuracy,1,78540f0891c50a57,de_k2_78540f0891c50a57_4,46,48,False,0.7883443775839069,0.8549326755608584,0.7451287641077575,,
mock,de,en-de(synthetic),2,2,minor_accuracy,minor,accuracy,"0,1",78540f0891c50a57,de_k2_78540f0891c50a57_4,46,48,False,0.7317261248874514,0.7532207359626198,0.7451287641077575,,
mock,de,en-de(synthetic),2,1,minor_fluency,minor,fluency,1,78540f0891c50a57,de_k2_78540f0891c50a57_4,46,48,False,0.8204889853439655,0.8549326755608584,0.814452447485939,,
mock,de,en-de(synthetic),2,2,minor_fluency,minor,fluency,"0,1",78540f0891c50a57,de_k2_78540f0891c50a57_4,46,48,False,0.7925172971190966,0.7659765072793967,0.814452447485939,,
mock,de,en-de(synthetic),2,1,major_accuracy,major,accuracy,1,78540f0891c50a57,de_k2_78540f0891c50a57_4,46,48,False,0.6396181580922012,0.8549326755608584,0.5705870306418934,,
mock,de,en-de(synthetic),2,2,major_accuracy,major,accuracy,"0,1",78540f0891c50a57,de_k2_78540f0891c50a57_4,46,48,False,0.5634358757020298,0.5534362887046282,0.5705870306418934,,
mock,de,en-de(synthetic),2,1,major_fluency,major,fluency,1,78540f0891c50a57,de_k2_78540f0891c50a57_4,46,48,False,0.7294935593653,0.8549326755608584,0.662003983731685,,
mock,de,en-de(synthetic),2,2,major_fluency,major,fluency,"0,1",78540f0891c50a57,de_k2_78540f0891c50a57_4,46,48,False,0.7105119218724909,0.7286323026759018,0.662003983731685,,
mock,de,en-de(synthetic),2,0,none,,,,6f6a57bcea9bc00e,de_k2_6f6a57bcea9bc00e_0,46,48,False,0.8280517566257259,0.8252303982338657,0.8759428093936037,,
mock,de,en-de(synthetic),2,1,minor_accuracy,minor,accuracy,0,6f6a57bcea9bc00e,de_k2_6f6a57bcea9bc00e_0,46,48,False,0.7834068500841382,0.7301504216546677,0.8759428093936037,,
mock,de,en-de(synthetic),2,2,minor_accuracy,minor,accuracy,"0,1",6f6a57bcea9bc00e,de_k2_6f6a57bcea9bc00e_0,46,48,False,0.7600347220397151,0.7301504216546677,0.8042367727312646,,
mock,de,en-de(synthetic),2,1,minor_fluency,minor,fluency,0,6f6a57bcea9bc00e,de_k2_6f6a57bcea9bc00e_0,46,48,False,0.8383733290580074,0.8081891830681885,0.8759428093936037,,
mock,de,en-de(synthetic),2,2,minor_fluency,minor,fluency,"0,1",6f6a57bcea9bc00e,de_k2_6f6a57bcea9bc00e_0,46,48,False,0.8105259755529227,0.8081891830681885,0.7923396530555307,,
mock,de,en-de(synthetic),2,1,major_accuracy,major,accuracy,0,6f6a57bcea9bc00e,de_k2_6f6a57bcea9bc00e_0,46,48,False,0.6472484425643795,0.5646743334880082,0.8759428093936037,,
mock,de,en-de(synthetic),2,2,major_accuracy,major,accuracy,"0,1",6f6a57bcea9bc00e,de_k2_6f6a57bcea9bc00e_0,46,48,False,0.5602552887562847,0.5646743334880082,0.5489825314154713,,
mock,de,en-de(synthetic),2,1,major_fluency,major,fluency,0,6f6a57bcea9bc00e,de_k2_6f6a57bcea9bc00e_0,46,48,False,0.7929972813340832,0.7354625026572058,0.8759428093936037,,
mock,de,en-de(synthetic),2,2,major_fluency,major,fluency,"0,1",6f6a57bcea9bc00e,de_k2_6f6a57bcea9bc00e_0,46,48,False,0.7102345493490815,0.7354625026572058,0.6809049898351858,,
mock,de,en-de(synthetic),2,0,none,,,,be5ecf7be7eda10c,de_k2_be5ecf7be7eda10c_0,46,48,False,0.8556675699073052,0.8551463655798002,0.8250696435941756,,
mock,de,en-de(synthetic),2,1,minor_accuracy,minor,accuracy,1,be5ecf7be7eda10c,de_k2_be5ecf7be7eda10c_0,46,48,False,0.8257979011610699,0.8551463655798002,0.7884256107806537,,
mock,de,en-de(synthetic),2,2,minor_accuracy,minor,accuracy,"0,1",be5ecf7be7eda10c,de_k2_be5ecf7be7eda10c_0,46,48,False,0.7661461981997474,0.751973775177679,0.7884256107806537,,
mock,de,en-de(synthetic),2,1,minor_fluency,minor,fluency,1,be5ecf7be7eda10c,de_k2_be5ecf7be7eda10c_0,46,48,False,0.8402201373946906,0.8551463655798002,0.8139015433666408,,
mock,de,en-de(synthetic),2,2,minor_fluency,minor,fluency,"0,1",be5ecf7be7eda10c,de_k2_be5ecf7be7eda10c_0,46,48,False,0.8280284715141719,0.8242244400534358,0.8139015433666408,,
mock,de,en-de(synthetic),2,1,major_accuracy,major,accuracy,1,be5ecf7be7eda10c,de_k2_be5ecf7be7eda10c_0,46,48,False,0.6592795354616485,0.8551463655798002,0.574580581172152,,
mock,de,en-de(synthetic),2,2,major_accuracy,major,accuracy,"0,1",be5ecf7be7eda10c,de_k2_be5ecf7be7eda10c_0,46,48,False,0.5740737445808741,0.5839043631949279,0.574580581172152,,
mock,de,en-de(synthetic),2,1,major_fluency,major,fluency,1,be5ecf7be7eda10c,de_k2_be5ecf7be7eda10c_0,46,48,False,0.7396068613948841,0.8551463655798002,0.6914318015242338,,
mock,de,en-de(synthetic),2,2,major_fluency,major,fluency,"0,1",be5ecf7be7eda10c,de_k2_be5ecf7be7eda10c_0,46,48,False,0.6728650109148452,0.6471113535296925,0.6914318015242338,,
mock,de,en-de(synthetic),2,0,none,,,,67a114f73a917a15,de_k2_67a114f73a917a15_0,46,48,False,0.8333790282829975,0.8550301959963206,0.8437023435053898,,
mock,de,en-de(synthetic),2,1,minor_accuracy,minor,accuracy,0,67a114f73a917a15,de_k2_67a114f73a917a15_0,46,48,False,0.7800134844592058,0.7379796360436,0.8437023435053898,,
mock,de,en-de(synthetic),2,2,minor_accuracy,minor,accuracy,"0,1",67a114f73a917a15,de_k2_67a114f73a917a15_0,46,48,False,0.742330067329116,0.7379796360436,0.7361750853761142,,
mock,de,en-de(synthetic),2,1,minor_fluency,minor,fluency,0,67a114f73a917a15,de_k2_67a114f73a917a15_0,46,48,False,0.7963647735473159,0.7657107060400747,0.8437023435053898,,
mock,de,en-de(synthetic),2,2,minor_fluency,minor,fluency,"0,1",67a114f73a917a15,de_k2_67a114f73a917a15_0,46,48,False,0.7642885018000238,0.7657107060400747,0.7817901181009703,,
mock,de,en-de(synthetic),2,1,major_accuracy,major,accuracy,0,67a114f73a917a15,de_k2_67a114f73a917a15_0,46,48,False,0.6135684408857099,0.5310127284990112,0.8437023435053898,,
mock,de,en-de(synthetic),2,2,major_accuracy,major,accuracy,"0,1",67a114f73a917a15,de_k2_67a114f73a917a15_0,46,48,False,0.5475493368130377,0.5310127284990112,0.5772054629204111,,
mock,de,en-de(synthetic),2,1,major_fluency,major,fluency,0,67a114f73a917a15,de_k2_67a114f73a917a15_0,46,48,False,0.7220375915382977,0.6505753465759965,0.8437023435053898,,
mock,de,en-de(synthetic),2,2,major_fluency,major,fluency,"0,1",67a114f73a917a15,de_k2_67a114f73a917a15_0,46,48,False,0.6608918134749213,0.6505753465759965,0.6750476065236694,,
mock,de,en-de(synthetic),2,0,none,,,,54388b3c6278da69,de_k2_54388b3c6278da69_6,46,48,False,0.8600239702285212,0.8163904455663964,0.8686570005850482,,
mock,de,en-de(synthetic),2,1,minor_accuracy,minor,accuracy,1,54388b3c6278da69,de_k2_54388b3c6278da69_6,46,48,False,0.7889507141461604,0.8163904455663964,0.7768402380296153,,
mock,de,en-de(synthetic),2,2,minor_accuracy,minor,accuracy,"0,1",54388b3c6278da69,de_k2_54388b3c6278da69_6,46,48,False,0.7804441953465282,0.7683038221736818,0.7768402380296153,,
mock,de,en-de(synthetic),2,1,minor_fluency,minor,fluency,1,54388b3c6278da69,de_k2_54388b3c6278da69_6,46,48,False,0.8243715933319622,0.8163904455663964,0.8090316616724589,,
mock,de,en-de(synthetic),2,2,minor_fluency,minor,fluency,"0,1",54388b3c6278da69,de_k2_54388b3c6278da69_6,46,48,False,0.8081014913358067,0.8008415395672994,0.8090316616724589,,
mock,de,en-de(synthetic),2,1,major_accuracy,major,accuracy,1,54388b3c6278da69,de_k2_54388b3c6278da69_6,46,48,False,0.6308748615107655,0.8163904455663964,0.5504989703450534,,
mock,de,en-de(synthetic),2,2,major_accuracy,major,accuracy,"0,1",54388b3c6278da69,de_k2_54388b3c6278da69_6,46,48,False,0.5389444656472014,0.512008423579688,0.5504989703450534,,
mock,de,en-de(synthetic),2,1,major_fluency,major,fluency,1,54388b3c6278da69,de_k2_54388b3c6278da69_6,46,48,False,0.7205614969567201,0.8163904455663964,0.666055422011675,,
mock,de,en-de(synthetic),2,2,major_fluency,major,fluency,"0,1",54388b3c6278da69,de_k2_54388b3c6278da69_6,46,48,False,0.6508966134185116,0.6507496126928353,0.666055422011675,,
mock,de,en-de(synthetic),2,0,none,,,,03a0b21de9d5f072,de_k2_03a0b21de9d5f072_8,46,48,False,0.8526085855807052,0.8367897315782122,0.9007809605547945,,
mock,de,en-de(synthetic),2,1,minor_accuracy,minor,accuracy,0,03a0b21de9d5f072,de_k2_03a0b21de9d5f072_8,46,48,False,0.8077361514515565,0.755133042536292,0.9007809605547945,,
mock,de,en-de(synthetic),2,2,minor_accuracy,minor,accuracy,"0,1",03a0b21de9d5f072,de_k2_03a0b21de9d5f072_8,46,48,False,0.7574686932438051,0.755133042536292,0.7669317164004793,,
mock,de,en-de(synthetic),2,1,minor_fluency,minor,fluency,0,03a0b21de9d5f072,de_k2_03a0b21de9d5f072_8,46,48,False,0.8794287462796884,0.849316764828471,0.9007809605547945,,
mock,de,en-de(synthetic),2,2,minor_fluency,minor,fluency,"0,1",03a0b21de9d5f072,de_k2_03a0b21de9d5f072_8,46,48,False,0.8067541420561355,0.849316764828471,0.7788016925507403,,
mock,de,en-de(synthetic),2,1,major_accuracy,major,accuracy,0,03a0b21de9d5f072,de_k2_03a0b21de9d5f072_8,46,48,False,0.628645885251923,0.5472321108815863,0.9007809605547945,,
mock,de,en-de(synthetic),2,2,major_accuracy,major,accuracy,"0,1",03a0b21de9d5f072,de_k2_03a0b21de9d5f072_8,46,48,False,0.5138434146044212,0.5472321108815863,0.5294161500907,,
mock,de,en-de(synthetic),2,1,major_fluency,major,fluency,0,03a0b21de9d5f072,de_k2_03a0b21de9d5f072_8,46,48,False,0.787050561800895,0.7192552130200592,0.9007809605547945,,
mock,de,en-de(synthetic),2,2,major_fluency,major,fluency,"0,1",03a0b21de9d5f072,de_k2_03a0b21de9d5f072_8,46,48,False,0.7187041292962718,0.7192552130200592,0.7195558072161876,,
mock,de,en-de(synthetic),2,0,none,,,,030ef2c89e37167d,de_k2_030ef2c89e37167d_0,46,48,False,0.8438928382221565,0.8500763202370343,0.8356018866379602,,
mock,de,en-de(synthetic),2,1,minor_accuracy,minor,accuracy,1,030ef2c89e37167d,de_k2_030ef2c89e37167d_0,46,48,False,0.778279466557426,0.8500763202370343,0.7001901055334946,,
mock,de,en-de(synthetic),2,2,minor_accuracy,minor,accuracy,"0,1",030ef2c89e37167d,de_k2_030ef2c89e37167d_0,46,48,False,0.7103522957706265,0.7543635756903199,0.7001901055334946,,
mock,de,en-de(synthetic),2,1,minor_fluency,minor,fluency,1,030ef2c89e37167d,de_k2_030ef2c89e37167d_0,46,48,False,0.8307016284669073,0.8500763202370343,0.8133546303068325,,
mock,de,en-de(synthetic),2,2,minor_fluency,minor,fluency,"0,1",030ef2c89e37167d,de_k2_030ef2c89e37167d_0,46,48,False,0.8089663961612998,0.8186555036944987,0.8133546303068325,,
mock,de,en-de(synthetic),2,1,major_accuracy,major,accuracy,1,030ef2c89e37167d,de_k2_030ef2c89e37167d_0,46,48,False,0.6306476071152346,0.8500763202370343,0.5590683506156391,,
mock,de,en-de(synthetic),2,2,major_accuracy,major,accuracy,"0,1",030ef2c89e37167d,de_k2_030ef2c89e37167d_0,46,48,False,0.5540397455009141,0.5408778400405814,0.5590683506156391,,
mock,de,en-de(synthetic),2,1,major_fluency,major,fluency,1,030ef2c89e37167d,de_k2_030ef2c89e37167d_0,46,48,False,0.7929226366551634,0.8500763202370343,0.7348789190854441,,
mock,de,en-de(synthetic),2,2,major_fluency,major,fluency,"0,1",030ef2c89e37167d,de_k2_030ef2c89e37167d_0,46,48,False,0.7122796439211759,0.7094276147813985,0.7348789190854441,,
mock,de,en-de(synthetic),2,0,none,,,,85fb7ea9ebc20662,de_k2_85fb7ea9ebc20662_4,46,48,False,0.8398214854157396,0.8624670838942948,0.8192547135551708,,
mock,de,en-de(synthetic),2,1,minor_accuracy,minor,accuracy,0,85fb7ea9ebc20662,de_k2_85fb7ea9ebc20662_4,46,48,False,0.819636718107817,0.8063651325040857,0.8192547135551708,,
mock,de,en-de(synthetic),2,2,minor_accuracy,minor,accuracy,"0,1",85fb7ea9ebc20662,de_k2_85fb7ea9ebc20662_4,46,48,False,0.7907743875286983,0.8063651325040857,0.7534683017884757,,
mock,de,en-de(synthetic),2,1,minor_fluency,minor,fluency,0,85fb7ea9ebc20662,de_k2_85fb7ea9ebc20662_4,46,48,False,0.7970041647909996,0.7689028027838231,0.8192547135551708,,
mock,de,en-de(synthetic),2,2,minor_fluency,minor,fluency,"0,1",85fb7ea9ebc20662,de_k2_85fb7ea9ebc20662_4,46,48,False,0.7737833688972028,0.7689028027838231,0.7930299999298214,,
mock,de,en-de(synthetic),2,1,major_accuracy,major,accuracy,0,85fb7ea9ebc20662,de_k2_85fb7ea9ebc20662_4,46,48,False,0.6389205077667596,0.5692179809830826,0.8192547135551708,,
mock,de,en-de(synthetic),2,2,major_accuracy,major,accuracy,"0,1",85fb7ea9ebc20662,de_k2_85fb7ea9ebc20662_4,46,48,False,0.5567417412789267,0.5692179809830826,0.5672163668754107,,
mock,de,en-de(synthetic),2,1,major_fluency,major,fluency,0,85fb7ea9ebc20662,de_k2_85fb7ea9ebc20662_4,46,48,False,0.7128430935429722,0.6409480702606828,0.8192547135551708,,
mock,de,en-de(synthetic),2,2,major_fluency,major,fluency,"0,1",85fb7ea9ebc20662,de_k2_85fb7ea9ebc20662_4,46,48,False,0.6600798178982257,0.6409480702606828,0.6802504393796569,,
mock,de,en-de(synthetic),2,0,none,,,,e39ed2195c14bec4,de_k2_e39ed2195c14bec4_2,46,48,False,0.841543890445847,0.8430929715799419,0.828270953790063,,
mock,de,en-de(synthetic),2,1,minor_accuracy,minor,accuracy,1,e39ed2195c14bec4,de_k2_e39ed2195c14bec4_2,46,48,False,0.8117289421618388,0.8430929715799419,0.7953419596260798,,
mock,de,en-de(synthetic),2,2,minor_accuracy,minor,accuracy,"0,1",e39ed2195c14bec4,de_k2_e39ed2195c14bec4_2,46,48,False,0.8199598410588621,0.8338312082326702,0.7953419596260798,,
mock,de,en-de(synthetic),2,1,minor_fluency,minor,fluency,1,e39ed2195c14bec4,de_k2_e39ed2195c14bec4_2,46,48,False,0.7888827473782022,0.8430929715799419,0.7675165544740936,,
mock,de,en-de(synthetic),2,2,minor_fluency,minor,fluency,"0,1",e39ed2195c14bec4,de_k2_e39ed2195c14bec4_2,46,48,False,0.7965871390668606,0.800997889186966,0.7675165544740936,,
mock,de,en-de(synthetic),2,1,major_accuracy,major,accuracy,1,e39ed2195c14bec4,de_k2_e39ed2195c14bec4_2,46,48,False,0.6538378016695352,0.8430929715799419,0.5769281774923694,,
mock,de,en-de(synthetic),2,2,major_accuracy,major,accuracy,"0,1",e39ed2195c14bec4,de_k2_e39ed2195c14bec4_2,46,48,False,0.576842536988201,0.5659701269833826,0.5769281774923694,,
mock,de,en-de(synthetic),2,1,major_fluency,major,fluency,1,e39ed2195c14bec4,de_k2_e39ed2195c14bec4_2,46,48,False,0.7577579561059208,0.8430929715799419,0.7223417516387062,,
mock,de,en-de(synthetic),2,2,major_fluency,major,fluency,"0,1",e39ed2195c14bec4,de_k2_e39ed2195c14bec4_2,46,48,False,0.7238792772558065,0.7082054601829437,0.7223417516387062,,
mock,de,en-de(synthetic),2,0,none,,,,780bfb7d74ebf212,de_k2_780bfb7d74ebf212_2,46,48,False,0.8533517702977584,0.8680277562372327,0.8584789875374821,,
mock,de,en-de(synthetic),2,1,minor_accuracy,minor,accuracy,0,780bfb7d74ebf212,de_k2_780bfb7d74ebf212_2,46,48,False,0.7756424268380097,0.7302635168817246,0.8584789875374821,,
mock,de,en-de(synthetic),2,2,minor_accuracy,minor,accuracy,"0,1",780bfb7d74ebf212,de_k2_780bfb7d74ebf212_2,46,48,False,0.7532587556293859,0.7302635168817246,0.7756715165876138,,
mock,de,en-de(synthetic),2,1,minor_fluency,minor,fluency,0,780bfb7d74ebf212,de_k2_780bfb7d74ebf212_2,46,48,False,0.8200626573418411,0.7883973912069054,0.8584789875374821,,
mock,de,en-de(synthetic),2,2,minor_fluency,minor,fluency,"0,1",780bfb7d74ebf212,de_k2_780bfb7d74ebf212_2,46,48,False,0.8007958917622714,0.7883973912069054,0.7999573784062024,,
mock,de,en-de(synthetic),2,1,major_accuracy,major,accuracy,0,780bfb7d74ebf212,de_k2_780bfb7d74ebf212_2,46,48,False,0.6458187090939251,0.5801392346285772,0.8584789875374821,,
mock,de,en-de(synthetic),2,2,major_accuracy,major,accuracy,"0,1",780bfb7d74ebf212,de_k2_780bfb7d74ebf212_2,46,48,False,0.5936251458383289,0.5801392346285772,0.5668133534720026,,
mock,de,en-de(synthetic),2,1,major_fluency,major,fluency,0,780bfb7d74ebf212,de_k2_780bfb7d74ebf212_2,46,48,False,0.7466246736622902,0.6863044926001621,0.8584789875374821,,
mock,de,en-de(synthetic),2,2,major_fluency,major,fluency,"0,1",780bfb7d74ebf212,de_k2_780bfb7d74ebf212_2,46,48,False,0.6429318057631925,0.6863044926001621,0.6399458671210416,,
mock,de,en-de(synthetic),2,0,none,,,,db8f894f0fc2b57e,de_k2_db8f894f0fc2b57e_4,46,48,False,0.8470244242670615,0.820633400675188,0.8840651811497028,,
mock,de,en-de(synthetic),2,1,minor_accuracy,minor,accuracy,1,db8f894f0fc2b57e,de_k2_db8f894f0fc2b57e_4,46,48,False,0.7921379334890264,0.820633400675188,0.753583878016218,,
mock,de,en-de(synthetic),2,2,minor_accuracy,minor,accuracy,"0,1",db8f894f0fc2b57e,de_k2_db8f894f0fc2b57e_4,46,48,False,0.7592387740278731,0.7648198871451117,0.753583878016218,,
mock,de,en-de(synthetic),2,1,minor_fluency,minor,fluency,1,db8f894f0fc2b57e,de_k2_db8f894f0fc2b57e_4,46,48,False,0.8345511917662921,0.820633400675188,0.832235062561446,,
mock,de,en-de(synthetic),2,2,minor_fluency,minor,fluency,"0,1",db8f894f0fc2b57e,de_k2_db8f894f0fc2b57e_4,46,48,False,0.7991941227287591,0.7832322355329526,0.832235062561446,,
mock,de,en-de(synthetic),2,1,major_accuracy,major,accuracy,1,db8f894f0fc2b57e,de_k2_db8f894f0fc2b57e_4,46,48,False,0.6334408393225378,0.820633400675188,0.5491209198282607,,
mock,de,en-de(synthetic),2,2,major_accuracy,major,accuracy,"0,1",db8f894f0fc2b57e,de_k2_db8f894f0fc2b57e_4,46,48,False,0.5478299269480955,0.5497979846109804,0.5491209198282607,,
mock,de,en-de(synthetic),2,1,major_fluency,major,fluency,1,db8f894f0fc2b57e,de_k2_db8f894f0fc2b57e_4,46,48,False,0.7513577926944209,0.820633400675188,0.7105653911825073,,
mock,de,en-de(synthetic),2,2,major_fluency,major,fluency,"0,1",db8f894f0fc2b57e,de_k2_db8f894f0fc2b57e_4,46,48,False,0.7060010674168289,0.704507305532524,0.7105653911825073,,
mock,de,en-de(synthetic),2,0,none,,,,6f6a57bcea9bc00e,de_k2_6f6a57bcea9bc00e_4,46,48,False,0.8896637004717098,0.8880397036695085,0.8518368946807988,,
mock,de,en-de(synthetic),2,1,minor_accuracy,minor,accuracy,0,6f6a57bcea9bc00e,de_k2_6f6a57bcea9bc00e_4,46,48,False,0.8223675307282513,0.7685952911375261,0.8518368946807988,,
mock,de,en-de(synthetic),2,2,minor_accuracy,minor,accuracy,"0,1",6f6a57bcea9bc00e,de_k2_6f6a57bcea9bc00e_4,46,48,False,0.7553567660348521,0.7685952911375261,0.7201599134777215,,
mock,de,en-de(synthetic),2,1,minor_fluency,minor,fluency,0,6f6a57bcea9bc00e,de_k2_6f6a57bcea9bc00e_4,46,48,False,0.8109157988639487,0.7928832782192579,0.8518368946807988,,
mock,de,en-de(synthetic),2,2,minor_fluency,minor,fluency,"0,1",6f6a57bcea9bc00e,de_k2_6f6a57bcea9bc00e_4,46,48,False,0.7961731194831541,0.7928832782192579,0.8146015529599919,,
mock,de,en-de(synthetic),2,1,major_accuracy,major,accuracy,0,6f6a57bcea9bc00e,de_k2_6f6a57bcea9bc00e_4,46,48,False,0.6289562848203363,0.5643849791634881,0.8518368946807988,,
mock,de,en-de(synthetic),2,2,major_accuracy,major,accuracy,"0,1",6f6a57bcea9bc00e,de_k2_6f6a57bcea9bc00e_4,46,48,False,0.5705612480327305,0.5643849791634881,0.5587987960821481,,
mock,de,en-de(synthetic),2,1,major_fluency,major,fluency,0,6f6a57bcea9bc00e,de_k2_6f6a57bcea9bc00e_4,46,48,False,0.703790227753921,0.6474710334119631,0.8518368946807988,,
mock,de,en-de(synthetic),2,2,major_fluency,major,fluency,"0,1",6f6a57bcea9bc00e,de_k2_6f6a57bcea9bc00e_4,46,48,False,0.6839650977335615,0.6474710334119631,0.7289426028394609,,
mock,de,en-de(synthetic),2,0,none,,,,b37ebbb312b6ee73,de_k2_b37ebbb312b6ee73_0,46,48,False,0.8115528872124809,0.8039521882241686,0.8116514191813962,,
mock,de,en-de(synthetic),2,1,minor_accuracy,minor,accuracy,1,b37ebbb312b6ee73,de_k2_b37ebbb312b6ee73_0,46,48,False,0.7798502446636777,0.8039521882241686,0.758315946701354,,
mock,de,en-de(synthetic),2,2,minor_accuracy,minor,accuracy,"0,1",b37ebbb312b6ee73,de_k2_b37ebbb312b6ee73_0,46,48,False,0.7496057276154641,0.7681106489004045,0.758315946701354,,
mock,de,en-de(synthetic),2,1,minor_fluency,minor,fluency,1,b37ebbb312b6ee73,de_k2_b37ebbb312b6ee73_0,46,48,False,0.7890135771190165,0.8039521882241686,0.7803709581593006,,
mock,de,en-de(synthetic),2,2,minor_fluency,minor,fluency,"0,1",b37ebbb312b6ee73,de_k2_b37ebbb312b6ee73_0,46,48,False,0.7865403680537447,0.8115014708044548,0.7803709581593006,,
mock,de,en-de(synthetic),2,1,major_accuracy,major,accuracy,1,b37ebbb312b6ee73,de_k2_b37ebbb312b6ee73_0,46,48,False,0.5747653808908783,0.8039521882241686,0.5136710887596094,,
mock,de,en-de(synthetic),2,2,major_accuracy,major,accuracy,"0,1",b37ebbb312b6ee73,de_k2_b37ebbb312b6ee73_0,46,48,False,0.5158240128072943,0.5392571625364808,0.5136710887596094,,
mock,de,en-de(synthetic),2,1,major_fluency,major,fluency,1,b37ebbb312b6ee73,de_k2_b37ebbb312b6ee73_0,46,48,False,0.7390889954033532,0.8039521882241686,0.7207662476199846,,
mock,de,en-de(synthetic),2,2,major_fluency,major,fluency,"0,1",b37ebbb312b6ee73,de_k2_b37ebbb312b6ee73_0,46,48,False,0.7113227453559475,0.6864882560882019,0.7207662476199846,,
mock,de,en-de(synthetic),2,0,none,,,,17eb8302878337c5,de_k2_17eb8302878337c5_0,46,48,False,0.8694852352267162,0.8350325203501305,0.8818832248027065,,
mock,de,en-de(synthetic),2,1,minor_accuracy,minor,accuracy,0,17eb8302878337c5,de_k2_17eb8302878337c5_0,46,48,False,0.8781793843351093,0.8184289292985089,0.8818832248027065,,
mock,de,en-de(synthetic),2,2,minor_accuracy,minor,accuracy,"0,1",17eb8302878337c5,de_k2_17eb8302878337c5_0,46,48,False,0.7858223886570131,0.8184289292985089,0.7654351727227809,,
mock,de,en-de(synthetic),2,1,minor_fluency,minor,fluency,0,17eb8302878337c5,de_k2_17eb8302878337c5_0,46,48,False,0.8263524262542445,0.7934478351977046,0.8818832248027065,,
mock,de,en-de(synthetic),2,2,minor_fluency,minor,fluency,"0,1",17eb8302878337c5,de_k2_17eb8302878337c5_0,46,48,False,0.7930921505905396,0.7934478351977046,0.791742491729769,,
mock,de,en-de(synthetic),2,1,major_accuracy,major,accuracy,0,17eb8302878337c5,de_k2_17eb8302878337c5_0,46,48,False,0.5591348247186382,0.4955214750791505,0.8818832248027065,,
mock,de,en-de(synthetic),2,2,major_accuracy,major,accuracy,"0,1",17eb8302878337c5,de_k2_17eb8302878337c5_0,46,48,False,0.4991653511655675,0.4955214750791505,0.5327313886340064,,
mock,de,en-de(synthetic),2,1,major_fluency,major,fluency,0,17eb8302878337c5,de_k2_17eb8302878337c5_0,46,48,False,0.7119338509204555,0.660341572390066,0.8818832248027065,,
mock,de,en-de(synthetic),2,2,major_fluency,major,fluency,"0,1",17eb8302878337c5,de_k2_17eb8302878337c5_0,46,48,False,0.683494236534673,0.660341572390066,0.731125999651473,,
mock,de,en-de(synthetic),2,0,none,,,,c7acb789999acb43,de_k2_c7acb789999acb43_8,46,48,False,0.8472759396568735,0.8891569217020446,0.8450692290966363,,
mock,de,en-de(synthetic),2,1,minor_accuracy,minor,accuracy,1,c7acb789999acb43,de_k2_c7acb789999acb43_8,46,48,False,0.7924450640365999,0.8891569217020446,0.7447784713346347,,
mock,de,en-de(synthetic),2,2,minor_accuracy,minor,accuracy,"0,1",c7acb789999acb43,de_k2_c7acb789999acb43_8,46,48,False,0.7559102083445057,0.7771449639246801,0.7447784713346347,,
mock,de,en-de(synthetic),2,1,minor_fluency,minor,fluency,1,c7acb789999acb43,de_k2_c7acb789999acb43_8,46,48,False,0.8726306839705076,0.8891569217020446,0.8443757373679264,,
mock,de,en-de(synthetic),2,2,minor_fluency,minor,fluency,"0,1",c7acb789999acb43,de_k2_c7acb789999acb43_8,46,48,False,0.8213947309861216,0.7808633710490654,0.8443757373679264,,
mock,de,en-de(synthetic),2,1,major_accuracy,major,accuracy,1,c7acb789999acb43,de_k2_c7acb789999acb43_8,46,48,False,0.640779268155103,0.8891569217020446,0.5370332639609958,,
mock,de,en-de(synthetic),2,2,major_accuracy,major,accuracy,"0,1",c7acb789999acb43,de_k2_c7acb789999acb43_8,46,48,False,0.5541288913468657,0.5624725370323913,0.5370332639609958,,
mock,de,en-de(synthetic),2,1,major_fluency,major,fluency,1,c7acb789999acb43,de_k2_c7acb789999acb43_8,46,48,False,0.7429595501310765,0.8891569217020446,0.6781769504515827,,
mock,de,en-de(synthetic),2,2,major_fluency,major,fluency,"0,1",c7acb789999acb43,de_k2_c7acb789999acb43_8,46,48,False,0.6847585620568355,0.7201084524443403,0.6781769504515827,,
mock,de,en-de(synthetic),2,0,none,,,,5223bbe973885f31,de_k2_5223bbe973885f31_4,46,48,False,0.8916553696768799,0.9044474233662044,0.8667843544609981,,
mock,de,en-de(synthetic),2,1,minor_accuracy,minor,accuracy,0,5223bbe973885f31,de_k2_5223bbe973885f31_4,46,48,False,0.7965750153287963,0.7601407059422082,0.8667843544609981,,
mock,de,en-de(synthetic),2,2,minor_accuracy,minor,accuracy,"0,1",5223bbe973885f31,de_k2_5223bbe973885f31_4,46,48,False,0.7759411061334754,0.7601407059422082,0.8063980047730699,,
mock,de,en-de(synthetic),2,1,minor_fluency,minor,fluency,0,5223bbe973885f31,de_k2_5223bbe973885f31_4,46,48,False,0.7774770096595938,0.7407783294480894,0.8667843544609981,,
mock,de,en-de(synthetic),2,2,minor_fluency,minor,fluency,"0,1",5223bbe973885f31,de_k2_5223bbe973885f31_4,46,48,False,0.7844580213378374,0.7407783294480894,0.8302864597394591,,
mock,de,en-de(synthetic),2,1,major_accuracy,major,accuracy,0,5223bbe973885f31,de_k2_5223bbe973885f31_4,46,48,False,0.6435762699679008,0.5581679408499722,0.8667843544609981,,
mock,de,en-de(synthetic),2,2,major_accuracy,major,accuracy,"0,1",5223bbe973885f31,de_k2_5223bbe973885f31_4,46,48,False,0.5716860047725428,0.5581679408499722,0.5854020964309878,,
mock,de,en-de(synthetic),2,1,major_fluency,major,fluency,0,5223bbe973885f31,de_k2_5223bbe973885f31_4,46,48,False,0.7646062538078292,0.7116962346909811,0.8667843544609981,,
mock,de,en-de(synthetic),2,2,major_fluency,major,fluency,"0,1",5223bbe973885f31,de_k2_5223bbe973885f31_4,46,48,False,0.6793080275114022,0.7116962346909811,0.6472085200189285,,
mock,de,en-de(synthetic),2,0,none,,,,bbbfc9543ca8dca0,de_k2_bbbfc9543ca8dca0_4,46,48,False,0.8358590755157886,0.8497777767338126,0.8521551716644687,,
mock,de,en-de(synthetic),2,1,minor_accuracy,minor,accuracy,1,bbbfc9543ca8dca0,de_k2_bbbfc9543ca8dca0_4,46,48,False,0.819782823106362,0.8497777767338126,0.7968776278850952,,
mock,de,en-de(synthetic),2,2,minor_accuracy,minor,accuracy,"0,1",bbbfc9543ca8dca0,de_k2_bbbfc9543ca8dca0_4,46,48,False,0.7718486975550441,0.7476328375106005,0.7968776278850952,,
mock,de,en-de(synthetic),2,1,minor_fluency,minor,fluency,1,bbbfc9543ca8dca0,de_k2_bbbfc9543ca8dca0_4,46,48,False,0.8016488721916963,0.8497777767338126,0.7551097987990685,,
mock,de,en-de(synthetic),2,2,minor_fluency,minor,fluency,"0,1",bbbfc9543ca8dca0,de_k2_bbbfc9543ca8dca0_4,46,48,False,0.7722618025675821,0.8039801529178768,0.7551097987990685,,
mock,de,en-de(synthetic),2,1,major_accuracy,major,accuracy,1,bbbfc9543ca8dca0,de_k2_bbbfc9543ca8dca0_4,46,48,False,0.6402641701503609,0.8497777767338126,0.558518602382722,,
mock,de,en-de(synthetic),2,2,major_accuracy,major,accuracy,"0,1",bbbfc9543ca8dca0,de_k2_bbbfc9543ca8dca0_4,46,48,False,0.5632789690389992,0.5546890161318521,0.558518602382722,,
mock,de,en-de(synthetic),2,1,major_fluency,major,fluency,1,bbbfc9543ca8dca0,de_k2_bbbfc9543ca8dca0_4,46,48,False,0.7576399781940915,0.8497777767338126,0.6797538805485377,,
mock,de,en-de(synthetic),2,2,major_fluency,major,fluency,"0,1",bbbfc9543ca8dca0,de_k2_bbbfc9543ca8dca0_4,46,48,False,0.6790192725118969,0.6617891035661779,0.6797538805485377,,
mock,de,en-de(synthetic),2,0,none,,,,612dd271cfc76ac7,de_k2_612dd271cfc76ac7_4,46,48,False,0.8371054216873887,0.8782026016712415,0.8034579923595624,,
mock,de,en-de(synthetic),2,1,minor_accuracy,minor,accuracy,0,612dd271cfc76ac7,de_k2_612dd271cfc76ac7_4,46,48,False,0.7747264796593576,0.7466917692608731,0.8034579923595624,,
mock,de,en-de(synthetic),2,2,minor_accuracy,minor,accuracy,"0,1",612dd271cfc76ac7,de_k2_612dd271cfc76ac7_4,46,48,False,0.7704157182543482,0.7466917692608731,0.7892654726756279,,
mock,de,en-de(synthetic),2,1,minor_fluency,minor,fluency,0,612dd271cfc76ac7,de_k2_612dd271cfc76ac7_4,46,48,False,0.8340267992676063,0.8519178981537867,0.8034579923595624,,
mock,de,en-de(synthetic),2,2,minor_fluency,minor,fluency,"0,1",612dd271cfc76ac7,de_k2_612dd271cfc76ac7_4,46,48,False,0.7979650950445563,0.8519178981537867,0.7572684312384513,,
mock,de,en-de(synthetic),2,1,major_accuracy,major,accuracy,0,612dd271cfc76ac7,de_k2_612dd271cfc76ac7_4,46,48,False,0.6252086146691822,0.5551194785955218,0.8034579923595624,,
mock,de,en-de(synthetic),2,2,major_accuracy,major,accuracy,"0,1",612dd271cfc76ac7,de_k2_612dd271cfc76ac7_4,46,48,False,0.5381794456293999,0.5551194785955218,0.5145707125949288,,
mock,de,en-de(synthetic),2,1,major_fluency,major,fluency,0,612dd271cfc76ac7,de_k2_612dd271cfc76ac7_4,46,48,False,0.7672745282422746,0.7271613937602895,0.8034579923595624,,
mock,de,en-de(synthetic),2,2,major_fluency,major,fluency,"0,1",612dd271cfc76ac7,de_k2_612dd271cfc76ac7_4,46,48,False,0.7055034690919911,0.7271613937602895,0.6919492802906821,,
mock,de,en-de(synthetic),2,0,none,,,,5223bbe973885f31,de_k2_5223bbe973885f31_2,46,48,False,0.8210040032374478,0.8351443897109619,0.833263607741745,,
mock,de,en-de(synthetic),2,1,minor_accuracy,minor,accuracy,1,5223bbe973885f31,de_k2_5223bbe973885f31_2,46,48,False,0.8131444205006495,0.8351443897109619,0.7602641579233226,,
mock,de,en-de(synthetic),2,2,minor_accuracy,minor,accuracy,"0,1",5223bbe973885f31,de_k2_5223bbe973885f31_2,46,48,False,0.7855198986413718,0.8018067046251122,0.7602641579233226,,
mock,de,en-de(synthetic),2,1,minor_fluency,minor,fluency,1,5223bbe973885f31,de_k2_5223bbe973885f31_2,46,48,False,0.8272161897118455,0.8351443897109619,0.8184043960859089,,
mock,de,en-de(synthetic),2,2,minor_fluency,minor,fluency,"0,1",5223bbe973885f31,de_k2_5223bbe973885f31_2,46,48,False,0.7864307542440737,0.7774285650812337,0.8184043960859089,,
mock,de,en-de(synthetic),2,1,major_accuracy,major,accuracy,1,5223bbe973885f31,de_k2_5223bbe973885f31_2,46,48,False,0.666381235149054,0.8351443897109619,0.5919470635042245,,
mock,de,en-de(synthetic),2,2,major_accuracy,major,accuracy,"0,1",5223bbe973885f31,de_k2_5223bbe973885f31_2,46,48,False,0.5807796399727828,0.5546606721046992,0.5919470635042245,,
mock,de,en-de(synthetic),2,1,major_fluency,major,fluency,1,5223bbe973885f31,de_k2_5223bbe973885f31_2,46,48,False,0.7631374531693992,0.8351443897109619,0.6973939316246005,,
mock,de,en-de(synthetic),2,2,major_fluency,major,fluency,"0,1",5223bbe973885f31,de_k2_5223bbe973885f31_2,46,48,False,0.6942308670230688,0.6844467478564304,0.6973939316246005,,
mock,de,en-de(synthetic),2,0,none,,,,c756225d2dde6ac0,de_k2_c756225d2dde6ac0_6,46,48,False,0.9017615754911892,0.8826776441270359,0.8944355939621211,,
mock,de,en-de(synthetic),2,1,minor_accuracy,minor,accuracy,0,c756225d2dde6ac0,de_k2_c756225d2dde6ac0_6,46,48,False,0.8054403782064918,0.748162517482757,0.8944355939621211,,
mock,de,en-de(synthetic),2,2,minor_accuracy,minor,accuracy,"0,1",c756225d2dde6ac0,de_k2_c756225d2dde6ac0_6,46,48,False,0.7280426587517796,0.748162517482757,0.7084190527909279,,
mock,de,en-de(synthetic),2,1,minor_fluency,minor,fluency,0,c756225d2dde6ac0,de_k2_c756225d2dde6ac0_6,46,48,False,0.8535074366625779,0.8233904411363155,0.8944355939621211,,
mock,de,en-de(synthetic),2,2,minor_fluency,minor,fluency,"0,1",c756225d2dde6ac0,de_k2_c756225d2dde6ac0_6,46,48,False,0.8305583530128273,0.8233904411363155,0.8170572533300515,,
mock,de,en-de(synthetic),2,1,major_accuracy,major,accuracy,0,c756225d2dde6ac0,de_k2_c756225d2dde6ac0_6,46,48,False,0.5980338852349366,0.5230973900576927,0.8944355939621211,,
mock,de,en-de(synthetic),2,2,major_accuracy,major,accuracy,"0,1",c756225d2dde6ac0,de_k2_c756225d2dde6ac0_6,46,48,False,0.5299837176070286,0.5230973900576927,0.5683327088444532,,
mock,de,en-de(synthetic),2,1,major_fluency,major,fluency,0,c756225d2dde6ac0,de_k2_c756225d2dde6ac0_6,46,48,False,0.7969296824783346,0.7347524786267475,0.8944355939621211,,
mock,de,en-de(synthetic),2,2,major_fluency,major,fluency,"0,1",c756225d2dde6ac0,de_k2_c756225d2dde6ac0_6,46,48,False,0.7143122438225045,0.7347524786267475,0.6769681818910385,,
mock,de,en-de(synthetic),2,0,none,,,,17a4930edfaf3db7,de_k2_17a4930edfaf3db7_8,46,48,False,0.8769616031413536,0.8643218561743081,0.8997725345096205,,
mock,de,en-de(synthetic),2,1,minor_accuracy,minor,accuracy,1,17a4930edfaf3db7,de_k2_17a4930edfaf3db7_8,46,48,False,0.7830044889456865,0.8643218561743081,0.7495591091666536,,
mock,de,en-de(synthetic),2,2,minor_accuracy,minor,accuracy,"0,1",17a4930edfaf3db7,de_k2_17a4930edfaf3db7_8,46,48,False,0.770463695093016,0.7752611569430493,0.7495591091666536,,
mock,de,en-de(synthetic),2,1,minor_fluency,minor,fluency,1,17a4930edfaf3db7,de_k2_17a4930edfaf3db7_8,46,48,False,0.8327629756645533,0.8643218561743081,0.8161970936611863,,
mock,de,en-de(synthetic),2,2,minor_fluency,minor,fluency,"0,1",17a4930edfaf3db7,de_k2_17a4930edfaf3db7_8,46,48,False,0.8016575546130389,0.8266496216481316,0.8161970936611863,,
mock,de,en-de(synthetic),2,1,major_accuracy,major,accuracy,1,17a4930edfaf3db7,de_k2_17a4930edfaf3db7_8,46,48,False,0.6690766520423412,0.8643218561743081,0.5892011493820368,,
mock,de,en-de(synthetic),2,2,major_accuracy,major,accuracy,"0,1",17a4930edfaf3db7,de_k2_17a4930edfaf3db7_8,46,48,False,0.5771000325826505,0.5762232144820509,0.5892011493820368,,
mock,de,en-de(synthetic),2,1,major_fluency,major,fluency,1,17a4930edfaf3db7,de_k2_17a4930edfaf3db7_8,46,48,False,0.7763278168491876,0.8643218561743081,0.7270695885149557,,
mock,de,en-de(synthetic),2,2,major_fluency,major,fluency,"0,1",17a4930edfaf3db7,de_k2_17a4930edfaf3db7_8,46,48,False,0.708058759194515,0.7092447857806541,0.7270695885149557,,
mock,de,en-de(synthetic),2,0,none,,,,d35f103f5c88d4f4,de_k2_d35f103f5c88d4f4_2,46,48,False,0.83743945879286,0.8413245513535546,0.8623081487770621,,
mock,de,en-de(synthetic),2,1,minor_accuracy,minor,accuracy,0,d35f103f5c88d4f4,de_k2_d35f103f5c88d4f4_2,46,48,False,0.7489243760832675,0.7191085854472299,0.8623081487770621,,
mock,de,en-de(synthetic),2,2,minor_accuracy,minor,accuracy,"0,1",d35f103f5c88d4f4,de_k2_d35f103f5c88d4f4_2,46,48,False,0.7487373154548017,0.7191085854472299,0.7752300260219506,,
mock,de,en-de(synthetic),2,1,minor_fluency,minor,fluency,0,d35f103f5c88d4f4,de_k2_d35f103f5c88d4f4_2,46,48,False,0.797233365957486,0.7646983431707254,0.8623081487770621,,
mock,de,en-de(synthetic),2,2,minor_fluency,minor,fluency,"0,1",d35f103f5c88d4f4,de_k2_d35f103f5c88d4f4_2,46,48,False,0.7889022912876357,0.7646983431707254,0.8213231678567972,,
mock,de,en-de(synthetic),2,1,major_accuracy,major,accuracy,0,d35f103f5c88d4f4,de_k2_d35f103f5c88d4f4_2,46,48,False,0.6273459259510269,0.5444945620092472,0.8623081487770621,,
mock,de,en-de(synthetic),2,2,major_accuracy,major,accuracy,"0,1",d35f103f5c88d4f4,de_k2_d35f103f5c88d4f4_2,46,48,False,0.5410447976735624,0.5444945620092472,0.5309331042973162,,
mock,de,en-de(synthetic),2,1,major_fluency,major,fluency,0,d35f103f5c88d4f4,de_k2_d35f103f5c88d4f4_2,46,48,False,0.7468926176240684,0.6837770969208288,0.8623081487770621,,
mock,de,en-de(synthetic),2,2,major_fluency,major,fluency,"0,1",d35f103f5c88d4f4,de_k2_d35f103f5c88d4f4_2,46,48,False,0.706440631269775,0.6837770969208288,0.7205284094342599,,
mock,de,en-de(synthetic),2,0,none,,,,3f959113e5d8fb19,de_k2_3f959113e5d8fb19_0,46,48,False,0.8821177955880435,0.8700587184647115,0.9044042356580518,,
mock,de,en-de(synthetic),2,1,minor_accuracy,minor,accuracy,1,3f959113e5d8fb19,de_k2_3f959113e5d8fb19_0,46,48,False,0.7966576833735046,0.8700587184647115,0.766038005476117,,
mock,de,en-de(synthetic),2,2,minor_accuracy,minor,accuracy,"0,1",3f959113e5d8fb19,de_k2_3f959113e5d8fb19_0,46,48,False,0.7824826763344156,0.8153626789462283,0.766038005476117,,
mock,de,en-de(synthetic),2,1,minor_fluency,minor,fluency,1,3f959113e5d8fb19,de_k2_3f959113e5d8fb19_0,46,48,False,0.8160814507463614,0.8700587184647115,0.8059458057923319,,
mock,de,en-de(synthetic),2,2,minor_fluency,minor,fluency,"0,1",3f959113e5d8fb19,de_k2_3f959113e5d8fb19_0,46,48,False,0.8127276668257506,0.8137946147961401,0.8059458057923319,,
mock,de,en-de(synthetic),2,1,major_accuracy,major,accuracy,1,3f959113e5d8fb19,de_k2_3f959113e5d8fb19_0,46,48,False,0.6412083360201005,0.8700587184647115,0.5557712957283023,,
mock,de,en-de(synthetic),2,2,major_accuracy,major,accuracy,"0,1",3f959113e5d8fb19,de_k2_3f959113e5d8fb19_0,46,48,False,0.5706943868014257,0.5872436995770121,0.5557712957283023,,
mock,de,en-de(synthetic),2,1,major_fluency,major,fluency,1,3f959113e5d8fb19,de_k2_3f959113e5d8fb19_0,46,48,False,0.7569136481304801,0.8700587184647115,0.6998587287882526,,
mock,de,en-de(synthetic),2,2,major_fluency,major,fluency,"0,1",3f959113e5d8fb19,de_k2_3f959113e5d8fb19_0,46,48,False,0.6985326246434128,0.7450620947302568,0.6998587287882526,,
mock,de,en-de(synthetic),2,0,none,,,,67a114f73a917a15,de_k2_67a114f73a917a15_4,46,48,False,0.8135143734523332,0.8010020506148084,0.8574587447552088,,
mock,de,en-de(synthetic),2,1,minor_accuracy,minor,accuracy,0,67a114f73a917a15,de_k2_67a114f73a917a15_4,46,48,False,0.8330116359163716,0.8062401842138777,0.8574587447552088,,
mock,de,en-de(synthetic),2,2,minor_accuracy,minor,accuracy,"0,1",67a114f73a917a15,de_k2_67a114f73a917a15_4,46,48,False,0.7897588736449452,0.8062401842138777,0.7596088156156063,,
mock,de,en-de(synthetic),2,1,minor_fluency,minor,fluency,0,67a114f73a917a15,de_k2_67a114f73a917a15_4,46,48,False,0.8445252484759405,0.7954803075279866,0.8574587447552088,,
mock,de,en-de(synthetic),2,2,minor_fluency,minor,fluency,"0,1",67a114f73a917a15,de_k2_67a114f73a917a15_4,46,48,False,0.7766993789596298,0.7954803075279866,0.7890124310562201,,
mock,de,en-de(synthetic),2,1,major_accuracy,major,accuracy,0,67a114f73a917a15,de_k2_67a114f73a917a15_4,46,48,False,0.609355383004207,0.5401397341205489,0.8574587447552088,,
mock,de,en-de(synthetic),2,2,major_accuracy,major,accuracy,"0,1",67a114f73a917a15,de_k2_67a114f73a917a15_4,46,48,False,0.496396538184277,0.5401397341205489,0.5005080687382002,,
mock,de,en-de(synthetic),2,1,major_fluency,major,fluency,0,67a114f73a917a15,de_k2_67a114f73a917a15_4,46,48,False,0.7526577502671986,0.7025621958112908,0.8574587447552088,,
mock,de,en-de(synthetic),2,2,major_fluency,major,fluency,"0,1",67a114f73a917a15,de_k2_67a114f73a917a15_4,46,48,False,0.7192621614425442,0.7025621958112908,0.7441304760099351,,
mock,de,en-de(synthetic),2,0,none,,,,bc2863111c8e46bc,de_k2_bc2863111c8e46bc_4,46,48,False,0.8323302776540352,0.8171411937678875,0.8636142189796479,,
mock,de,en-de(synthetic),2,1,minor_accuracy,minor,accuracy,1,bc2863111c8e46bc,de_k2_bc2863111c8e46bc_4,46,48,False,0.8102035873460806,0.8171411937678875,0.8167245305412751,,
mock,de,en-de(synthetic),2,2,minor_accuracy,minor,accuracy,"0,1",bc2863111c8e46bc,de_k2_bc2863111c8e46bc_4,46,48,False,0.7610985773695363,0.7288606722047359,0.8167245305412751,,
mock,de,en-de(synthetic),2,1,minor_fluency,minor,fluency,1,bc2863111c8e46bc,de_k2_bc2863111c8e46bc_4,46,48,False,0.8381410295088687,0.8171411937678875,0.8162268800661568,,
mock,de,en-de(synthetic),2,2,minor_fluency,minor,fluency,"0,1",bc2863111c8e46bc,de_k2_bc2863111c8e46bc_4,46,48,False,0.8065887419972043,0.7899732107403863,0.8162268800661568,,
mock,de,en-de(synthetic),2,1,major_accuracy,major,accuracy,1,bc2863111c8e46bc,de_k2_bc2863111c8e46bc_4,46,48,False,0.6169047872691069,0.8171411937678875,0.5446369809771925,,
mock,de,en-de(synthetic),2,2,major_accuracy,major,accuracy,"0,1",bc2863111c8e46bc,de_k2_bc2863111c8e46bc_4,46,48,False,0.5411128921348778,0.5397328182569747,0.5446369809771925,,
mock,de,en-de(synthetic),2,1,major_fluency,major,fluency,1,bc2863111c8e46bc,de_k2_bc2863111c8e46bc_4,46,48,False,0.7317443627255061,0.8171411937678875,0.682782574528235,,
mock,de,en-de(synthetic),2,2,major_fluency,major,fluency,"0,1",bc2863111c8e46bc,de_k2_bc2863111c8e46bc_4,46,48,False,0.6941417770026409,0.7072626698747974,0.682782574528235,,
mock,de,en-de(synthetic),2,0,none,,,,bc2863111c8e46bc,de_k2_bc2863111c8e46bc_2,46,48,False,0.8255450384951862,0.8283550012948693,0.8238303204170414,,
mock,de,en-de(synthetic),2,1,minor_accuracy,minor,accuracy,0,bc2863111c8e46bc,de_k2_bc2863111c8e46bc_2,46,48,False,0.7992336586362352,0.7676198825376637,0.8238303204170414,,
mock,de,en-de(synthetic),2,2,minor_accuracy,minor,accuracy,"0,1",bc2863111c8e46bc,de_k2_bc2863111c8e46bc_2,46,48,False,0.7474159043653008,0.7676198825376637,0.7554124279518767,,
mock,de,en-de(synthetic),2,1,minor_fluency,minor,fluency,0,bc2863111c8e46bc,de_k2_bc2863111c8e46bc_2,46,48,False,0.7956372311763135,0.8042042529615635,0.8238303204170414,,
mock,de,en-de(synthetic),2,2,minor_fluency,minor,fluency,"0,1",bc2863111c8e46bc,de_k2_bc2863111c8e46bc_2,46,48,False,0.8262646395280663,0.8042042529615635,0.8713432843781775,,
mock,de,en-de(synthetic),2,1,major_accuracy,major,accuracy,0,bc2863111c8e46bc,de_k2_bc2863111c8e46bc_2,46,48,False,0.6272122334566151,0.5528751016619948,0.8238303204170414,,
mock,de,en-de(synthetic),2,2,major_accuracy,major,accuracy,"0,1",bc2863111c8e46bc,de_k2_bc2863111c8e46bc_2,46,48,False,0.5239545882238508,0.5528751016619948,0.5179206447142277,,
mock,de,en-de(synthetic),2,1,major_fluency,major,fluency,0,bc2863111c8e46bc,de_k2_bc2863111c8e46bc_2,46,48,False,0.7222238236092229,0.6610808263337331,0.8238303204170414,,
mock,de,en-de(synthetic),2,2,major_fluency,major,fluency,"0,1",bc2863111c8e46bc,de_k2_bc2863111c8e46bc_2,46,48,False,0.6785175019711427,0.6610808263337331,0.6775566628246564,,
mock,de,en-de(synthetic),2,0,none,,,,d35f103f5c88d4f4,de_k2_d35f103f5c88d4f4_0,46,48,False,0.8115824081222185,0.8206142302457194,0.8104341216182737,,
mock,de,en-de(synthetic),2,1,minor_accuracy,minor,accuracy,1,d35f103f5c88d4f4,de_k2_d35f103f5c88d4f4_0,46,48,False,0.8083058091641434,0.8206142302457194,0.7943256502958541,,
mock,de,en-de(synthetic),2,2,minor_accuracy,minor,accuracy,"0,1",d35f103f5c88d4f4,de_k2_d35f103f5c88d4f4_0,46,48,False,0.7703008086191849,0.7658730740080606,0.7943256502958541,,
mock,de,en-de(synthetic),2,1,minor_fluency,minor,fluency,1,d35f103f5c88d4f4,de_k2_d35f103f5c88d4f4_0,46,48,False,0.8127710404155766,0.8206142302457194,0.7937694075434834,,
mock,de,en-de(synthetic),2,2,minor_fluency,minor,fluency,"0,1",d35f103f5c88d4f4,de_k2_d35f103f5c88d4f4_0,46,48,False,0.8114487431373784,0.8253378867422607,0.7937694075434834,,
mock,de,en-de(synthetic),2,1,major_accuracy,major,accuracy,1,d35f103f5c88d4f4,de_k2_d35f103f5c88d4f4_0,46,48,False,0.5986126371586658,0.8206142302457194,0.516280262759286,,
mock,de,en-de(synthetic),2,2,major_accuracy,major,accuracy,"0,1",d35f103f5c88d4f4,de_k2_d35f103f5c88d4f4_0,46,48,False,0.5289676261972469,0.5264105432110497,0.516280262759286,,
mock,de,en-de(synthetic),2,1,major_fluency,major,fluency,1,d35f103f5c88d4f4,de_k2_d35f103f5c88d4f4_0,46,48,False,0.7648646734076795,0.8206142302457194,0.7145011180310161,,
mock,de,en-de(synthetic),2,2,major_fluency,major,fluency,"0,1",d35f103f5c88d4f4,de_k2_d35f103f5c88d4f4_0,46,48,False,0.7142694450768144,0.7138518607944181,0.7145011180310161,,
mock,de,en-de(synthetic),2,0,none,,,,612dd271cfc76ac7,de_k2_612dd271cfc76ac7_0,46,48,False,0.8488624272615185,0.8668141353415725,0.8047972074209186,,
mock,de,en-de(synthetic),2,1,minor_accuracy,minor,accuracy,0,612dd271cfc76ac7,de_k2_612dd271cfc76ac7_0,46,48,False,0.7833166461610253,0.7787787308410116,0.8047972074209186,,
mock,de,en-de(synthetic),2,2,minor_accuracy,minor,accuracy,"0,1",612dd271cfc76ac7,de_k2_612dd271cfc76ac7_0,46,48,False,0.7424678761247133,0.7787787308410116,0.7368168294869908,,
mock,de,en-de(synthetic),2,1,minor_fluency,minor,fluency,0,612dd271cfc76ac7,de_k2_612dd271cfc76ac7_0,46,48,False,0.8072878457879368,0.8095490829081724,0.8047972074209186,,
mock,de,en-de(synthetic),2,2,minor_fluency,minor,fluency,"0,1",612dd271cfc76ac7,de_k2_612dd271cfc76ac7_0,46,48,False,0.7904699575417993,0.8095490829081724,0.7808517352577246,,
mock,de,en-de(synthetic),2,1,major_accuracy,major,accuracy,0,612dd271cfc76ac7,de_k2_612dd271cfc76ac7_0,46,48,False,0.5837932706227524,0.5079953919205689,0.8047972074209186,,
mock,de,en-de(synthetic),2,2,major_accuracy,major,accuracy,"0,1",612dd271cfc76ac7,de_k2_612dd271cfc76ac7_0,46,48,False,0.5202080214341659,0.5079953919205689,0.5641917477547369,,
mock,de,en-de(synthetic),2,1,major_fluency,major,fluency,0,612dd271cfc76ac7,de_k2_612dd271cfc76ac7_0,46,48,False,0.7225318863465142,0.6976767514675524,0.8047972074209186,,
mock,de,en-de(synthetic),2,2,major_fluency,major,fluency,"0,1",612dd271cfc76ac7,de_k2_612dd271cfc76ac7_0,46,48,False,0.708032772337281,0.6976767514675524,0.7528944344983923,,
mock,de,en-de(synthetic),2,0,none,,,,023f18d41d2651ce,de_k2_023f18d41d2651ce_8,46,48,False,0.8743060395435769,0.8709882137475562,0.8307961123495016,,
mock,de,en-de(synthetic),2,1,minor_accuracy,minor,accuracy,1,023f18d41d2651ce,de_k2_023f18d41d2651ce_8,46,48,False,0.8199599943341546,0.8709882137475562,0.7536230560180835,,
mock,de,en-de(synthetic),2,2,minor_accuracy,minor,accuracy,"0,1",023f18d41d2651ce,de_k2_023f18d41d2651ce_8,46,48,False,0.7466154523728914,0.7552850213054934,0.7536230560180835,,
mock,de,en-de(synthetic),2,1,minor_fluency,minor,fluency,1,023f18d41d2651ce,de_k2_023f18d41d2651ce_8,46,48,False,0.8527549045336857,0.8709882137475562,0.8295724663793052,,
mock,de,en-de(synthetic),2,2,minor_fluency,minor,fluency,"0,1",023f18d41d2651ce,de_k2_023f18d41d2651ce_8,46,48,False,0.8557609493408292,0.8702806590227226,0.8295724663793052,,
mock,de,en-de(synthetic),2,1,major_accuracy,major,accuracy,1,023f18d41d2651ce,de_k2_023f18d41d2651ce_8,46,48,False,0.616168518708032,0.8709882137475562,0.5443117254224084,,
mock,de,en-de(synthetic),2,2,major_accuracy,major,accuracy,"0,1",023f18d41d2651ce,de_k2_023f18d41d2651ce_8,46,48,False,0.5571315059324747,0.5435005693874275,0.5443117254224084,,
mock,de,en-de(synthetic),2,1,major_fluency,major,fluency,1,023f18d41d2651ce,de_k2_023f18d41d2651ce_8,46,48,False,0.7584412713140289,0.8709882137475562,0.6902672532679118,,
mock,de,en-de(synthetic),2,2,major_fluency,major,fluency,"0,1",023f18d41d2651ce,de_k2_023f18d41d2651ce_8,46,48,False,0.688415089028444,0.6614019439606124,0.6902672532679118,,
mock,de,en-de(synthetic),2,0,none,,,,db8f894f0fc2b57e,de_k2_db8f894f0fc2b57e_0,46,48,False,0.8478830266869748,0.830620458509011,0.8752318088383242,,
mock,de,en-de(synthetic),2,1,minor_accuracy,minor,accuracy,0,db8f894f0fc2b57e,de_k2_db8f894f0fc2b57e_0,46,48,False,0.8136773344162478,0.7369675980872668,0.8752318088383242,,
mock,de,en-de(synthetic),2,2,minor_accuracy,minor,accuracy,"0,1",db8f894f0fc2b57e,de_k2_db8f894f0fc2b57e_0,46,48,False,0.7540063325456843,0.7369675980872668,0.7480061191417615,,
mock,de,en-de(synthetic),2,1,minor_fluency,minor,fluency,0,db8f894f0fc2b57e,de_k2_db8f894f0fc2b57e_0,46,48,False,0.8400741654194909,0.8092783005676945,0.8752318088383242,,
mock,de,en-de(synthetic),2,2,minor_fluency,minor,fluency,"0,1",db8f894f0fc2b57e,de_k2_db8f894f0fc2b57e_0,46,48,False,0.8139769248849706,0.8092783005676945,0.8048757808923128,,
mock,de,en-de(synthetic),2,1,major_accuracy,major,accuracy,0,db8f894f0fc2b57e,de_k2_db8f894f0fc2b57e_0,46,48,False,0.6049622552275865,0.5187407054946618,0.8752318088383242,,
mock,de,en-de(synthetic),2,2,major_accuracy,major,accuracy,"0,1",db8f894f0fc2b57e,de_k2_db8f894f0fc2b57e_0,46,48,False,0.5168614240871449,0.5187407054946618,0.5243529832770051,,
mock,de,en-de(synthetic),2,1,major_fluency,major,fluency,0,db8f894f0fc2b57e,de_k2_db8f894f0fc2b57e_0,46,48,False,0.7022889264932287,0.6258303404584011,0.8752318088383242,,
mock,de,en-de(synthetic),2,2,major_fluency,major,fluency,"0,1",db8f894f0fc2b57e,de_k2_db8f894f0fc2b57e_0,46,48,False,0.6550134375708194,0.6258303404584011,0.6772031692340634,,
mock,de,en-de(synthetic),2,0,none,,,,dc2f27b8b410ffda,de_k2_dc2f27b8b410ffda_4,46,48,False,0.8189884789494883,0.8372423934241431,0.852823934061998,,
mock,de,en-de(synthetic),2,1,minor_accuracy,minor,accuracy,1,dc2f27b8b410ffda,de_k2_dc2f27b8b410ffda_4,46,48,False,0.7879540923553745,0.8372423934241431,0.756364015653282,,
mock,de,en-de(synthetic),2,2,minor_accuracy,minor,accuracy,"0,1",dc2f27b8b410ffda,de_k2_dc2f27b8b410ffda_4,46,48,False,0.7614468698782659,0.7845930774472072,0.756364015653282,,
mock,de,en-de(synthetic),2,1,minor_fluency,minor,fluency,1,dc2f27b8b410ffda,de_k2_dc2f27b8b410ffda_4,46,48,False,0.7914855562511667,0.8372423934241431,0.7823027056911334,,
mock,de,en-de(synthetic),2,2,minor_fluency,minor,fluency,"0,1",dc2f27b8b410ffda,de_k2_dc2f27b8b410ffda_4,46,48,False,0.7744506019890949,0.7838463121043798,0.7823027056911334,,
mock,de,en-de(synthetic),2,1,major_accuracy,major,accuracy,1,dc2f27b8b410ffda,de_k2_dc2f27b8b410ffda_4,46,48,False,0.6119521266241397,0.8372423934241431,0.5264577850401377,,
mock,de,en-de(synthetic),2,2,major_accuracy,major,accuracy,"0,1",dc2f27b8b410ffda,de_k2_dc2f27b8b410ffda_4,46,48,False,0.546051258190372,0.5532457308435716,0.5264577850401377,,
mock,de,en-de(synthetic),2,1,major_fluency,major,fluency,1,dc2f27b8b410ffda,de_k2_dc2f27b8b410ffda_4,46,48,False,0.7742365427345551,0.8372423934241431,0.7332445899800457,,
mock,de,en-de(synthetic),2,2,major_fluency,major,fluency,"0,1",dc2f27b8b410ffda,de_k2_dc2f27b8b410ffda_4,46,48,False,0.7409977013397767,0.7141931509264827,0.7332445899800457,,
mock,de,en-de(synthetic),2,0,none,,,,e39ed2195c14bec4,de_k2_e39ed2195c14bec4_0,46,48,False,0.8860933431443918,0.867791547166437,0.9211809929622349,,
mock,de,en-de(synthetic),2,1,minor_accuracy,minor,accuracy,0,e39ed2195c14bec4,de_k2_e39ed2195c14bec4_0,46,48,False,0.8174450821452598,0.7639545954427639,0.9211809929622349,,
mock,de,en-de(synthetic),2,2,minor_accuracy,minor,accuracy,"0,1",e39ed2195c14bec4,de_k2_e39ed2195c14bec4_0,46,48,False,0.7535725018276405,0.7639545954427639,0.7402950456939854,,
mock,de,en-de(synthetic),2,1,minor_fluency,minor,fluency,0,e39ed2195c14bec4,de_k2_e39ed2195c14bec4_0,46,48,False,0.8442977884566604,0.8012193992365024,0.9211809929622349,,
mock,de,en-de(synthetic),2,2,minor_fluency,minor,fluency,"0,1",e39ed2195c14bec4,de_k2_e39ed2195c14bec4_0,46,48,False,0.7990524868857081,0.8012193992365024,0.8052194197316814,,
mock,de,en-de(synthetic),2,1,major_accuracy,major,accuracy,0,e39ed2195c14bec4,de_k2_e39ed2195c14bec4_0,46,48,False,0.5983081605366498,0.5226299441843465,0.9211809929622349,,
mock,de,en-de(synthetic),2,2,major_accuracy,major,accuracy,"0,1",e39ed2195c14bec4,de_k2_e39ed2195c14bec4_0,46,48,False,0.48086772621361096,0.5226299441843465,0.4575421256668554,,
mock,de,en-de(synthetic),2,1,major_fluency,major,fluency,0,e39ed2195c14bec4,de_k2_e39ed2195c14bec4_0,46,48,False,0.7550228707796569,0.6729577485754462,0.9211809929622349,,
mock,de,en-de(synthetic),2,2,major_fluency,major,fluency,"0,1",e39ed2195c14bec4,de_k2_e39ed2195c14bec4_0,46,48,False,0.6787193283358853,0.6729577485754462,0.6758912578075275,,
mock,de,en-de(synthetic),2,0,none,,,,13b62911b77b955c,de_k2_13b62911b77b955c_2,46,48,False,0.8274406965461715,0.8251921988554417,0.8322769976351168,,
mock,de,en-de(synthetic),2,1,minor_accuracy,minor,accuracy,1,13b62911b77b955c,de_k2_13b62911b77b955c_2,46,48,False,0.844554729083741,0.8251921988554417,0.8420198960630082,,
mock,de,en-de(synthetic),2,2,minor_accuracy,minor,accuracy,"0,1",13b62911b77b955c,de_k2_13b62911b77b955c_2,46,48,False,0.7799883904416818,0.7273963674883036,0.8420198960630082,,
mock,de,en-de(synthetic),2,1,minor_fluency,minor,fluency,1,13b62911b77b955c,de_k2_13b62911b77b955c_2,46,48,False,0.7790343386177873,0.8251921988554417,0.751542301500958,,
mock,de,en-de(synthetic),2,2,minor_fluency,minor,fluency,"0,1",13b62911b77b955c,de_k2_13b62911b77b955c_2,46,48,False,0.7701554549900534,0.8034184447311099,0.751542301500958,,
mock,de,en-de(synthetic),2,1,major_accuracy,major,accuracy,1,13b62911b77b955c,de_k2_13b62911b77b955c_2,46,48,False,0.6443272798539819,0.8251921988554417,0.5628191479449032,,
mock,de,en-de(synthetic),2,2,major_accuracy,major,accuracy,"0,1",13b62911b77b955c,de_k2_13b62911b77b955c_2,46,48,False,0.5366819772727964,0.5274603863319027,0.5628191479449032,,
mock,de,en-de(synthetic),2,1,major_fluency,major,fluency,1,13b62911b77b955c,de_k2_13b62911b77b955c_2,46,48,False,0.7519737955299975,0.8251921988554417,0.6979747861302376,,
mock,de,en-de(synthetic),2,2,major_fluency,major,fluency,"0,1",13b62911b77b955c,de_k2_13b62911b77b955c_2,46,48,False,0.6763558608848169,0.6866653534245085,0.6979747861302376,,
mock,de,en-de(synthetic),2,0,none,,,,f19263aee11daa1a,de_k2_f19263aee11daa1a_6,46,48,False,0.8535671116780863,0.8479037415021569,0.860607006472682,,
mock,de,en-de(synthetic),2,1,minor_accuracy,minor,accuracy,0,f19263aee11daa1a,de_k2_f19263aee11daa1a_6,46,48,False,0.8155122263351922,0.7962518149830704,0.860607006472682,,
mock,de,en-de(synthetic),2,2,minor_accuracy,minor,accuracy,"0,1",f19263aee11daa1a,de_k2_f19263aee11daa1a_6,46,48,False,0.7637864117757045,0.7962518149830704,0.7248733366754839,,
mock,de,en-de(synthetic),2,1,minor_fluency,minor,fluency,0,f19263aee11daa1a,de_k2_f19263aee11daa1a_6,46,48,False,0.8089145464360492,0.799521324198857,0.860607006472682,,
mock,de,en-de(synthetic),2,2,minor_fluency,minor,fluency,"0,1",f19263aee11daa1a,de_k2_f19263aee11daa1a_6,46,48,False,0.8040536035737452,0.799521324198857,0.7965968825218024,,
mock,de,en-de(synthetic),2,1,major_accuracy,major,accuracy,0,f19263aee11daa1a,de_k2_f19263aee11daa1a_6,46,48,False,0.6425208097578411,0.5702604695946203,0.860607006472682,,
mock,de,en-de(synthetic),2,2,major_accuracy,major,accuracy,"0,1",f19263aee11daa1a,de_k2_f19263aee11daa1a_6,46,48,False,0.5528385733463717,0.5702604695946203,0.5466411759046412,,
mock,de,en-de(synthetic),2,1,major_fluency,major,fluency,0,f19263aee11daa1a,de_k2_f19263aee11daa1a_6,46,48,False,0.7341354402808964,0.6574157806717656,0.860607006472682,,
mock,de,en-de(synthetic),2,2,major_fluency,major,fluency,"0,1",f19263aee11daa1a,de_k2_f19263aee11daa1a_6,46,48,False,0.6770911286019511,0.6574157806717656,0.7344801444942439,,
mock,de,en-de(synthetic),2,0,none,,,,b37ebbb312b6ee73,de_k2_b37ebbb312b6ee73_6,46,48,False,0.8302197340060504,0.8182945583273474,0.8414743131617662,,
mock,de,en-de(synthetic),2,1,minor_accuracy,minor,accuracy,1,b37ebbb312b6ee73,de_k2_b37ebbb312b6ee73_6,46,48,False,0.7695730951404742,0.8182945583273474,0.72993661889297,,
mock,de,en-de(synthetic),2,2,minor_accuracy,minor,accuracy,"0,1",b37ebbb312b6ee73,de_k2_b37ebbb312b6ee73_6,46,48,False,0.7632369684248231,0.8069250517771313,0.72993661889297,,
mock,de,en-de(synthetic),2,1,minor_fluency,minor,fluency,1,b37ebbb312b6ee73,de_k2_b37ebbb312b6ee73_6,46,48,False,0.8357748642594729,0.8182945583273474,0.8116908780390081,,
mock,de,en-de(synthetic),2,2,minor_fluency,minor,fluency,"0,1",b37ebbb312b6ee73,de_k2_b37ebbb312b6ee73_6,46,48,False,0.8028396822736812,0.7832963333843752,0.8116908780390081,,
mock,de,en-de(synthetic),2,1,major_accuracy,major,accuracy,1,b37ebbb312b6ee73,de_k2_b37ebbb312b6ee73_6,46,48,False,0.6549163636935604,0.8182945583273474,0.5746420342173246,,
mock,de,en-de(synthetic),2,2,major_accuracy,major,accuracy,"0,1",b37ebbb312b6ee73,de_k2_b37ebbb312b6ee73_6,46,48,False,0.5450705944464111,0.5513507215661373,0.5746420342173246,,
mock,de,en-de(synthetic),2,1,major_fluency,major,fluency,1,b37ebbb312b6ee73,de_k2_b37ebbb312b6ee73_6,46,48,False,0.7496347977530006,0.8182945583273474,0.6887901699071499,,
mock,de,en-de(synthetic),2,2,major_fluency,major,fluency,"0,1",b37ebbb312b6ee73,de_k2_b37ebbb312b6ee73_6,46,48,False,0.717658335407691,0.708566910737712,0.6887901699071499,,
mock,de,en-de(synthetic),2,0,none,,,,13b62911b77b955c,de_k2_13b62911b77b955c_0,46,48,False,0.8328970117914701,0.8399872365736931,0.8270949756671839,,
mock,de,en-de(synthetic),2,1,minor_accuracy,minor,accuracy,0,13b62911b77b955c,de_k2_13b62911b77b955c_0,46,48,False,0.8075688276972582,0.7784935300769336,0.8270949756671839,,
mock,de,en-de(synthetic),2,2,minor_accuracy,minor,accuracy,"0,1",13b62911b77b955c,de_k2_13b62911b77b955c_0,46,48,False,0.7523243023691896,0.7784935300769336,0.7338673618622419,,
mock,de,en-de(synthetic),2,1,minor_fluency,minor,fluency,0,13b62911b77b955c,de_k2_13b62911b77b955c_0,46,48,False,0.8129580860584175,0.7886744178540331,0.8270949756671839,,
mock,de,en-de(synthetic),2,2,minor_fluency,minor,fluency,"0,1",13b62911b77b955c,de_k2_13b62911b77b955c_0,46,48,False,0.7898605042862242,0.7886744178540331,0.7830840796225067,,
mock,de,en-de(synthetic),2,1,major_accuracy,major,accuracy,0,13b62911b77b955c,de_k2_13b62911b77b955c_0,46,48,False,0.6699884992508719,0.6041895787646308,0.8270949756671839,,
mock,de,en-de(synthetic),2,2,major_accuracy,major,accuracy,"0,1",13b62911b77b955c,de_k2_13b62911b77b955c_0,46,48,False,0.5684999993501679,0.6041895787646308,0.5451370287579076,,
mock,de,en-de(synthetic),2,1,major_fluency,major,fluency,0,13b62911b77b955c,de_k2_13b62911b77b955c_0,46,48,False,0.6902116791829022,0.6250787439880362,0.8270949756671839,,
mock,de,en-de(synthetic),2,2,major_fluency,major,fluency,"0,1",13b62911b77b955c,de_k2_13b62911b77b955c_0,46,48,False,0.6200744110650045,0.6250787439880362,0.65419920759376,,
mock,de,en-de(synthetic),2,0,none,,,,35f0132b45900329,de_k2_35f0132b45900329_0,46,48,False,0.8408501590112192,0.871797744874148,0.8124872692741271,,
mock,de,en-de(synthetic),2,1,minor_accuracy,minor,accuracy,1,35f0132b45900329,de_k2_35f0132b45900329_0,46,48,False,0.8343207668900487,0.871797744874148,0.7987515290409112,,
mock,de,en-de(synthetic),2,2,minor_accuracy,minor,accuracy,"0,1",35f0132b45900329,de_k2_35f0132b45900329_0,46,48,False,0.7604125323328227,0.7601740861382269,0.7987515290409112,,
mock,de,en-de(synthetic),2,1,minor_fluency,minor,fluency,1,35f0132b45900329,de_k2_35f0132b45900329_0,46,48,False,0.8129214130467207,0.871797744874148,0.7772382984942013,,
mock,de,en-de(synthetic),2,2,minor_fluency,minor,fluency,"0,1",35f0132b45900329,de_k2_35f0132b45900329_0,46,48,False,0.8075149834011379,0.8119546738598866,0.7772382984942013,,
mock,de,en-de(synthetic),2,1,major_accuracy,major,accuracy,1,35f0132b45900329,de_k2_35f0132b45900329_0,46,48,False,0.6806128716289495,0.871797744874148,0.5943154792127001,,
mock,de,en-de(synthetic),2,2,major_accuracy,major,accuracy,"0,1",35f0132b45900329,de_k2_35f0132b45900329_0,46,48,False,0.5706898588143219,0.554774098937491,0.5943154792127001,,
mock,de,en-de(synthetic),2,1,major_fluency,major,fluency,1,35f0132b45900329,de_k2_35f0132b45900329_0,46,48,False,0.7515184062424838,0.871797744874148,0.686224474491589,,
mock,de,en-de(synthetic),2,2,major_fluency,major,fluency,"0,1",35f0132b45900329,de_k2_35f0132b45900329_0,46,48,False,0.6682159885646867,0.6831288838857591,0.686224474491589,,
mock,de,en-de(synthetic),2,0,none,,,,a1188c572802588e,de_k2_a1188c572802588e_6,46,48,False,0.8207171632897984,0.8319910679741116,0.8189010699815068,,
mock,de,en-de(synthetic),2,1,minor_accuracy,minor,accuracy,0,a1188c572802588e,de_k2_a1188c572802588e_6,46,48,False,0.8008684218591053,0.7733953758019433,0.8189010699815068,,
mock,de,en-de(synthetic),2,2,minor_accuracy,minor,accuracy,"0,1",a1188c572802588e,de_k2_a1188c572802588e_6,46,48,False,0.7513034832568827,0.7733953758019433,0.7392405528792406,,
mock,de,en-de(synthetic),2,1,minor_fluency,minor,fluency,0,a1188c572802588e,de_k2_a1188c572802588e_6,46,48,False,0.7803209093886808,0.7573381202695421,0.8189010699815068,,
mock,de,en-de(synthetic),2,2,minor_fluency,minor,fluency,"0,1",a1188c572802588e,de_k2_a1188c572802588e_6,46,48,False,0.7903492226199222,0.7573381202695421,0.8036421777682582,,
mock,de,en-de(synthetic),2,1,major_accuracy,major,accuracy,0,a1188c572802588e,de_k2_a1188c572802588e_6,46,48,False,0.5821873057902718,0.5175177776304374,0.8189010699815068,,
mock,de,en-de(synthetic),2,2,major_accuracy,major,accuracy,"0,1",a1188c572802588e,de_k2_a1188c572802588e_6,46,48,False,0.5223346557032588,0.5175177776304374,0.5469646765534393,,
mock,de,en-de(synthetic),2,1,major_fluency,major,fluency,0,a1188c572802588e,de_k2_a1188c572802588e_6,46,48,False,0.7366008308446264,0.6858194496336489,0.8189010699815068,,
mock,de,en-de(synthetic),2,2,major_fluency,major,fluency,"0,1",a1188c572802588e,de_k2_a1188c572802588e_6,46,48,False,0.6880914100383767,0.6858194496336489,0.7139516619455247,,
mock,de,en-de(synthetic),2,0,none,,,,5bfed2e9eb424112,de_k2_5bfed2e9eb424112_0,46,48,False,0.8121392660815373,0.7858784727053253,0.843857868740795,,
mock,de,en-de(synthetic),2,1,minor_accuracy,minor,accuracy,1,5bfed2e9eb424112,de_k2_5bfed2e9eb424112_0,46,48,False,0.7788871571806328,0.7858784727053253,0.7783898198202879,,
mock,de,en-de(synthetic),2,2,minor_accuracy,minor,accuracy,"0,1",5bfed2e9eb424112,de_k2_5bfed2e9eb424112_0,46,48,False,0.7792484914178036,0.777224912744708,0.7783898198202879,,
mock,de,en-de(synthetic),2,1,minor_fluency,minor,fluency,1,5bfed2e9eb424112,de_k2_5bfed2e9eb424112_0,46,48,False,0.7893202542300497,0.7858784727053253,0.7862655700775831,,
mock,de,en-de(synthetic),2,2,minor_fluency,minor,fluency,"0,1",5bfed2e9eb424112,de_k2_5bfed2e9eb424112_0,46,48,False,0.7559455570338544,0.731454935717236,0.7862655700775831,,
mock,de,en-de(synthetic),2,1,major_accuracy,major,accuracy,1,5bfed2e9eb424112,de_k2_5bfed2e9eb424112_0,46,48,False,0.6591729724497347,0.7858784727053253,0.5961600819017223,,
mock,de,en-de(synthetic),2,2,major_accuracy,major,accuracy,"0,1",5bfed2e9eb424112,de_k2_5bfed2e9eb424112_0,46,48,False,0.5266929493573606,0.4880828687960655,0.5961600819017223,,
mock,de,en-de(synthetic),2,1,major_fluency,major,fluency,1,5bfed2e9eb424112,de_k2_5bfed2e9eb424112_0,46,48,False,0.7678880437056232,0.7858784727053253,0.7131436995055405,,
mock,de,en-de(synthetic),2,2,major_fluency,major,fluency,"0,1",5bfed2e9eb424112,de_k2_5bfed2e9eb424112_0,46,48,False,0.7002638420797311,0.6960635878657389,0.7131436995055405,,
mock,de,en-de(synthetic),2,0,none,,,,85fb7ea9ebc20662,de_k2_85fb7ea9ebc20662_6,46,48,False,0.827972440960705,0.8353609065741541,0.8581281431323509,,
mock,de,en-de(synthetic),2,1,minor_accuracy,minor,accuracy,0,85fb7ea9ebc20662,de_k2_85fb7ea9ebc20662_6,46,48,False,0.8297576239111333,0.7863062797441873,0.8581281431323509,,
mock,de,en-de(synthetic),2,2,minor_accuracy,minor,accuracy,"0,1",85fb7ea9ebc20662,de_k2_85fb7ea9ebc20662_6,46,48,False,0.7785360094932541,0.7863062797441873,0.7751155747791441,,
mock,de,en-de(synthetic),2,1,minor_fluency,minor,fluency,0,85fb7ea9ebc20662,de_k2_85fb7ea9ebc20662_6,46,48,False,0.8313084524112072,0.8270691488203308,0.8581281431323509,,
mock,de,en-de(synthetic),2,2,minor_fluency,minor,fluency,"0,1",85fb7ea9ebc20662,de_k2_85fb7ea9ebc20662_6,46,48,False,0.8376467595572025,0.8270691488203308,0.8482655973281528,,
mock,de,en-de(synthetic),2,1,major_accuracy,major,accuracy,0,85fb7ea9ebc20662,de_k2_85fb7ea9ebc20662_6,46,48,False,0.6119442440659497,0.5334070065689265,0.8581281431323509,,
mock,de,en-de(synthetic),2,2,major_accuracy,major,accuracy,"0,1",85fb7ea9ebc20662,de_k2_85fb7ea9ebc20662_6,46,48,False,0.564395848993668,0.5334070065689265,0.5815038766400182,,
mock,de,en-de(synthetic),2,1,major_fluency,major,fluency,0,85fb7ea9ebc20662,de_k2_85fb7ea9ebc20662_6,46,48,False,0.7374738494844596,0.6659181410496812,0.8581281431323509,,
mock,de,en-de(synthetic),2,2,major_fluency,major,fluency,"0,1",85fb7ea9ebc20662,de_k2_85fb7ea9ebc20662_6,46,48,False,0.6994992030175653,0.6659181410496812,0.7423945697920875,,
mock,de,en-de(synthetic),2,0,none,,,,54388b3c6278da69,de_k2_54388b3c6278da69_0,46,48,False,0.8592575187407392,0.8572769684179221,0.8579149115076062,,
mock,de,en-de(synthetic),2,1,minor_accuracy,minor,accuracy,1,54388b3c6278da69,de_k2_54388b3c6278da69_0,46,48,False,0.8292808253658758,0.8572769684179221,0.8026535300383113,,
mock,de,en-de(synthetic),2,2,minor_accuracy,minor,accuracy,"0,1",54388b3c6278da69,de_k2_54388b3c6278da69_0,46,48,False,0.7729427592193167,0.7605659094226754,0.8026535300383113,,
mock,de,en-de(synthetic),2,1,minor_fluency,minor,fluency,1,54388b3c6278da69,de_k2_54388b3c6278da69_0,46,48,False,0.8030424517182659,0.8572769684179221,0.7700999444694199,,
mock,de,en-de(synthetic),2,2,minor_fluency,minor,fluency,"0,1",54388b3c6278da69,de_k2_54388b3c6278da69_0,46,48,False,0.7902614181220166,0.798527083503054,0.7700999444694199,,
mock,de,en-de(synthetic),2,1,major_accuracy,major,accuracy,1,54388b3c6278da69,de_k2_54388b3c6278da69_0,46,48,False,0.6259535258289527,0.8572769684179221,0.5449167978633762,,
mock,de,en-de(synthetic),2,2,major_accuracy,major,accuracy,"0,1",54388b3c6278da69,de_k2_54388b3c6278da69_0,46,48,False,0.5681671751325612,0.6192473582020668,0.5449167978633762,,
mock,de,en-de(synthetic),2,1,major_fluency,major,fluency,1,54388b3c6278da69,de_k2_54388b3c6278da69_0,46,48,False,0.7828696468044789,0.8572769684179221,0.7321410696198504,,
mock,de,en-de(synthetic),2,2,major_fluency,major,fluency,"0,1",54388b3c6278da69,de_k2_54388b3c6278da69_0,46,48,False,0.6809683593293642,0.657836157621769,0.7321410696198504,,
mock,de,en-de(synthetic),2,0,none,,,,db8f894f0fc2b57e,de_k2_db8f894f0fc2b57e_2,46,48,False,0.8541713196758799,0.8356782606409522,0.8759414387570909,,
mock,de,en-de(synthetic),2,1,minor_accuracy,minor,accuracy,0,db8f894f0fc2b57e,de_k2_db8f894f0fc2b57e_2,46,48,False,0.7956761740030124,0.7403967527164402,0.8759414387570909,,
mock,de,en-de(synthetic),2,2,minor_accuracy,minor,accuracy,"0,1",db8f894f0fc2b57e,de_k2_db8f894f0fc2b57e_2,46,48,False,0.7360624890922065,0.7403967527164402,0.7406710269901322,,
mock,de,en-de(synthetic),2,1,minor_fluency,minor,fluency,0,db8f894f0fc2b57e,de_k2_db8f894f0fc2b57e_2,46,48,False,0.8672682825505424,0.8416103843348133,0.8759414387570909,,
mock,de,en-de(synthetic),2,2,minor_fluency,minor,fluency,"0,1",db8f894f0fc2b57e,de_k2_db8f894f0fc2b57e_2,46,48,False,0.8102471345827152,0.8416103843348133,0.7907058959968905,,
mock,de,en-de(synthetic),2,1,major_accuracy,major,accuracy,0,db8f894f0fc2b57e,de_k2_db8f894f0fc2b57e_2,46,48,False,0.5466058061156605,0.4799260313214803,0.8759414387570909,,
mock,de,en-de(synthetic),2,2,major_accuracy,major,accuracy,"0,1",db8f894f0fc2b57e,de_k2_db8f894f0fc2b57e_2,46,48,False,0.5282513611629198,0.4799260313214803,0.5711504625161765,,
mock,de,en-de(synthetic),2,1,major_fluency,major,fluency,0,db8f894f0fc2b57e,de_k2_db8f894f0fc2b57e_2,46,48,False,0.7736650434395365,0.7252548436597336,0.8759414387570909,,
mock,de,en-de(synthetic),2,2,major_fluency,major,fluency,"0,1",db8f894f0fc2b57e,de_k2_db8f894f0fc2b57e_2,46,48,False,0.7278239487686351,0.7252548436597336,0.7221335848501543,,
mock,de,en-de(synthetic),2,0,none,,,,c7acb789999acb43,de_k2_c7acb789999acb43_4,46,48,False,0.8395615742335194,0.815714902428799,0.834857310891399,,
mock,de,en-de(synthetic),2,1,minor_accuracy,minor,accuracy,1,c7acb789999acb43,de_k2_c7acb789999acb43_4,46,48,False,0.8092653149099176,0.815714902428799,0.8165719760870561,,
mock,de,en-de(synthetic),2,2,minor_accuracy,minor,accuracy,"0,1",c7acb789999acb43,de_k2_c7acb789999acb43_4,46,48,False,0.8308709707566292,0.8144012086242803,0.8165719760870561,,
mock,de,en-de(synthetic),2,1,minor_fluency,minor,fluency,1,c7acb789999acb43,de_k2_c7acb789999acb43_4,46,48,False,0.833577546902447,0.815714902428799,0.8119683259254226,,
mock,de,en-de(synthetic),2,2,minor_fluency,minor,fluency,"0,1",c7acb789999acb43,de_k2_c7acb789999acb43_4,46,48,False,0.799725371707616,0.7948851446198699,0.8119683259254226,,
mock,de,en-de(synthetic),2,1,major_accuracy,major,accuracy,1,c7acb789999acb43,de_k2_c7acb789999acb43_4,46,48,False,0.6141779968160949,0.815714902428799,0.5343269633578145,,
mock,de,en-de(synthetic),2,2,major_accuracy,major,accuracy,"0,1",c7acb789999acb43,de_k2_c7acb789999acb43_4,46,48,False,0.5610462378977582,0.5955064900241374,0.5343269633578145,,
mock,de,en-de(synthetic),2,1,major_fluency,major,fluency,1,c7acb789999acb43,de_k2_c7acb789999acb43_4,46,48,False,0.7384442525028863,0.815714902428799,0.6801869144800167,,
mock,de,en-de(synthetic),2,2,major_fluency,major,fluency,"0,1",c7acb789999acb43,de_k2_c7acb789999acb43_4,46,48,False,0.6660977302283904,0.6825920562918488,0.6801869144800167,,
mock,de,en-de(synthetic),2,0,none,,,,030ef2c89e37167d,de_k2_030ef2c89e37167d_2,46,48,False,0.8521964291018423,0.8523431852424637,0.8809030552638483,,
mock,de,en-de(synthetic),2,1,minor_accuracy,minor,accuracy,0,030ef2c89e37167d,de_k2_030ef2c89e37167d_2,46,48,False,0.804331131635387,0.7629829441826269,0.8809030552638483,,
mock,de,en-de(synthetic),2,2,minor_accuracy,minor,accuracy,"0,1",030ef2c89e37167d,de_k2_030ef2c89e37167d_2,46,48,False,0.7853139359430472,0.7629829441826269,0.7741704180612876,,
mock,de,en-de(synthetic),2,1,minor_fluency,minor,fluency,0,030ef2c89e37167d,de_k2_030ef2c89e37167d_2,46,48,False,0.8364874716139851,0.7835521709672069,0.8809030552638483,,
mock,de,en-de(synthetic),2,2,minor_fluency,minor,fluency,"0,1",030ef2c89e37167d,de_k2_030ef2c89e37167d_2,46,48,False,0.76809216740613,0.7835521709672069,0.7529136583362629,,
mock,de,en-de(synthetic),2,1,major_accuracy,major,accuracy,0,030ef2c89e37167d,de_k2_030ef2c89e37167d_2,46,48,False,0.6261997931174881,0.5637305845978389,0.8809030552638483,,
mock,de,en-de(synthetic),2,2,major_accuracy,major,accuracy,"0,1",030ef2c89e37167d,de_k2_030ef2c89e37167d_2,46,48,False,0.5393782794266954,0.5637305845978389,0.5244281622547309,,
mock,de,en-de(synthetic),2,1,major_fluency,major,fluency,0,030ef2c89e37167d,de_k2_030ef2c89e37167d_2,46,48,False,0.7686673186350914,0.7117269801112998,0.8809030552638483,,
mock,de,en-de(synthetic),2,2,major_fluency,major,fluency,"0,1",030ef2c89e37167d,de_k2_030ef2c89e37167d_2,46,48,False,0.6965962652491838,0.7117269801112998,0.6992886832530198,,
mock,de,en-de(synthetic),2,0,none,,,,cc8aa7e2eeb9ed41,de_k2_cc8aa7e2eeb9ed41_0,46,48,False,0.8301386757926004,0.7942180313748866,0.9066366227815067,,
mock,de,en-de(synthetic),2,1,minor_accuracy,minor,accuracy,1,cc8aa7e2eeb9ed41,de_k2_cc8aa7e2eeb9ed41_0,46,48,False,0.7833733547288335,0.7942180313748866,0.7816237504040429,,
mock,de,en-de(synthetic),2,2,minor_accuracy,minor,accuracy,"0,1",cc8aa7e2eeb9ed41,de_k2_cc8aa7e2eeb9ed41_0,46,48,False,0.7730943837946744,0.7482957160790054,0.7816237504040429,,
mock,de,en-de(synthetic),2,1,minor_fluency,minor,fluency,1,cc8aa7e2eeb9ed41,de_k2_cc8aa7e2eeb9ed41_0,46,48,False,0.815168631120593,0.7942180313748866,0.8193616801964513,,
mock,de,en-de(synthetic),2,2,minor_fluency,minor,fluency,"0,1",cc8aa7e2eeb9ed41,de_k2_cc8aa7e2eeb9ed41_0,46,48,False,0.8415141536415081,0.8520528674580851,0.8193616801964513,,
mock,de,en-de(synthetic),2,1,major_accuracy,major,accuracy,1,cc8aa7e2eeb9ed41,de_k2_cc8aa7e2eeb9ed41_0,46,48,False,0.6191595411223688,0.7942180313748866,0.5294361332437307,,
mock,de,en-de(synthetic),2,2,major_accuracy,major,accuracy,"0,1",cc8aa7e2eeb9ed41,de_k2_cc8aa7e2eeb9ed41_0,46,48,False,0.5491010444427493,0.5423850314250571,0.5294361332437307,,
mock,de,en-de(synthetic),2,1,major_fluency,major,fluency,1,cc8aa7e2eeb9ed41,de_k2_cc8aa7e2eeb9ed41_0,46,48,False,0.7111713617268883,0.7942180313748866,0.6683245774693898,,
mock,de,en-de(synthetic),2,2,major_fluency,major,fluency,"0,1",cc8aa7e2eeb9ed41,de_k2_cc8aa7e2eeb9ed41_0,46,48,False,0.6689476276997658,0.6753216818783245,0.6683245774693898,,
mock,de,en-de(synthetic),4,0,none,,,,c756225d2dde6ac0,de_k4_c756225d2dde6ac0_0,90,95,False,0.8775615425891714,0.8740502264921066,0.8565718379933555,0.8762063322903992,0.826211034149761
mock,de,en-de(synthetic),4,1,minor_accuracy,minor,accuracy,0,c756225d2dde6ac0,de_k4_c756225d2dde6ac0_0,90,95,False,0.8275810410234928,0.7683225721727367,0.8565718379933555,0.8762063322903992,0.826211034149761
mock,de,en-de(synthetic),4,2,minor_accuracy,minor,accuracy,"0,1",c756225d2dde6ac0,de_k4_c756225d2dde6ac0_0,90,95,False,0.8034824182352593,0.7683225721727367,0.7492897005303839,0.8762063322903992,0.826211034149761
mock,de,en-de(synthetic),4,3,minor_accuracy,minor,accuracy,"0,1,2",c756225d2dde6ac0,de_k4_c756225d2dde6ac0_0,90,95,False,0.7894482025672005,0.7683225721727367,0.7492897005303839,0.7880805087439051,0.826211034149761
mock,de,en-de(synthetic),4,4,minor_accuracy,minor,accuracy,"0,1,2,3",c756225d2dde6ac0,de_k4_c756225d2dde6ac0_0,90,95,False,0.7818704459206413,0.7683225721727367,0.7492897005303839,0.7880805087439051,0.7795310588350879
mock,de,en-de(synthetic),4,1,minor_fluency,minor,fluency,0,c756225d2dde6ac0,de_k4_c756225d2dde6ac0_0,90,95,False,0.8406067558531154,0.8156439227635811,0.8565718379933555,0.8762063322903992,0.826211034149761
mock,de,en-de(synthetic),4,2,minor_fluency,minor,fluency,"0,1",c756225d2dde6ac0,de_k4_c756225d2dde6ac0_0,90,95,False,0.819823530126619,0.8156439227635811,0.7659834965815242,0.8762063322903992,0.826211034149761
mock,de,en-de(synthetic),4,3,minor_fluency,minor,fluency,"0,1,2",c756225d2dde6ac0,de_k4_c756225d2dde6ac0_0,90,95,False,0.8082817131287768,0.8156439227635811,0.7659834965815242,0.823850987612696,0.826211034149761
mock,de,en-de(synthetic),4,4,minor_fluency,minor,fluency,"0,1,2,3",c756225d2dde6ac0,de_k4_c756225d2dde6ac0_0,90,95,False,0.807300140257677,0.8156439227635811,0.7659834965815242,0.823850987612696,0.7733606082206168
mock,de,en-de(synthetic),4,1,major_accuracy,major,accuracy,0,c756225d2dde6ac0,de_k4_c756225d2dde6ac0_0,90,95,False,0.7007354990406124,0.5516021115884291,0.8565718379933555,0.8762063322903992,0.826211034149761
mock,de,en-de(synthetic),4,2,major_accuracy,major,accuracy,"0,1",c756225d2dde6ac0,de_k4_c756225d2dde6ac0_0,90,95,False,0.5803138537740147,0.5516021115884291,0.4768815051006166,0.8762063322903992,0.826211034149761
mock,de,en-de(synthetic),4,3,major_accuracy,major,accuracy,"0,1,2",c756225d2dde6ac0,de_k4_c756225d2dde6ac0_0,90,95,False,0.5624628741327059,0.5516021115884291,0.4768815051006166,0.5815404375308599,0.826211034149761
mock,de,en-de(synthetic),4,4,major_accuracy,major,accuracy,"0,1,2,3",c756225d2dde6ac0,de_k4_c756225d2dde6ac0_0,90,95,False,0.5430914336692397,0.5516021115884291,0.4768815051006166,0.5815404375308599,0.5649575200291561
mock,de,en-de(synthetic),4,1,major_fluency,major,fluency,0,c756225d2dde6ac0,de_k4_c756225d2dde6ac0_0,90,95,False,0.8057066631933933,0.7199979038027232,0.8565718379933555,0.8762063322903992,0.826211034149761
mock,de,en-de(synthetic),4,2,major_fluency,major,fluency,"0,1",c756225d2dde6ac0,de_k4_c756225d2dde6ac0_0,90,95,False,0.7868036246666091,0.7199979038027232,0.7160160437300778,0.8762063322903992,0.826211034149761
mock,de,en-de(synthetic),4,3,major_fluency,major,fluency,"0,1,2",c756225d2dde6ac0,de_k4_c756225d2dde6ac0_0,90,95,False,0.7247995972329808,0.7199979038027232,0.7160160437300778,0.6707302856500253,0.826211034149761
mock,de,en-de(synthetic),4,4,major_fluency,major,fluency,"0,1,2,3",c756225d2dde6ac0,de_k4_c756225d2dde6ac0_0,90,95,False,0.6671901543456403,0.7199979038027232,0.7160160437300778,0.6707302856500253,0.6551653996637972
mock,de,en-de(synthetic),4,0,none,,,,780bfb7d74ebf212,de_k4_780bfb7d74ebf212_0,90,95,False,0.8670598919521287,0.8918193778064644,0.9060899399986713,0.8680277562372327,0.8584789875374821
mock,de,en-de(synthetic),4,1,minor_accuracy,minor,accuracy,1,780bfb7d74ebf212,de_k4_780bfb7d74ebf212_0,90,95,False,0.8691632194920795,0.8918193778064644,0.829243192674639,0.8680277562372327,0.8584789875374821
mock,de,en-de(synthetic),4,2,minor_accuracy,minor,accuracy,"0,2",780bfb7d74ebf212,de_k4_780bfb7d74ebf212_0,90,95,False,0.8235603492177588,0.7850098836031667,0.9060899399986713,0.7302635168817246,0.8584789875374821
mock,de,en-de(synthetic),4,3,minor_accuracy,minor,accuracy,"0,1,3",780bfb7d74ebf212,de_k4_780bfb7d74ebf212_0,90,95,False,0.8115907703452422,0.7850098836031667,0.829243192674639,0.8680277562372327,0.7756715165876138
mock,de,en-de(synthetic),4,4,minor_accuracy,minor,accuracy,"0,1,2,3",780bfb7d74ebf212,de_k4_780bfb7d74ebf212_0,90,95,False,0.776642011346742,0.7850098836031667,0.829243192674639,0.7302635168817246,0.7756715165876138
mock,de,en-de(synthetic),4,1,minor_fluency,minor,fluency,1,780bfb7d74ebf212,de_k4_780bfb7d74ebf212_0,90,95,False,0.8331863545228494,0.8918193778064644,0.7667135573502545,0.8680277562372327,0.8584789875374821
mock,de,en-de(synthetic),4,2,minor_fluency,minor,fluency,"0,2",780bfb7d74ebf212,de_k4_780bfb7d74ebf212_0,90,95,False,0.823695500443009,0.7693593842017309,0.9060899399986713,0.7883973912069054,0.8584789875374821
mock,de,en-de(synthetic),4,3,minor_fluency,minor,fluency,"0,1,3",780bfb7d74ebf212,de_k4_780bfb7d74ebf212_0,90,95,False,0.7804801134999383,0.7693593842017309,0.7667135573502545,0.8680277562372327,0.7999573784062024
mock,de,en-de(synthetic),4,4,minor_fluency,minor,fluency,"0,1,2,3",780bfb7d74ebf212,de_k4_780bfb7d74ebf212_0,90,95,False,0.7830283641612555,0.7693593842017309,0.7667135573502545,0.7883973912069054,0.7999573784062024
mock,de,en-de(synthetic),4,1,major_accuracy,major,accuracy,1,780bfb7d74ebf212,de_k4_780bfb7d74ebf212_0,90,95,False,0.6974840831431411,0.8918193778064644,0.5364857668424139,0.8680277562372327,0.8584789875374821
mock,de,en-de(synthetic),4,2,major_accuracy,major,accuracy,"0,2",780bfb7d74ebf212,de_k4_780bfb7d74ebf212_0,90,95,False,0.6482754625554957,0.547518507302313,0.9060899399986713,0.5801392346285772,0.8584789875374821
mock,de,en-de(synthetic),4,3,major_accuracy,major,accuracy,"0,1,3",780bfb7d74ebf212,de_k4_780bfb7d74ebf212_0,90,95,False,0.5705418159597506,0.547518507302313,0.5364857668424139,0.8680277562372327,0.5668133534720026
mock,de,en-de(synthetic),4,4,major_accuracy,major,accuracy,"0,1,2,3",780bfb7d74ebf212,de_k4_780bfb7d74ebf212_0,90,95,False,0.5516971690708,0.547518507302313,0.5364857668424139,0.5801392346285772,0.5668133534720026
mock,de,en-de(synthetic),4,1,major_fluency,major,fluency,1,780bfb7d74ebf212,de_k4_780bfb7d74ebf212_0,90,95,False,0.8061456581809964,0.8918193778064644,0.7244061337220242,0.8680277562372327,0.8584789875374821
mock,de,en-de(synthetic),4,2,major_fluency,major,fluency,"0,2",780bfb7d74ebf212,de_k4_780bfb7d74ebf212_0,90,95,False,0.754320457750317,0.6828941510293358,0.9060899399986713,0.6863044926001621,0.8584789875374821
mock,de,en-de(synthetic),4,3,major_fluency,major,fluency,"0,1,3",780bfb7d74ebf212,de_k4_780bfb7d74ebf212_0,90,95,False,0.7108572343373141,0.6828941510293358,0.7244061337220242,0.8680277562372327,0.6399458671210416
mock,de,en-de(synthetic),4,4,major_fluency,major,fluency,"0,1,2,3",780bfb7d74ebf212,de_k4_780bfb7d74ebf212_0,90,95,False,0.6933503582402688,0.6828941510293358,0.7244061337220242,0.6863044926001621,0.6399458671210416
mock,de,en-de(synthetic),4,0,none,,,,5bfed2e9eb424112,de_k4_5bfed2e9eb424112_4,90,95,False,0.8293956992103527,0.8189898683572276,0.7915140971141729,0.8491151931416113,0.8395631270943767
mock,de,en-de(synthetic),4,1,minor_accuracy,minor,accuracy,2,5bfed2e9eb424112,de_k4_5bfed2e9eb424112_4,90,95,False,0.7848318068320531,0.8189898683572276,0.7915140971141729,0.740577078625321,0.8395631270943767
mock,de,en-de(synthetic),4,2,minor_accuracy,minor,accuracy,"0,3",5bfed2e9eb424112,de_k4_5bfed2e9eb424112_4,90,95,False,0.7985653698118436,0.7463263537410957,0.7915140971141729,0.8491151931416113,0.8233249842891497
mock,de,en-de(synthetic),4,3,minor_accuracy,minor,accuracy,"0,2,3",5bfed2e9eb424112,de_k4_5bfed2e9eb424112_4,90,95,False,0.7761838061442524,0.7463263537410957,0.7915140971141729,0.740577078625321,0.8233249842891497
mock,de,en-de(synthetic),4,4,minor_accuracy,minor,accuracy,"0,1,2,3",5bfed2e9eb424112,de_k4_5bfed2e9eb424112_4,90,95,False,0.7608445203461695,0.7463263537410957,0.7493648751562001,0.740577078625321,0.8233249842891497
mock,de,en-de(synthetic),4,1,minor_fluency,minor,fluency,2,5bfed2e9eb424112,de_k4_5bfed2e9eb424112_4,90,95,False,0.8054051675911371,0.8189898683572276,0.7915140971141729,0.7720718706040102,0.8395631270943767
mock,de,en-de(synthetic),4,2,minor_fluency,minor,fluency,"0,3",5bfed2e9eb424112,de_k4_5bfed2e9eb424112_4,90,95,False,0.7975270471968731,0.8053772178814713,0.7915140971141729,0.8491151931416113,0.7578601125975729
mock,de,en-de(synthetic),4,3,minor_fluency,minor,fluency,"0,2,3",5bfed2e9eb424112,de_k4_5bfed2e9eb424112_4,90,95,False,0.7617799136564839,0.8053772178814713,0.7915140971141729,0.7720718706040102,0.7578601125975729
mock,de,en-de(synthetic),4,4,minor_fluency,minor,fluency,"0,1,2,3",5bfed2e9eb424112,de_k4_5bfed2e9eb424112_4,90,95,False,0.8033191710934042,0.8053772178814713,0.8336309554068705,0.7720718706040102,0.7578601125975729
mock,de,en-de(synthetic),4,1,major_accuracy,major,accuracy,2,5bfed2e9eb424112,de_k4_5bfed2e9eb424112_4,90,95,False,0.7078561721843247,0.8189898683572276,0.7915140971141729,0.5685211226581144,0.8395631270943767
mock,de,en-de(synthetic),4,2,major_accuracy,major,accuracy,"0,3",5bfed2e9eb424112,de_k4_5bfed2e9eb424112_4,90,95,False,0.6206017430247315,0.546103407796769,0.7915140971141729,0.8491151931416113,0.5296475303117316
mock,de,en-de(synthetic),4,3,major_accuracy,major,accuracy,"0,2,3",5bfed2e9eb424112,de_k4_5bfed2e9eb424112_4,90,95,False,0.5843938174342046,0.546103407796769,0.7915140971141729,0.5685211226581144,0.5296475303117316
mock,de,en-de(synthetic),4,4,major_accuracy,major,accuracy,"0,1,2,3",5bfed2e9eb424112,de_k4_5bfed2e9eb424112_4,90,95,False,0.5472553167708425,0.546103407796769,0.5282891093021584,0.5685211226581144,0.5296475303117316
mock,de,en-de(synthetic),4,1,major_fluency,major,fluency,2,5bfed2e9eb424112,de_k4_5bfed2e9eb424112_4,90,95,False,0.7628755942441189,0.8189898683572276,0.7915140971141729,0.6985564581589249,0.8395631270943767
mock,de,en-de(synthetic),4,2,major_fluency,major,fluency,"0,3",5bfed2e9eb424112,de_k4_5bfed2e9eb424112_4,90,95,False,0.7274128578943979,0.6866770664812045,0.7915140971141729,0.8491151931416113,0.6872954311716326
mock,de,en-de(synthetic),4,3,major_fluency,major,fluency,"0,2,3",5bfed2e9eb424112,de_k4_5bfed2e9eb424112_4,90,95,False,0.7164645640542354,0.6866770664812045,0.7915140971141729,0.6985564581589249,0.6872954311716326
mock,de,en-de(synthetic),4,4,major_fluency,major,fluency,"0,1,2,3",5bfed2e9eb424112,de_k4_5bfed2e9eb424112_4,90,95,False,0.6768324103879344,0.6866770664812045,0.7167604435967249,0.6985564581589249,0.6872954311716326
mock,de,en-de(synthetic),4,0,none,,,,85fb7ea9ebc20662,de_k4_85fb7ea9ebc20662_0,90,95,False,0.8711958054972517,0.8406095854682278,0.8548574107252883,0.8638644952202639,0.9080754197892837
mock,de,en-de(synthetic),4,1,minor_accuracy,minor,accuracy,3,85fb7ea9ebc20662,de_k4_85fb7ea9ebc20662_0,90,95,False,0.8507904852388897,0.8406095854682278,0.8548574107252883,0.8638644952202639,0.7709830929189755
mock,de,en-de(synthetic),4,2,minor_accuracy,minor,accuracy,"1,2",85fb7ea9ebc20662,de_k4_85fb7ea9ebc20662_0,90,95,False,0.7978676737331308,0.8406095854682278,0.8275519355161844,0.7044479731366996,0.9080754197892837
mock,de,en-de(synthetic),4,3,minor_accuracy,minor,accuracy,"1,2,3",85fb7ea9ebc20662,de_k4_85fb7ea9ebc20662_0,90,95,False,0.7847574109332361,0.8406095854682278,0.8275519355161844,0.7044479731366996,0.7709830929189755
mock,de,en-de(synthetic),4,4,minor_accuracy,minor,accuracy,"0,1,2,3",85fb7ea9ebc20662,de_k4_85fb7ea9ebc20662_0,90,95,False,0.7791302345272293,0.8263063883988442,0.8275519355161844,0.7044479731366996,0.7709830929189755
mock,de,en-de(synthetic),4,1,minor_fluency,minor,fluency,3,85fb7ea9ebc20662,de_k4_85fb7ea9ebc20662_0,90,95,False,0.8398981161123634,0.8406095854682278,0.8548574107252883,0.8638644952202639,0.7872981007276687
mock,de,en-de(synthetic),4,2,minor_fluency,minor,fluency,"1,2",85fb7ea9ebc20662,de_k4_85fb7ea9ebc20662_0,90,95,False,0.8167757356739834,0.8406095854682278,0.8221439558912182,0.7573422923784718,0.9080754197892837
mock,de,en-de(synthetic),4,3,minor_fluency,minor,fluency,"1,2,3",85fb7ea9ebc20662,de_k4_85fb7ea9ebc20662_0,90,95,False,0.7857121143155535,0.8406095854682278,0.8221439558912182,0.7573422923784718,0.7872981007276687
mock,de,en-de(synthetic),4,4,minor_fluency,minor,fluency,"0,1,2,3",85fb7ea9ebc20662,de_k4_85fb7ea9ebc20662_0,90,95,False,0.773822673526146,0.7788592777234916,0.8221439558912182,0.7573422923784718,0.7872981007276687
mock,de,en-de(synthetic),4,1,major_accuracy,major,accuracy,3,85fb7ea9ebc20662,de_k4_85fb7ea9ebc20662_0,90,95,False,0.7577401795924159,0.8406095854682278,0.8548574107252883,0.8638644952202639,0.5997212061925592
mock,de,en-de(synthetic),4,2,major_accuracy,major,accuracy,"1,2",85fb7ea9ebc20662,de_k4_85fb7ea9ebc20662_0,90,95,False,0.6222968251533201,0.8406095854682278,0.5519373437700406,0.5277611271427631,0.9080754197892837
mock,de,en-de(synthetic),4,3,major_accuracy,major,accuracy,"1,2,3",85fb7ea9ebc20662,de_k4_85fb7ea9ebc20662_0,90,95,False,0.5859068123072132,0.8406095854682278,0.5519373437700406,0.5277611271427631,0.5997212061925592
mock,de,en-de(synthetic),4,4,major_accuracy,major,accuracy,"0,1,2,3",85fb7ea9ebc20662,de_k4_85fb7ea9ebc20662_0,90,95,False,0.5748545759036842,0.5711732333634616,0.5519373437700406,0.5277611271427631,0.5997212061925592
mock,de,en-de(synthetic),4,1,major_fluency,major,fluency,3,85fb7ea9ebc20662,de_k4_85fb7ea9ebc20662_0,90,95,False,0.8057609148692888,0.8406095854682278,0.8548574107252883,0.8638644952202639,0.7025912306230034
mock,de,en-de(synthetic),4,2,major_fluency,major,fluency,"1,2",85fb7ea9ebc20662,de_k4_85fb7ea9ebc20662_0,90,95,False,0.7421298436295772,0.8406095854682278,0.7209463025108034,0.6637038901514117,0.9080754197892837
mock,de,en-de(synthetic),4,3,major_fluency,major,fluency,"1,2,3",85fb7ea9ebc20662,de_k4_85fb7ea9ebc20662_0,90,95,False,0.7046378028684739,0.8406095854682278,0.7209463025108034,0.6637038901514117,0.7025912306230034
mock,de,en-de(synthetic),4,4,major_fluency,major,fluency,"0,1,2,3",85fb7ea9ebc20662,de_k4_85fb7ea9ebc20662_0,90,95,False,0.6996491295294187,0.6811513679296364,0.7209463025108034,0.6637038901514117,0.7025912306230034
mock,de,en-de(synthetic),4,0,none,,,,45134e1c5930057c,de_k4_45134e1c5930057c_0,90,95,False,0.84947565388279,0.8628998644222642,0.8282979198188223,0.8592864448760666,0.866001008705075
mock,de,en-de(synthetic),4,1,minor_accuracy,minor,accuracy,0,45134e1c5930057c,de_k4_45134e1c5930057c_0,90,95,False,0.8315974301889307,0.8271267912754602,0.8282979198188223,0.8592864448760666,0.866001008705075
mock,de,en-de(synthetic),4,2,minor_accuracy,minor,accuracy,"1,3",45134e1c5930057c,de_k4_45134e1c5930057c_0,90,95,False,0.8230564669644223,0.8628998644222642,0.7494441929681681,0.8592864448760666,0.7942848603487913
mock,de,en-de(synthetic),4,3,minor_accuracy,minor,accuracy,"0,1,2",45134e1c5930057c,de_k4_45134e1c5930057c_0,90,95,False,0.8172356566511717,0.8271267912754602,0.7494441929681681,0.8053591133830345,0.866001008705075
mock,de,en-de(synthetic),4,4,minor_accuracy,minor,accuracy,"0,1,2,3",45134e1c5930057c,de_k4_45134e1c5930057c_0,90,95,False,0.7929347296387806,0.8271267912754602,0.7494441929681681,0.8053591133830345,0.7942848603487913
mock,de,en-de(synthetic),4,1,minor_fluency,minor,fluency,0,45134e1c5930057c,de_k4_45134e1c5930057c_0,90,95,False,0.8630479827830146,0.8394685605555756,0.8282979198188223,0.8592864448760666,0.866001008705075
mock,de,en-de(synthetic),4,2,minor_fluency,minor,fluency,"1,3",45134e1c5930057c,de_k4_45134e1c5930057c_0,90,95,False,0.8356803309547176,0.8628998644222642,0.8284745625382354,0.8592864448760666,0.783355455580582
mock,de,en-de(synthetic),4,3,minor_fluency,minor,fluency,"0,1,2",45134e1c5930057c,de_k4_45134e1c5930057c_0,90,95,False,0.8267624413212578,0.8394685605555756,0.8284745625382354,0.8178727619615241,0.866001008705075
mock,de,en-de(synthetic),4,4,minor_fluency,minor,fluency,"0,1,2,3",45134e1c5930057c,de_k4_45134e1c5930057c_0,90,95,False,0.8062850258941394,0.8394685605555756,0.8284745625382354,0.8178727619615241,0.783355455580582
mock,de,en-de(synthetic),4,1,major_accuracy,major,accuracy,0,45134e1c5930057c,de_k4_45134e1c5930057c_0,90,95,False,0.7293618835752654,0.5853025576671167,0.8282979198188223,0.8592864448760666,0.866001008705075
mock,de,en-de(synthetic),4,2,major_accuracy,major,accuracy,"1,3",45134e1c5930057c,de_k4_45134e1c5930057c_0,90,95,False,0.6359981704383476,0.8628998644222642,0.5277278758493493,0.8592864448760666,0.5694817509778196
mock,de,en-de(synthetic),4,3,major_accuracy,major,accuracy,"0,1,2",45134e1c5930057c,de_k4_45134e1c5930057c_0,90,95,False,0.5725850719263496,0.5853025576671167,0.5277278758493493,0.5374367402017866,0.866001008705075
mock,de,en-de(synthetic),4,4,major_accuracy,major,accuracy,"0,1,2,3",45134e1c5930057c,de_k4_45134e1c5930057c_0,90,95,False,0.5580036830863689,0.5853025576671167,0.5277278758493493,0.5374367402017866,0.5694817509778196
mock,de,en-de(synthetic),4,1,major_fluency,major,fluency,0,45134e1c5930057c,de_k4_45134e1c5930057c_0,90,95,False,0.7808919251038193,0.6758679372011956,0.8282979198188223,0.8592864448760666,0.866001008705075
mock,de,en-de(synthetic),4,2,major_fluency,major,fluency,"1,3",45134e1c5930057c,de_k4_45134e1c5930057c_0,90,95,False,0.756243314322129,0.8628998644222642,0.664685939868476,0.8592864448760666,0.7268189569482989
mock,de,en-de(synthetic),4,3,major_fluency,major,fluency,"0,1,2",45134e1c5930057c,de_k4_45134e1c5930057c_0,90,95,False,0.7089354110199408,0.6758679372011956,0.664685939868476,0.7072657228545873,0.866001008705075
mock,de,en-de(synthetic),4,4,major_fluency,major,fluency,"0,1,2,3",45134e1c5930057c,de_k4_45134e1c5930057c_0,90,95,False,0.6996691716785134,0.6758679372011956,0.664685939868476,0.7072657228545873,0.7268189569482989
mock,de,en-de(synthetic),4,0,none,,,,612dd271cfc76ac7,de_k4_612dd271cfc76ac7_4,90,95,False,0.8427576997626435,0.8782026016712415,0.8034579923595624,0.8369684410472816,0.873587249108947
mock,de,en-de(synthetic),4,1,minor_accuracy,minor,accuracy,1,612dd271cfc76ac7,de_k4_612dd271cfc76ac7_4,90,95,False,0.8421214699751878,0.8782026016712415,0.7892654726756279,0.8369684410472816,0.873587249108947
mock,de,en-de(synthetic),4,2,minor_accuracy,minor,accuracy,"2,3",612dd271cfc76ac7,de_k4_612dd271cfc76ac7_4,90,95,False,0.7865458205202133,0.8782026016712415,0.8034579923595624,0.7682637941074373,0.7627397502076649
mock,de,en-de(synthetic),4,3,minor_accuracy,minor,accuracy,"0,1,3",612dd271cfc76ac7,de_k4_612dd271cfc76ac7_4,90,95,False,0.7872610074738857,0.7466917692608731,0.7892654726756279,0.8369684410472816,0.7627397502076649
mock,de,en-de(synthetic),4,4,minor_accuracy,minor,accuracy,"0,1,2,3",612dd271cfc76ac7,de_k4_612dd271cfc76ac7_4,90,95,False,0.7693055812486496,0.7466917692608731,0.7892654726756279,0.7682637941074373,0.7627397502076649
mock,de,en-de(synthetic),4,1,minor_fluency,minor,fluency,1,612dd271cfc76ac7,de_k4_612dd271cfc76ac7_4,90,95,False,0.8257234042048208,0.8782026016712415,0.7572684312384513,0.8369684410472816,0.873587249108947
mock,de,en-de(synthetic),4,2,minor_fluency,minor,fluency,"2,3",612dd271cfc76ac7,de_k4_612dd271cfc76ac7_4,90,95,False,0.8085681078244024,0.8782026016712415,0.8034579923595624,0.8616834284461454,0.8083225567099023
mock,de,en-de(synthetic),4,3,minor_fluency,minor,fluency,"0,1,3",612dd271cfc76ac7,de_k4_612dd271cfc76ac7_4,90,95,False,0.814219598344185,0.8519178981537867,0.7572684312384513,0.8369684410472816,0.8083225567099023
mock,de,en-de(synthetic),4,4,minor_fluency,minor,fluency,"0,1,2,3",612dd271cfc76ac7,de_k4_612dd271cfc76ac7_4,90,95,False,0.8231205837330071,0.8519178981537867,0.7572684312384513,0.8616834284461454,0.8083225567099023
mock,de,en-de(synthetic),4,1,major_accuracy,major,accuracy,1,612dd271cfc76ac7,de_k4_612dd271cfc76ac7_4,90,95,False,0.6746988584707487,0.8782026016712415,0.5145707125949288,0.8369684410472816,0.873587249108947
mock,de,en-de(synthetic),4,2,major_accuracy,major,accuracy,"2,3",612dd271cfc76ac7,de_k4_612dd271cfc76ac7_4,90,95,False,0.6087405968789626,0.8782026016712415,0.8034579923595624,0.5428286670483367,0.5036629983366729
mock,de,en-de(synthetic),4,3,major_accuracy,major,accuracy,"0,1,3",612dd271cfc76ac7,de_k4_612dd271cfc76ac7_4,90,95,False,0.542816477447948,0.5551194785955218,0.5145707125949288,0.8369684410472816,0.5036629983366729
mock,de,en-de(synthetic),4,4,major_accuracy,major,accuracy,"0,1,2,3",612dd271cfc76ac7,de_k4_612dd271cfc76ac7_4,90,95,False,0.5208932232695382,0.5551194785955218,0.5145707125949288,0.5428286670483367,0.5036629983366729
mock,de,en-de(synthetic),4,1,major_fluency,major,fluency,1,612dd271cfc76ac7,de_k4_612dd271cfc76ac7_4,90,95,False,0.8085702461100929,0.8782026016712415,0.6919492802906821,0.8369684410472816,0.873587249108947
mock,de,en-de(synthetic),4,2,major_fluency,major,fluency,"2,3",612dd271cfc76ac7,de_k4_612dd271cfc76ac7_4,90,95,False,0.7483948253374194,0.8782026016712415,0.8034579923595624,0.6927583958619214,0.6907321566699924
mock,de,en-de(synthetic),4,3,major_fluency,major,fluency,"0,1,3",612dd271cfc76ac7,de_k4_612dd271cfc76ac7_4,90,95,False,0.7195463948537033,0.7271613937602895,0.6919492802906821,0.8369684410472816,0.6907321566699924
mock,de,en-de(synthetic),4,4,major_fluency,major,fluency,"0,1,2,3",612dd271cfc76ac7,de_k4_612dd271cfc76ac7_4,90,95,False,0.6970960868699924,0.7271613937602895,0.6919492802906821,0.6927583958619214,0.6907321566699924
mock,de,en-de(synthetic),4,0,none,,,,03a0b21de9d5f072,de_k4_03a0b21de9d5f072_0,90,95,False,0.8587964270644443,0.8537199156047413,0.8746666593169765,0.8598703427475742,0.854677194342601
mock,de,en-de(synthetic),4,1,minor_accuracy,minor,accuracy,2,03a0b21de9d5f072,de_k4_03a0b21de9d5f072_0,90,95,False,0.8279301164755931,0.8537199156047413,0.8746666593169765,0.7607752054570188,0.854677194342601
mock,de,en-de(synthetic),4,2,minor_accuracy,minor,accuracy,"0,1",03a0b21de9d5f072,de_k4_03a0b21de9d5f072_0,90,95,False,0.7956781660542921,0.7648175850245773,0.7698616650328736,0.8598703427475742,0.854677194342601
mock,de,en-de(synthetic),4,3,minor_accuracy,minor,accuracy,"0,2,3",03a0b21de9d5f072,de_k4_03a0b21de9d5f072_0,90,95,False,0.7868395660921161,0.7648175850245773,0.8746666593169765,0.7607752054570188,0.7669834975058513
mock,de,en-de(synthetic),4,4,minor_accuracy,minor,accuracy,"0,1,2,3",03a0b21de9d5f072,de_k4_03a0b21de9d5f072_0,90,95,False,0.7653421354083836,0.7648175850245773,0.7698616650328736,0.7607752054570188,0.7669834975058513
mock,de,en-de(synthetic),4,1,minor_fluency,minor,fluency,2,03a0b21de9d5f072,de_k4_03a0b21de9d5f072_0,90,95,False,0.8354128777820446,0.8537199156047413,0.8746666593169765,0.7732095093709876,0.854677194342601
mock,de,en-de(synthetic),4,2,minor_fluency,minor,fluency,"0,1",03a0b21de9d5f072,de_k4_03a0b21de9d5f072_0,90,95,False,0.8360024773684507,0.8038009058183171,0.8090625746634881,0.8598703427475742,0.854677194342601
mock,de,en-de(synthetic),4,3,minor_fluency,minor,fluency,"0,2,3",03a0b21de9d5f072,de_k4_03a0b21de9d5f072_0,90,95,False,0.7996676638772919,0.8038009058183171,0.8746666593169765,0.7732095093709876,0.7886978506509194
mock,de,en-de(synthetic),4,4,minor_fluency,minor,fluency,"0,1,2,3",03a0b21de9d5f072,de_k4_03a0b21de9d5f072_0,90,95,False,0.8016738502714679,0.8038009058183171,0.8090625746634881,0.7732095093709876,0.7886978506509194
mock,de,en-de(synthetic),4,1,major_accuracy,major,accuracy,2,03a0b21de9d5f072,de_k4_03a0b21de9d5f072_0,90,95,False,0.6383731115054233,0.8537199156047413,0.8746666593169765,0.4856508679346397,0.854677194342601
mock,de,en-de(synthetic),4,2,major_accuracy,major,accuracy,"0,1",03a0b21de9d5f072,de_k4_03a0b21de9d5f072_0,90,95,False,0.5806028689595647,0.47965867189990347,0.5078663246390405,0.8598703427475742,0.854677194342601
mock,de,en-de(synthetic),4,3,major_accuracy,major,accuracy,"0,2,3",03a0b21de9d5f072,de_k4_03a0b21de9d5f072_0,90,95,False,0.553591463290781,0.47965867189990347,0.8746666593169765,0.4856508679346397,0.56202563816268
mock,de,en-de(synthetic),4,4,major_accuracy,major,accuracy,"0,1,2,3",03a0b21de9d5f072,de_k4_03a0b21de9d5f072_0,90,95,False,0.5055360712142118,0.47965867189990347,0.5078663246390405,0.4856508679346397,0.56202563816268
mock,de,en-de(synthetic),4,1,major_fluency,major,fluency,2,03a0b21de9d5f072,de_k4_03a0b21de9d5f072_0,90,95,False,0.8153327042694679,0.8537199156047413,0.8746666593169765,0.7261815368999466,0.854677194342601
mock,de,en-de(synthetic),4,2,major_fluency,major,fluency,"0,1",03a0b21de9d5f072,de_k4_03a0b21de9d5f072_0,90,95,False,0.7568176656905129,0.7042814359031384,0.687309997326962,0.8598703427475742,0.854677194342601
mock,de,en-de(synthetic),4,3,major_fluency,major,fluency,"0,2,3",03a0b21de9d5f072,de_k4_03a0b21de9d5f072_0,90,95,False,0.7063988745036458,0.7042814359031384,0.8746666593169765,0.7261815368999466,0.6632713339676061
mock,de,en-de(synthetic),4,4,major_fluency,major,fluency,"0,1,2,3",03a0b21de9d5f072,de_k4_03a0b21de9d5f072_0,90,95,False,0.6924293869698338,0.7042814359031384,0.687309997326962,0.7261815368999466,0.6632713339676061
mock,de,en-de(synthetic),4,0,none,,,,512e7070c049464f,de_k4_512e7070c049464f_4,90,95,False,0.8470568253177726,0.8407857169689993,0.8448991305455464,0.8349512583527129,0.8689368371838547
mock,de,en-de(synthetic),4,1,minor_accuracy,minor,accuracy,3,512e7070c049464f,de_k4_512e7070c049464f_4,90,95,False,0.835602661492578,0.8407857169689993,0.8448991305455464,0.8349512583527129,0.7822634654823886
mock,de,en-de(synthetic),4,2,minor_accuracy,minor,accuracy,"0,2",512e7070c049464f,de_k4_512e7070c049464f_4,90,95,False,0.817027616167369,0.789171577161521,0.8448991305455464,0.7364870763132405,0.8689368371838547
mock,de,en-de(synthetic),4,3,minor_accuracy,minor,accuracy,"1,2,3",512e7070c049464f,de_k4_512e7070c049464f_4,90,95,False,0.7810334242456292,0.8407857169689993,0.8113634824546186,0.7364870763132405,0.7822634654823886
mock,de,en-de(synthetic),4,4,minor_accuracy,minor,accuracy,"0,1,2,3",512e7070c049464f,de_k4_512e7070c049464f_4,90,95,False,0.7582061993079667,0.789171577161521,0.8113634824546186,0.7364870763132405,0.7822634654823886
mock,de,en-de(synthetic),4,1,minor_fluency,minor,fluency,3,512e7070c049464f,de_k4_512e7070c049464f_4,90,95,False,0.8407041553868521,0.8407857169689993,0.8448991305455464,0.8349512583527129,0.810392685821963
mock,de,en-de(synthetic),4,2,minor_fluency,minor,fluency,"0,2",512e7070c049464f,de_k4_512e7070c049464f_4,90,95,False,0.8111615860924744,0.7583273726408095,0.8448991305455464,0.7833610621353226,0.8689368371838547
mock,de,en-de(synthetic),4,3,minor_fluency,minor,fluency,"1,2,3",512e7070c049464f,de_k4_512e7070c049464f_4,90,95,False,0.8123949784542818,0.8407857169689993,0.8051632119713372,0.7833610621353226,0.810392685821963
mock,de,en-de(synthetic),4,4,minor_fluency,minor,fluency,"0,1,2,3",512e7070c049464f,de_k4_512e7070c049464f_4,90,95,False,0.782044627950271,0.7583273726408095,0.8051632119713372,0.7833610621353226,0.810392685821963
mock,de,en-de(synthetic),4,1,major_accuracy,major,accuracy,3,512e7070c049464f,de_k4_512e7070c049464f_4,90,95,False,0.6999454985267735,0.8407857169689993,0.8448991305455464,0.8349512583527129,0.5677853473453058
mock,de,en-de(synthetic),4,2,major_accuracy,major,accuracy,"0,2",512e7070c049464f,de_k4_512e7070c049464f_4,90,95,False,0.6617621221677349,0.6153038656016765,0.8448991305455464,0.5463058228003923,0.8689368371838547
mock,de,en-de(synthetic),4,3,major_accuracy,major,accuracy,"1,2,3",512e7070c049464f,de_k4_512e7070c049464f_4,90,95,False,0.5581464911166225,0.8407857169689993,0.5119117779243785,0.5463058228003923,0.5677853473453058
mock,de,en-de(synthetic),4,4,major_accuracy,major,accuracy,"0,1,2,3",512e7070c049464f,de_k4_512e7070c049464f_4,90,95,False,0.5316928263020536,0.6153038656016765,0.5119117779243785,0.5463058228003923,0.5677853473453058
mock,de,en-de(synthetic),4,1,major_fluency,major,fluency,3,512e7070c049464f,de_k4_512e7070c049464f_4,90,95,False,0.7876100821304666,0.8407857169689993,0.8448991305455464,0.8349512583527129,0.666448684105726
mock,de,en-de(synthetic),4,2,major_fluency,major,fluency,"0,2",512e7070c049464f,de_k4_512e7070c049464f_4,90,95,False,0.7784277000981235,0.7278613913915148,0.8448991305455464,0.6964579203902349,0.8689368371838547
mock,de,en-de(synthetic),4,3,major_fluency,major,fluency,"1,2,3",512e7070c049464f,de_k4_512e7070c049464f_4,90,95,False,0.7073994865257428,0.8407857169689993,0.6775145773436267,0.6964579203902349,0.666448684105726
mock,de,en-de(synthetic),4,4,major_fluency,major,fluency,"0,1,2,3",512e7070c049464f,de_k4_512e7070c049464f_4,90,95,False,0.6793196660516146,0.7278613913915148,0.6775145773436267,0.6964579203902349,0.666448684105726
mock,de,en-de(synthetic),4,0,none,,,,7d8e1f42060eb89b,de_k4_7d8e1f42060eb89b_4,90,95,False,0.8607715362388433,0.8952643661057004,0.8609802426556308,0.8358071942790913,0.8400646279165337
mock,de,en-de(synthetic),4,1,minor_accuracy,minor,accuracy,0,7d8e1f42060eb89b,de_k4_7d8e1f42060eb89b_4,90,95,False,0.8259691376527057,0.7622542718373614,0.8609802426556308,0.8358071942790913,0.8400646279165337
mock,de,en-de(synthetic),4,2,minor_accuracy,minor,accuracy,"0,3",7d8e1f42060eb89b,de_k4_7d8e1f42060eb89b_4,90,95,False,0.8079396490761724,0.7622542718373614,0.8609802426556308,0.8358071942790913,0.7660279428718697
mock,de,en-de(synthetic),4,3,minor_accuracy,minor,accuracy,"0,1,2",7d8e1f42060eb89b,de_k4_7d8e1f42060eb89b_4,90,95,False,0.7689739891416649,0.7622542718373614,0.7584986536528084,0.7608123974005918,0.8400646279165337
mock,de,en-de(synthetic),4,4,minor_accuracy,minor,accuracy,"0,1,2,3",7d8e1f42060eb89b,de_k4_7d8e1f42060eb89b_4,90,95,False,0.7669413071691961,0.7622542718373614,0.7584986536528084,0.7608123974005918,0.7660279428718697
mock,de,en-de(synthetic),4,1,minor_fluency,minor,fluency,0,7d8e1f42060eb89b,de_k4_7d8e1f42060eb89b_4,90,95,False,0.8394398077883252,0.8376648619319044,0.8609802426556308,0.8358071942790913,0.8400646279165337
mock,de,en-de(synthetic),4,2,minor_fluency,minor,fluency,"0,3",7d8e1f42060eb89b,de_k4_7d8e1f42060eb89b_4,90,95,False,0.8253196979448423,0.8376648619319044,0.8609802426556308,0.8358071942790913,0.81011557432514
mock,de,en-de(synthetic),4,3,minor_fluency,minor,fluency,"0,1,2",7d8e1f42060eb89b,de_k4_7d8e1f42060eb89b_4,90,95,False,0.7861942029719422,0.8376648619319044,0.7556424557765216,0.7893101585513176,0.8400646279165337
mock,de,en-de(synthetic),4,4,minor_fluency,minor,fluency,"0,1,2,3",7d8e1f42060eb89b,de_k4_7d8e1f42060eb89b_4,90,95,False,0.7909380673277014,0.8376648619319044,0.7556424557765216,0.7893101585513176,0.81011557432514
mock,de,en-de(synthetic),4,1,major_accuracy,major,accuracy,0,7d8e1f42060eb89b,de_k4_7d8e1f42060eb89b_4,90,95,False,0.7212971703216352,0.5723747928821143,0.8609802426556308,0.8358071942790913,0.8400646279165337
mock,de,en-de(synthetic),4,2,major_accuracy,major,accuracy,"0,3",7d8e1f42060eb89b,de_k4_7d8e1f42060eb89b_4,90,95,False,0.6087512503935711,0.5723747928821143,0.8609802426556308,0.8358071942790913,0.4862338520875266
mock,de,en-de(synthetic),4,3,major_accuracy,major,accuracy,"0,1,2",7d8e1f42060eb89b,de_k4_7d8e1f42060eb89b_4,90,95,False,0.5879484907359319,0.5723747928821143,0.5118440630672716,0.5596194716131346,0.8400646279165337
mock,de,en-de(synthetic),4,4,major_accuracy,major,accuracy,"0,1,2,3",7d8e1f42060eb89b,de_k4_7d8e1f42060eb89b_4,90,95,False,0.53574613773813,0.5723747928821143,0.5118440630672716,0.5596194716131346,0.4862338520875266
mock,de,en-de(synthetic),4,1,major_fluency,major,fluency,0,7d8e1f42060eb89b,de_k4_7d8e1f42060eb89b_4,90,95,False,0.7783628103090522,0.6763744082521845,0.8609802426556308,0.8358071942790913,0.8400646279165337
mock,de,en-de(synthetic),4,2,major_fluency,major,fluency,"0,3",7d8e1f42060eb89b,de_k4_7d8e1f42060eb89b_4,90,95,False,0.7638235293168669,0.6763744082521845,0.8609802426556308,0.8358071942790913,0.6854808545146246
mock,de,en-de(synthetic),4,3,major_fluency,major,fluency,"0,1,2",7d8e1f42060eb89b,de_k4_7d8e1f42060eb89b_4,90,95,False,0.7221352006699435,0.6763744082521845,0.7098511757443503,0.734573082129798,0.8400646279165337
mock,de,en-de(synthetic),4,4,major_fluency,major,fluency,"0,1,2,3",7d8e1f42060eb89b,de_k4_7d8e1f42060eb89b_4,90,95,False,0.7051593445664154,0.6763744082521845,0.7098511757443503,0.734573082129798,0.6854808545146246
mock,de,en-de(synthetic),4,0,none,,,,bbbfc9543ca8dca0,de_k4_bbbfc9543ca8dca0_0,90,95,False,0.8124922112662555,0.8231730387725165,0.8616960107632262,0.7715980582755245,0.8105415181498479
mock,de,en-de(synthetic),4,1,minor_accuracy,minor,accuracy,1,bbbfc9543ca8dca0,de_k4_bbbfc9543ca8dca0_0,90,95,False,0.8024353061849617,0.8231730387725165,0.7756554922423013,0.7715980582755245,0.8105415181498479
mock,de,en-de(synthetic),4,2,minor_accuracy,minor,accuracy,"1,2",bbbfc9543ca8dca0,de_k4_bbbfc9543ca8dca0_0,90,95,False,0.7871822334185942,0.8231730387725165,0.7756554922423013,0.8005166617014489,0.8105415181498479
mock,de,en-de(synthetic),4,3,minor_accuracy,minor,accuracy,"0,1,3",bbbfc9543ca8dca0,de_k4_bbbfc9543ca8dca0_0,90,95,False,0.7507829438757001,0.7647329202144023,0.7756554922423013,0.7715980582755245,0.7776649277416319
mock,de,en-de(synthetic),4,4,minor_accuracy,minor,accuracy,"0,1,2,3",bbbfc9543ca8dca0,de_k4_bbbfc9543ca8dca0_0,90,95,False,0.7905817639884183,0.7647329202144023,0.7756554922423013,0.8005166617014489,0.7776649277416319
mock,de,en-de(synthetic),4,1,minor_fluency,minor,fluency,1,bbbfc9543ca8dca0,de_k4_bbbfc9543ca8dca0_0,90,95,False,0.8054847606755032,0.8231730387725165,0.8620258261264916,0.7715980582755245,0.8105415181498479
mock,de,en-de(synthetic),4,2,minor_fluency,minor,fluency,"1,2",bbbfc9543ca8dca0,de_k4_bbbfc9543ca8dca0_0,90,95,False,0.8239244651516764,0.8231730387725165,0.8620258261264916,0.8553590781902511,0.8105415181498479
mock,de,en-de(synthetic),4,3,minor_fluency,minor,fluency,"0,1,3",bbbfc9543ca8dca0,de_k4_bbbfc9543ca8dca0_0,90,95,False,0.813916446187592,0.8294572009463399,0.8620258261264916,0.7715980582755245,0.8003774567502238
mock,de,en-de(synthetic),4,4,minor_fluency,minor,fluency,"0,1,2,3",bbbfc9543ca8dca0,de_k4_bbbfc9543ca8dca0_0,90,95,False,0.8283511941475393,0.8294572009463399,0.8620258261264916,0.8553590781902511,0.8003774567502238
mock,de,en-de(synthetic),4,1,major_accuracy,major,accuracy,1,bbbfc9543ca8dca0,de_k4_bbbfc9543ca8dca0_0,90,95,False,0.6892684575811958,0.8231730387725165,0.5624640972218549,0.7715980582755245,0.8105415181498479
mock,de,en-de(synthetic),4,2,major_accuracy,major,accuracy,"1,2",bbbfc9543ca8dca0,de_k4_bbbfc9543ca8dca0_0,90,95,False,0.6329531100037231,0.8231730387725165,0.5624640972218549,0.5769595548418858,0.8105415181498479
mock,de,en-de(synthetic),4,3,major_accuracy,major,accuracy,"0,1,3",bbbfc9543ca8dca0,de_k4_bbbfc9543ca8dca0_0,90,95,False,0.5808933133352053,0.5159522337163669,0.5624640972218549,0.7715980582755245,0.6032173461456793
mock,de,en-de(synthetic),4,4,major_accuracy,major,accuracy,"0,1,2,3",bbbfc9543ca8dca0,de_k4_bbbfc9543ca8dca0_0,90,95,False,0.5542670046561547,0.5159522337163669,0.5624640972218549,0.5769595548418858,0.6032173461456793
mock,de,en-de(synthetic),4,1,major_fluency,major,fluency,1,bbbfc9543ca8dca0,de_k4_bbbfc9543ca8dca0_0,90,95,False,0.7768101837984236,0.8231730387725165,0.7382505766899837,0.7715980582755245,0.8105415181498479
mock,de,en-de(synthetic),4,2,major_fluency,major,fluency,"1,2",bbbfc9543ca8dca0,de_k4_bbbfc9543ca8dca0_0,90,95,False,0.7548310163939177,0.8231730387725165,0.7382505766899837,0.7316626334621367,0.8105415181498479
mock,de,en-de(synthetic),4,3,major_fluency,major,fluency,"0,1,3",bbbfc9543ca8dca0,de_k4_bbbfc9543ca8dca0_0,90,95,False,0.7406337124131995,0.6986215143874634,0.7382505766899837,0.7715980582755245,0.6915658918883745
mock,de,en-de(synthetic),4,4,major_fluency,major,fluency,"0,1,2,3",bbbfc9543ca8dca0,de_k4_bbbfc9543ca8dca0_0,90,95,False,0.7102644361271935,0.6986215143874634,0.7382505766899837,0.7316626334621367,0.6915658918883745
mock,de,en-de(synthetic),4,0,none,,,,c7acb789999acb43,de_k4_c7acb789999acb43_4,90,95,False,0.8478486499375117,0.815714902428799,0.834857310891399,0.8400949840538119,0.8665300156641765
mock,de,en-de(synthetic),4,1,minor_accuracy,minor,accuracy,2,c7acb789999acb43,de_k4_c7acb789999acb43_4,90,95,False,0.8120494797104774,0.815714902428799,0.834857310891399,0.7551165632151012,0.8665300156641765
mock,de,en-de(synthetic),4,2,minor_accuracy,minor,accuracy,"1,3",c7acb789999acb43,de_k4_c7acb789999acb43_4,90,95,False,0.8150155080385286,0.815714902428799,0.8165719760870561,0.8400949840538119,0.8079812783534689
mock,de,en-de(synthetic),4,3,minor_accuracy,minor,accuracy,"0,2,3",c7acb789999acb43,de_k4_c7acb789999acb43_4,90,95,False,0.7708648178400014,0.8144012086242803,0.834857310891399,0.7551165632151012,0.8079812783534689
mock,de,en-de(synthetic),4,4,minor_accuracy,minor,accuracy,"0,1,2,3",c7acb789999acb43,de_k4_c7acb789999acb43_4,90,95,False,0.8120495956459821,0.8144012086242803,0.8165719760870561,0.7551165632151012,0.8079812783534689
mock,de,en-de(synthetic),4,1,minor_fluency,minor,fluency,2,c7acb789999acb43,de_k4_c7acb789999acb43_4,90,95,False,0.834115108958595,0.815714902428799,0.834857310891399,0.8060339683466855,0.8665300156641765
mock,de,en-de(synthetic),4,2,minor_fluency,minor,fluency,"1,3",c7acb789999acb43,de_k4_c7acb789999acb43_4,90,95,False,0.8182759115156208,0.815714902428799,0.8119683259254226,0.8400949840538119,0.7471052047560472
mock,de,en-de(synthetic),4,3,minor_fluency,minor,fluency,"0,2,3",c7acb789999acb43,de_k4_c7acb789999acb43_4,90,95,False,0.798926622975772,0.7948851446198699,0.834857310891399,0.8060339683466855,0.7471052047560472
mock,de,en-de(synthetic),4,4,minor_fluency,minor,fluency,"0,1,2,3",c7acb789999acb43,de_k4_c7acb789999acb43_4,90,95,False,0.7819457187224262,0.7948851446198699,0.8119683259254226,0.8060339683466855,0.7471052047560472
mock,de,en-de(synthetic),4,1,major_accuracy,major,accuracy,2,c7acb789999acb43,de_k4_c7acb789999acb43_4,90,95,False,0.6957016805613028,0.815714902428799,0.834857310891399,0.5424134892687591,0.8665300156641765
mock,de,en-de(synthetic),4,2,major_accuracy,major,accuracy,"1,3",c7acb789999acb43,de_k4_c7acb789999acb43_4,90,95,False,0.6428976099181364,0.815714902428799,0.5343269633578145,0.8400949840538119,0.5797178934958984
mock,de,en-de(synthetic),4,3,major_accuracy,major,accuracy,"0,2,3",c7acb789999acb43,de_k4_c7acb789999acb43_4,90,95,False,0.6003297514911199,0.5955064900241374,0.834857310891399,0.5424134892687591,0.5797178934958984
mock,de,en-de(synthetic),4,4,major_accuracy,major,accuracy,"0,1,2,3",c7acb789999acb43,de_k4_c7acb789999acb43_4,90,95,False,0.5503928114146817,0.5955064900241374,0.5343269633578145,0.5424134892687591,0.5797178934958984
mock,de,en-de(synthetic),4,1,major_fluency,major,fluency,2,c7acb789999acb43,de_k4_c7acb789999acb43_4,90,95,False,0.7869516712558222,0.815714902428799,0.834857310891399,0.702035123557909,0.8665300156641765
mock,de,en-de(synthetic),4,2,major_fluency,major,fluency,"1,3",c7acb789999acb43,de_k4_c7acb789999acb43_4,90,95,False,0.7475857300639966,0.815714902428799,0.6801869144800167,0.8400949840538119,0.7007120110243127
mock,de,en-de(synthetic),4,3,major_fluency,major,fluency,"0,2,3",c7acb789999acb43,de_k4_c7acb789999acb43_4,90,95,False,0.7255041232891678,0.6825920562918488,0.834857310891399,0.702035123557909,0.7007120110243127
mock,de,en-de(synthetic),4,4,major_fluency,major,fluency,"0,1,2,3",c7acb789999acb43,de_k4_c7acb789999acb43_4,90,95,False,0.6748965257932354,0.6825920562918488,0.6801869144800167,0.702035123557909,0.7007120110243127
mock,de,en-de(synthetic),4,0,none,,,,6f6a57bcea9bc00e,de_k4_6f6a57bcea9bc00e_4,90,95,False,0.8898715906448774,0.8880397036695085,0.8518368946807988,0.9006090959384321,0.853048432585
mock,de,en-de(synthetic),4,1,minor_accuracy,minor,accuracy,3,6f6a57bcea9bc00e,de_k4_6f6a57bcea9bc00e_4,90,95,False,0.8554044508903469,0.8880397036695085,0.8518368946807988,0.9006090959384321,0.7891892073182432
mock,de,en-de(synthetic),4,2,minor_accuracy,minor,accuracy,"2,3",6f6a57bcea9bc00e,de_k4_6f6a57bcea9bc00e_4,90,95,False,0.8040689561411407,0.8880397036695085,0.8518368946807988,0.7890025995434312,0.7891892073182432
mock,de,en-de(synthetic),4,3,minor_accuracy,minor,accuracy,"1,2,3",6f6a57bcea9bc00e,de_k4_6f6a57bcea9bc00e_4,90,95,False,0.7779202300890733,0.8880397036695085,0.7201599134777215,0.7890025995434312,0.7891892073182432
mock,de,en-de(synthetic),4,4,minor_accuracy,minor,accuracy,"0,1,2,3",6f6a57bcea9bc00e,de_k4_6f6a57bcea9bc00e_4,90,95,False,0.7605644186700317,0.7685952911375261,0.7201599134777215,0.7890025995434312,0.7891892073182432
mock,de,en-de(synthetic),4,1,minor_fluency,minor,fluency,3,6f6a57bcea9bc00e,de_k4_6f6a57bcea9bc00e_4,90,95,False,0.8621542927276905,0.8880397036695085,0.8518368946807988,0.9006090959384321,0.834128549370814
mock,de,en-de(synthetic),4,2,minor_fluency,minor,fluency,"2,3",6f6a57bcea9bc00e,de_k4_6f6a57bcea9bc00e_4,90,95,False,0.8423438074156989,0.8880397036695085,0.8518368946807988,0.7639462962538094,0.834128549370814
mock,de,en-de(synthetic),4,3,minor_fluency,minor,fluency,"1,2,3",6f6a57bcea9bc00e,de_k4_6f6a57bcea9bc00e_4,90,95,False,0.8110738593753807,0.8880397036695085,0.8146015529599919,0.7639462962538094,0.834128549370814
mock,de,en-de(synthetic),4,4,minor_fluency,minor,fluency,"0,1,2,3",6f6a57bcea9bc00e,de_k4_6f6a57bcea9bc00e_4,90,95,False,0.7666203464140169,0.7928832782192579,0.8146015529599919,0.7639462962538094,0.834128549370814
mock,de,en-de(synthetic),4,1,major_accuracy,major,accuracy,3,6f6a57bcea9bc00e,de_k4_6f6a57bcea9bc00e_4,90,95,False,0.6714713202728539,0.8880397036695085,0.8518368946807988,0.9006090959384321,0.5092544176698159
mock,de,en-de(synthetic),4,2,major_accuracy,major,accuracy,"2,3",6f6a57bcea9bc00e,de_k4_6f6a57bcea9bc00e_4,90,95,False,0.6227295568823117,0.8880397036695085,0.8518368946807988,0.5690023554557255,0.5092544176698159
mock,de,en-de(synthetic),4,3,major_accuracy,major,accuracy,"1,2,3",6f6a57bcea9bc00e,de_k4_6f6a57bcea9bc00e_4,90,95,False,0.5783978550549325,0.8880397036695085,0.5587987960821481,0.5690023554557255,0.5092544176698159
mock,de,en-de(synthetic),4,4,major_accuracy,major,accuracy,"0,1,2,3",6f6a57bcea9bc00e,de_k4_6f6a57bcea9bc00e_4,90,95,False,0.5442734447974373,0.5643849791634881,0.5587987960821481,0.5690023554557255,0.5092544176698159
mock,de,en-de(synthetic),4,1,major_fluency,major,fluency,3,6f6a57bcea9bc00e,de_k4_6f6a57bcea9bc00e_4,90,95,False,0.8195715013883952,0.8880397036695085,0.8518368946807988,0.9006090959384321,0.7300459228437216
mock,de,en-de(synthetic),4,2,major_fluency,major,fluency,"2,3",6f6a57bcea9bc00e,de_k4_6f6a57bcea9bc00e_4,90,95,False,0.7765159201627727,0.8880397036695085,0.8518368946807988,0.7302756709543602,0.7300459228437216
mock,de,en-de(synthetic),4,3,major_fluency,major,fluency,"1,2,3",6f6a57bcea9bc00e,de_k4_6f6a57bcea9bc00e_4,90,95,False,0.7612568562487153,0.8880397036695085,0.7289426028394609,0.7302756709543602,0.7300459228437216
mock,de,en-de(synthetic),4,4,major_fluency,major,fluency,"0,1,2,3",6f6a57bcea9bc00e,de_k4_6f6a57bcea9bc00e_4,90,95,False,0.7144420194998065,0.6474710334119631,0.7289426028394609,0.7302756709543602,0.7300459228437216
mock,de,en-de(synthetic),4,0,none,,,,a1188c572802588e,de_k4_a1188c572802588e_4,90,95,False,0.8459942714790337,0.8438813754891402,0.8123042873462251,0.8319910679741116,0.8189010699815068
mock,de,en-de(synthetic),4,1,minor_accuracy,minor,accuracy,0,a1188c572802588e,de_k4_a1188c572802588e_4,90,95,False,0.8066372490844268,0.7442666517527456,0.8123042873462251,0.8319910679741116,0.8189010699815068
mock,de,en-de(synthetic),4,2,minor_accuracy,minor,accuracy,"0,1",a1188c572802588e,de_k4_a1188c572802588e_4,90,95,False,0.780702769457931,0.7442666517527456,0.7857532846282517,0.8319910679741116,0.8189010699815068
mock,de,en-de(synthetic),4,3,minor_accuracy,minor,accuracy,"0,1,2",a1188c572802588e,de_k4_a1188c572802588e_4,90,95,False,0.7643301510632294,0.7442666517527456,0.7857532846282517,0.7733953758019433,0.8189010699815068
mock,de,en-de(synthetic),4,4,minor_accuracy,minor,accuracy,"0,1,2,3",a1188c572802588e,de_k4_a1188c572802588e_4,90,95,False,0.7714497385570067,0.7442666517527456,0.7857532846282517,0.7733953758019433,0.7392405528792406
mock,de,en-de(synthetic),4,1,minor_fluency,minor,fluency,0,a1188c572802588e,de_k4_a1188c572802588e_4,90,95,False,0.828819314560963,0.7919397061292534,0.8123042873462251,0.8319910679741116,0.8189010699815068
mock,de,en-de(synthetic),4,2,minor_fluency,minor,fluency,"0,1",a1188c572802588e,de_k4_a1188c572802588e_4,90,95,False,0.8052671383605867,0.7919397061292534,0.8013831177869353,0.8319910679741116,0.8189010699815068
mock,de,en-de(synthetic),4,3,minor_fluency,minor,fluency,"0,1,2",a1188c572802588e,de_k4_a1188c572802588e_4,90,95,False,0.7802933733941272,0.7919397061292534,0.8013831177869353,0.7573381202695421,0.8189010699815068
mock,de,en-de(synthetic),4,4,minor_fluency,minor,fluency,"0,1,2,3",a1188c572802588e,de_k4_a1188c572802588e_4,90,95,False,0.7766198976287271,0.7919397061292534,0.8013831177869353,0.7573381202695421,0.8036421777682582
mock,de,en-de(synthetic),4,1,major_accuracy,major,accuracy,0,a1188c572802588e,de_k4_a1188c572802588e_4,90,95,False,0.7272975752341853,0.5754234261207045,0.8123042873462251,0.8319910679741116,0.8189010699815068
mock,de,en-de(synthetic),4,2,major_accuracy,major,accuracy,"0,1",a1188c572802588e,de_k4_a1188c572802588e_4,90,95,False,0.6536087866464018,0.5754234261207045,0.5475849043740817,0.8319910679741116,0.8189010699815068
mock,de,en-de(synthetic),4,3,major_accuracy,major,accuracy,"0,1,2",a1188c572802588e,de_k4_a1188c572802588e_4,90,95,False,0.587162038818669,0.5754234261207045,0.5475849043740817,0.5175177776304374,0.8189010699815068
mock,de,en-de(synthetic),4,4,major_accuracy,major,accuracy,"0,1,2,3",a1188c572802588e,de_k4_a1188c572802588e_4,90,95,False,0.5401550800896864,0.5754234261207045,0.5475849043740817,0.5175177776304374,0.5469646765534393
mock,de,en-de(synthetic),4,1,major_fluency,major,fluency,0,a1188c572802588e,de_k4_a1188c572802588e_4,90,95,False,0.7840649874142369,0.721818005552968,0.8123042873462251,0.8319910679741116,0.8189010699815068
mock,de,en-de(synthetic),4,2,major_fluency,major,fluency,"0,1",a1188c572802588e,de_k4_a1188c572802588e_4,90,95,False,0.7374185197817957,0.721818005552968,0.6540977708324184,0.8319910679741116,0.8189010699815068
mock,de,en-de(synthetic),4,3,major_fluency,major,fluency,"0,1,2",a1188c572802588e,de_k4_a1188c572802588e_4,90,95,False,0.7190622126458518,0.721818005552968,0.6540977708324184,0.6858194496336489,0.8189010699815068
mock,de,en-de(synthetic),4,4,major_fluency,major,fluency,"0,1,2,3",a1188c572802588e,de_k4_a1188c572802588e_4,90,95,False,0.6904767077345546,0.721818005552968,0.6540977708324184,0.6858194496336489,0.7139516619455247
mock,de,en-de(synthetic),4,0,none,,,,9b60fb443424dcdb,de_k4_9b60fb443424dcdb_4,90,95,False,0.8428435653143143,0.8485341160589366,0.8486070439544082,0.8607902413088944,0.8629931437338424
mock,de,en-de(synthetic),4,1,minor_accuracy,minor,accuracy,1,9b60fb443424dcdb,de_k4_9b60fb443424dcdb_4,90,95,False,0.8470012694539282,0.8485341160589366,0.7969453363973127,0.8607902413088944,0.8629931437338424
mock,de,en-de(synthetic),4,2,minor_accuracy,minor,accuracy,"0,2",9b60fb443424dcdb,de_k4_9b60fb443424dcdb_4,90,95,False,0.8369858835826747,0.7852453345596879,0.8486070439544082,0.7626610054612555,0.8629931437338424
mock,de,en-de(synthetic),4,3,minor_accuracy,minor,accuracy,"0,1,3",9b60fb443424dcdb,de_k4_9b60fb443424dcdb_4,90,95,False,0.8101980202326174,0.7852453345596879,0.7969453363973127,0.8607902413088944,0.7637569003380166
mock,de,en-de(synthetic),4,4,minor_accuracy,minor,accuracy,"0,1,2,3",9b60fb443424dcdb,de_k4_9b60fb443424dcdb_4,90,95,False,0.7743117724088385,0.7852453345596879,0.7969453363973127,0.7626610054612555,0.7637569003380166
mock,de,en-de(synthetic),4,1,minor_fluency,minor,fluency,1,9b60fb443424dcdb,de_k4_9b60fb443424dcdb_4,90,95,False,0.8237128397142951,0.8485341160589366,0.7742666044425224,0.8607902413088944,0.8629931437338424
mock,de,en-de(synthetic),4,2,minor_fluency,minor,fluency,"0,2",9b60fb443424dcdb,de_k4_9b60fb443424dcdb_4,90,95,False,0.7788044194264337,0.7783073397872471,0.8486070439544082,0.734430376220765,0.8629931437338424
mock,de,en-de(synthetic),4,3,minor_fluency,minor,fluency,"0,1,3",9b60fb443424dcdb,de_k4_9b60fb443424dcdb_4,90,95,False,0.7906656853425471,0.7783073397872471,0.7742666044425224,0.8607902413088944,0.8029867403697265
mock,de,en-de(synthetic),4,4,minor_fluency,minor,fluency,"0,1,2,3",9b60fb443424dcdb,de_k4_9b60fb443424dcdb_4,90,95,False,0.7793898678924768,0.7783073397872471,0.7742666044425224,0.734430376220765,0.8029867403697265
mock,de,en-de(synthetic),4,1,major_accuracy,major,accuracy,1,9b60fb443424dcdb,de_k4_9b60fb443424dcdb_4,90,95,False,0.7580118763303667,0.8485341160589366,0.6010815300679442,0.8607902413088944,0.8629931437338424
mock,de,en-de(synthetic),4,2,major_accuracy,major,accuracy,"0,2",9b60fb443424dcdb,de_k4_9b60fb443424dcdb_4,90,95,False,0.627045430274027,0.5679283870912781,0.8486070439544082,0.5269519270479834,0.8629931437338424
mock,de,en-de(synthetic),4,3,major_accuracy,major,accuracy,"0,1,3",9b60fb443424dcdb,de_k4_9b60fb443424dcdb_4,90,95,False,0.6158321439402212,0.5679283870912781,0.6010815300679442,0.8607902413088944,0.5932720864675984
mock,de,en-de(synthetic),4,4,major_accuracy,major,accuracy,"0,1,2,3",9b60fb443424dcdb,de_k4_9b60fb443424dcdb_4,90,95,False,0.5834093320937161,0.5679283870912781,0.6010815300679442,0.5269519270479834,0.5932720864675984
mock,de,en-de(synthetic),4,1,major_fluency,major,fluency,1,9b60fb443424dcdb,de_k4_9b60fb443424dcdb_4,90,95,False,0.7923851784937708,0.8485341160589366,0.6857025228918259,0.8607902413088944,0.8629931437338424
mock,de,en-de(synthetic),4,2,major_fluency,major,fluency,"0,2",9b60fb443424dcdb,de_k4_9b60fb443424dcdb_4,90,95,False,0.737819241131169,0.7044936456804642,0.8486070439544082,0.6392429530452213,0.8629931437338424
mock,de,en-de(synthetic),4,3,major_fluency,major,fluency,"0,1,3",9b60fb443424dcdb,de_k4_9b60fb443424dcdb_4,90,95,False,0.6746254484683892,0.7044936456804642,0.6857025228918259,0.8607902413088944,0.6248028598310661
mock,de,en-de(synthetic),4,4,major_fluency,major,fluency,"0,1,2,3",9b60fb443424dcdb,de_k4_9b60fb443424dcdb_4,90,95,False,0.6663876474304254,0.7044936456804642,0.6857025228918259,0.6392429530452213,0.6248028598310661
mock,de,en-de(synthetic),4,0,none,,,,e39ed2195c14bec4,de_k4_e39ed2195c14bec4_0,90,95,False,0.8757115885595531,0.867791547166437,0.9211809929622349,0.8430929715799419,0.828270953790063
mock,de,en-de(synthetic),4,1,minor_accuracy,minor,accuracy,2,e39ed2195c14bec4,de_k4_e39ed2195c14bec4_0,90,95,False,0.8603045142306658,0.867791547166437,0.9211809929622349,0.8338312082326702,0.828270953790063
mock,de,en-de(synthetic),4,2,minor_accuracy,minor,accuracy,"0,3",e39ed2195c14bec4,de_k4_e39ed2195c14bec4_0,90,95,False,0.8200425238600633,0.7639545954427639,0.9211809929622349,0.8430929715799419,0.7953419596260798
mock,de,en-de(synthetic),4,3,minor_accuracy,minor,accuracy,"0,2,3",e39ed2195c14bec4,de_k4_e39ed2195c14bec4_0,90,95,False,0.8121995701092543,0.7639545954427639,0.9211809929622349,0.8338312082326702,0.7953419596260798
mock,de,en-de(synthetic),4,4,minor_accuracy,minor,accuracy,"0,1,2,3",e39ed2195c14bec4,de_k4_e39ed2195c14bec4_0,90,95,False,0.7999370038672904,0.7639545954427639,0.7402950456939854,0.8338312082326702,0.7953419596260798
mock,de,en-de(synthetic),4,1,minor_fluency,minor,fluency,2,e39ed2195c14bec4,de_k4_e39ed2195c14bec4_0,90,95,False,0.8351694662250682,0.867791547166437,0.9211809929622349,0.800997889186966,0.828270953790063
mock,de,en-de(synthetic),4,2,minor_fluency,minor,fluency,"0,3",e39ed2195c14bec4,de_k4_e39ed2195c14bec4_0,90,95,False,0.826964509700427,0.8012193992365024,0.9211809929622349,0.8430929715799419,0.7675165544740936
mock,de,en-de(synthetic),4,3,minor_fluency,minor,fluency,"0,2,3",e39ed2195c14bec4,de_k4_e39ed2195c14bec4_0,90,95,False,0.8159771823898048,0.8012193992365024,0.9211809929622349,0.800997889186966,0.7675165544740936
mock,de,en-de(synthetic),4,4,minor_fluency,minor,fluency,"0,1,2,3",e39ed2195c14bec4,de_k4_e39ed2195c14bec4_0,90,95,False,0.7889724229143802,0.8012193992365024,0.8052194197316814,0.800997889186966,0.7675165544740936
mock,de,en-de(synthetic),4,1,major_accuracy,major,accuracy,2,e39ed2195c14bec4,de_k4_e39ed2195c14bec4_0,90,95,False,0.7155177491186377,0.867791547166437,0.9211809929622349,0.5659701269833826,0.828270953790063
mock,de,en-de(synthetic),4,2,major_accuracy,major,accuracy,"0,3",e39ed2195c14bec4,de_k4_e39ed2195c14bec4_0,90,95,False,0.6340715841084822,0.5226299441843465,0.9211809929622349,0.8430929715799419,0.5769281774923694
mock,de,en-de(synthetic),4,3,major_accuracy,major,accuracy,"0,2,3",e39ed2195c14bec4,de_k4_e39ed2195c14bec4_0,90,95,False,0.5862220422058699,0.5226299441843465,0.9211809929622349,0.5659701269833826,0.5769281774923694
mock,de,en-de(synthetic),4,4,major_accuracy,major,accuracy,"0,1,2,3",e39ed2195c14bec4,de_k4_e39ed2195c14bec4_0,90,95,False,0.5338543719422366,0.5226299441843465,0.4575421256668554,0.5659701269833826,0.5769281774923694
mock,de,en-de(synthetic),4,1,major_fluency,major,fluency,2,e39ed2195c14bec4,de_k4_e39ed2195c14bec4_0,90,95,False,0.8052093888997393,0.867791547166437,0.9211809929622349,0.7082054601829437,0.828270953790063
mock,de,en-de(synthetic),4,2,major_fluency,major,fluency,"0,3",e39ed2195c14bec4,de_k4_e39ed2195c14bec4_0,90,95,False,0.7228069276760984,0.6729577485754462,0.9211809929622349,0.8430929715799419,0.7223417516387062
mock,de,en-de(synthetic),4,3,major_fluency,major,fluency,"0,2,3",e39ed2195c14bec4,de_k4_e39ed2195c14bec4_0,90,95,False,0.7438635885228632,0.6729577485754462,0.9211809929622349,0.7082054601829437,0.7223417516387062
mock,de,en-de(synthetic),4,4,major_fluency,major,fluency,"0,1,2,3",e39ed2195c14bec4,de_k4_e39ed2195c14bec4_0,90,95,False,0.6961923087936548,0.6729577485754462,0.6758912578075275,0.7082054601829437,0.7223417516387062
mock,de,en-de(synthetic),4,0,none,,,,be5ecf7be7eda10c,de_k4_be5ecf7be7eda10c_4,90,95,False,0.8196065772702898,0.8314176793041451,0.8173834359704245,0.8490954900570143,0.8225167355083605
mock,de,en-de(synthetic),4,1,minor_accuracy,minor,accuracy,3,be5ecf7be7eda10c,de_k4_be5ecf7be7eda10c_4,90,95,False,0.8146556336984295,0.8314176793041451,0.8173834359704245,0.8490954900570143,0.7559826849256338
mock,de,en-de(synthetic),4,2,minor_accuracy,minor,accuracy,"1,2",be5ecf7be7eda10c,de_k4_be5ecf7be7eda10c_4,90,95,False,0.8142705694933827,0.8314176793041451,0.7683630113531815,0.8332387487216422,0.8225167355083605
mock,de,en-de(synthetic),4,3,minor_accuracy,minor,accuracy,"1,2,3",be5ecf7be7eda10c,de_k4_be5ecf7be7eda10c_4,90,95,False,0.7958985602350422,0.8314176793041451,0.7683630113531815,0.8332387487216422,0.7559826849256338
mock,de,en-de(synthetic),4,4,minor_accuracy,minor,accuracy,"0,1,2,3",be5ecf7be7eda10c,de_k4_be5ecf7be7eda10c_4,90,95,False,0.7780719878461453,0.7805349152793155,0.7683630113531815,0.8332387487216422,0.7559826849256338
mock,de,en-de(synthetic),4,1,minor_fluency,minor,fluency,3,be5ecf7be7eda10c,de_k4_be5ecf7be7eda10c_4,90,95,False,0.8237874718853465,0.8314176793041451,0.8173834359704245,0.8490954900570143,0.8099924883010012
mock,de,en-de(synthetic),4,2,minor_fluency,minor,fluency,"1,2",be5ecf7be7eda10c,de_k4_be5ecf7be7eda10c_4,90,95,False,0.7813963640305724,0.8314176793041451,0.8042454924487854,0.7483682882916453,0.8225167355083605
mock,de,en-de(synthetic),4,3,minor_fluency,minor,fluency,"1,2,3",be5ecf7be7eda10c,de_k4_be5ecf7be7eda10c_4,90,95,False,0.8102561251463567,0.8314176793041451,0.8042454924487854,0.7483682882916453,0.8099924883010012
mock,de,en-de(synthetic),4,4,minor_fluency,minor,fluency,"0,1,2,3",be5ecf7be7eda10c,de_k4_be5ecf7be7eda10c_4,90,95,False,0.8047502299605438,0.7836319196987324,0.8042454924487854,0.7483682882916453,0.8099924883010012
mock,de,en-de(synthetic),4,1,major_accuracy,major,accuracy,3,be5ecf7be7eda10c,de_k4_be5ecf7be7eda10c_4,90,95,False,0.6598894263063552,0.8314176793041451,0.8173834359704245,0.8490954900570143,0.5005214150116835
mock,de,en-de(synthetic),4,2,major_accuracy,major,accuracy,"1,2",be5ecf7be7eda10c,de_k4_be5ecf7be7eda10c_4,90,95,False,0.6449532186663022,0.8314176793041451,0.5430738081612063,0.5826436886152428,0.8225167355083605
mock,de,en-de(synthetic),4,3,major_accuracy,major,accuracy,"1,2,3",be5ecf7be7eda10c,de_k4_be5ecf7be7eda10c_4,90,95,False,0.5678378772257081,0.8314176793041451,0.5430738081612063,0.5826436886152428,0.5005214150116835
mock,de,en-de(synthetic),4,4,major_accuracy,major,accuracy,"0,1,2,3",be5ecf7be7eda10c,de_k4_be5ecf7be7eda10c_4,90,95,False,0.5388468990203916,0.5771557635070073,0.5430738081612063,0.5826436886152428,0.5005214150116835
mock,de,en-de(synthetic),4,1,major_fluency,major,fluency,3,be5ecf7be7eda10c,de_k4_be5ecf7be7eda10c_4,90,95,False,0.8110187149406386,0.8314176793041451,0.8173834359704245,0.8490954900570143,0.7711235346101082
mock,de,en-de(synthetic),4,2,major_fluency,major,fluency,"1,2",be5ecf7be7eda10c,de_k4_be5ecf7be7eda10c_4,90,95,False,0.7533060693222483,0.8314176793041451,0.7015736935542292,0.7410210030043788,0.8225167355083605
mock,de,en-de(synthetic),4,3,major_fluency,major,fluency,"1,2,3",be5ecf7be7eda10c,de_k4_be5ecf7be7eda10c_4,90,95,False,0.7569147132067462,0.8314176793041451,0.7015736935542292,0.7410210030043788,0.7711235346101082
mock,de,en-de(synthetic),4,4,major_fluency,major,fluency,"0,1,2,3",be5ecf7be7eda10c,de_k4_be5ecf7be7eda10c_4,90,95,False,0.7302015297880391,0.7357415717107948,0.7015736935542292,0.7410210030043788,0.7711235346101082
mock,de,en-de(synthetic),4,0,none,,,,560b468d07a4b853,de_k4_560b468d07a4b853_4,90,95,False,0.8748208510889746,0.8682208000173709,0.8771813078540484,0.8827406924580644,0.8694974491161138
mock,de,en-de(synthetic),4,1,minor_accuracy,minor,accuracy,0,560b468d07a4b853,de_k4_560b468d07a4b853_4,90,95,False,0.844696600350436,0.788466254953362,0.8771813078540484,0.8827406924580644,0.8694974491161138
mock,de,en-de(synthetic),4,2,minor_accuracy,minor,accuracy,"1,3",560b468d07a4b853,de_k4_560b468d07a4b853_4,90,95,False,0.8264317125847225,0.8682208000173709,0.8034346903540996,0.8827406924580644,0.7759100462375108
mock,de,en-de(synthetic),4,3,minor_accuracy,minor,accuracy,"0,1,2",560b468d07a4b853,de_k4_560b468d07a4b853_4,90,95,False,0.7936515140062026,0.788466254953362,0.8034346903540996,0.7765119535065924,0.8694974491161138
mock,de,en-de(synthetic),4,4,minor_accuracy,minor,accuracy,"0,1,2,3",560b468d07a4b853,de_k4_560b468d07a4b853_4,90,95,False,0.7693537712989102,0.788466254953362,0.8034346903540996,0.7765119535065924,0.7759100462375108
mock,de,en-de(synthetic),4,1,minor_fluency,minor,fluency,0,560b468d07a4b853,de_k4_560b468d07a4b853_4,90,95,False,0.8619586752516223,0.7981327910934751,0.8771813078540484,0.8827406924580644,0.8694974491161138
mock,de,en-de(synthetic),4,2,minor_fluency,minor,fluency,"1,3",560b468d07a4b853,de_k4_560b468d07a4b853_4,90,95,False,0.8579820045291502,0.8682208000173709,0.8219964399275186,0.8827406924580644,0.8431199405143543
mock,de,en-de(synthetic),4,3,minor_fluency,minor,fluency,"0,1,2",560b468d07a4b853,de_k4_560b468d07a4b853_4,90,95,False,0.8186209918958681,0.7981327910934751,0.8219964399275186,0.814603539215881,0.8694974491161138
mock,de,en-de(synthetic),4,4,minor_fluency,minor,fluency,"0,1,2,3",560b468d07a4b853,de_k4_560b468d07a4b853_4,90,95,False,0.819130491957578,0.7981327910934751,0.8219964399275186,0.814603539215881,0.8431199405143543
mock,de,en-de(synthetic),4,1,major_accuracy,major,accuracy,0,560b468d07a4b853,de_k4_560b468d07a4b853_4,90,95,False,0.7005917476324787,0.5503302377723005,0.8771813078540484,0.8827406924580644,0.8694974491161138
mock,de,en-de(synthetic),4,2,major_accuracy,major,accuracy,"1,3",560b468d07a4b853,de_k4_560b468d07a4b853_4,90,95,False,0.6186134895504989,0.8682208000173709,0.5540208194559388,0.8827406924580644,0.5408042974083327
mock,de,en-de(synthetic),4,3,major_accuracy,major,accuracy,"0,1,2",560b468d07a4b853,de_k4_560b468d07a4b853_4,90,95,False,0.6047552079052901,0.5503302377723005,0.5540208194559388,0.5888140049077761,0.8694974491161138
mock,de,en-de(synthetic),4,4,major_accuracy,major,accuracy,"0,1,2,3",560b468d07a4b853,de_k4_560b468d07a4b853_4,90,95,False,0.5592168104005337,0.5503302377723005,0.5540208194559388,0.5888140049077761,0.5408042974083327
mock,de,en-de(synthetic),4,1,major_fluency,major,fluency,0,560b468d07a4b853,de_k4_560b468d07a4b853_4,90,95,False,0.8133567438606324,0.7129680588818376,0.8771813078540484,0.8827406924580644,0.8694974491161138
mock,de,en-de(synthetic),4,2,major_fluency,major,fluency,"1,3",560b468d07a4b853,de_k4_560b468d07a4b853_4,90,95,False,0.7448053749082335,0.8682208000173709,0.6982167544439657,0.8827406924580644,0.6939624312580446
mock,de,en-de(synthetic),4,3,major_fluency,major,fluency,"0,1,2",560b468d07a4b853,de_k4_560b468d07a4b853_4,90,95,False,0.7381217280423779,0.7129680588818376,0.6982167544439657,0.7012484979178631,0.8694974491161138
mock,de,en-de(synthetic),4,4,major_fluency,major,fluency,"0,1,2,3",560b468d07a4b853,de_k4_560b468d07a4b853_4,90,95,False,0.7049210717694555,0.7129680588818376,0.6982167544439657,0.7012484979178631,0.6939624312580446
mock,de,en-de(synthetic),4,0,none,,,,6f6a57bcea9bc00e,de_k4_6f6a57bcea9bc00e_0,90,95,False,0.8404489137876228,0.8252303982338657,0.8759428093936037,0.8043017779367359,0.8999157411858105
mock,de,en-de(synthetic),4,1,minor_accuracy,minor,accuracy,1,6f6a57bcea9bc00e,de_k4_6f6a57bcea9bc00e_0,90,95,False,0.8311402268644172,0.8252303982338657,0.8042367727312646,0.8043017779367359,0.8999157411858105
mock,de,en-de(synthetic),4,2,minor_accuracy,minor,accuracy,"2,3",6f6a57bcea9bc00e,de_k4_6f6a57bcea9bc00e_0,90,95,False,0.7847784580948282,0.8252303982338657,0.8759428093936037,0.7622814595904717,0.7482218717121091
mock,de,en-de(synthetic),4,3,minor_accuracy,minor,accuracy,"0,1,3",6f6a57bcea9bc00e,de_k4_6f6a57bcea9bc00e_0,90,95,False,0.7764958738768084,0.7301504216546677,0.8042367727312646,0.8043017779367359,0.7482218717121091
mock,de,en-de(synthetic),4,4,minor_accuracy,minor,accuracy,"0,1,2,3",6f6a57bcea9bc00e,de_k4_6f6a57bcea9bc00e_0,90,95,False,0.7499356844411372,0.7301504216546677,0.8042367727312646,0.7622814595904717,0.7482218717121091
mock,de,en-de(synthetic),4,1,minor_fluency,minor,fluency,1,6f6a57bcea9bc00e,de_k4_6f6a57bcea9bc00e_0,90,95,False,0.8113544833625879,0.8252303982338657,0.7923396530555307,0.8043017779367359,0.8999157411858105
mock,de,en-de(synthetic),4,2,minor_fluency,minor,fluency,"2,3",6f6a57bcea9bc00e,de_k4_6f6a57bcea9bc00e_0,90,95,False,0.7946794654227325,0.8252303982338657,0.8759428093936037,0.7178663059375684,0.827802169714835
mock,de,en-de(synthetic),4,3,minor_fluency,minor,fluency,"0,1,3",6f6a57bcea9bc00e,de_k4_6f6a57bcea9bc00e_0,90,95,False,0.7985770389545317,0.8081891830681885,0.7923396530555307,0.8043017779367359,0.827802169714835
mock,de,en-de(synthetic),4,4,minor_fluency,minor,fluency,"0,1,2,3",6f6a57bcea9bc00e,de_k4_6f6a57bcea9bc00e_0,90,95,False,0.7806020989815348,0.8081891830681885,0.7923396530555307,0.7178663059375684,0.827802169714835
mock,de,en-de(synthetic),4,1,major_accuracy,major,accuracy,1,6f6a57bcea9bc00e,de_k4_6f6a57bcea9bc00e_0,90,95,False,0.696512822003919,0.8252303982338657,0.5489825314154713,0.8043017779367359,0.8999157411858105
mock,de,en-de(synthetic),4,2,major_accuracy,major,accuracy,"2,3",6f6a57bcea9bc00e,de_k4_6f6a57bcea9bc00e_0,90,95,False,0.6223154326073053,0.8252303982338657,0.8759428093936037,0.5412839810650343,0.5511028943549736
mock,de,en-de(synthetic),4,3,major_accuracy,major,accuracy,"0,1,3",6f6a57bcea9bc00e,de_k4_6f6a57bcea9bc00e_0,90,95,False,0.5872596622886291,0.5646743334880082,0.5489825314154713,0.8043017779367359,0.5511028943549736
mock,de,en-de(synthetic),4,4,major_accuracy,major,accuracy,"0,1,2,3",6f6a57bcea9bc00e,de_k4_6f6a57bcea9bc00e_0,90,95,False,0.5587695199315298,0.5646743334880082,0.5489825314154713,0.5412839810650343,0.5511028943549736
mock,de,en-de(synthetic),4,1,major_fluency,major,fluency,1,6f6a57bcea9bc00e,de_k4_6f6a57bcea9bc00e_0,90,95,False,0.7975370419499082,0.8252303982338657,0.6809049898351858,0.8043017779367359,0.8999157411858105
mock,de,en-de(synthetic),4,2,major_fluency,major,fluency,"2,3",6f6a57bcea9bc00e,de_k4_6f6a57bcea9bc00e_0,90,95,False,0.7098143584696318,0.8252303982338657,0.8759428093936037,0.6581607054965205,0.650986841463383
mock,de,en-de(synthetic),4,3,major_fluency,major,fluency,"0,1,3",6f6a57bcea9bc00e,de_k4_6f6a57bcea9bc00e_0,90,95,False,0.7097099487728392,0.7354625026572058,0.6809049898351858,0.8043017779367359,0.650986841463383
mock,de,en-de(synthetic),4,4,major_fluency,major,fluency,"0,1,2,3",6f6a57bcea9bc00e,de_k4_6f6a57bcea9bc00e_0,90,95,False,0.6700955236405001,0.7354625026572058,0.6809049898351858,0.6581607054965205,0.650986841463383
mock,de,en-de(synthetic),4,0,none,,,,0b6e615588c09741,de_k4_0b6e615588c09741_0,90,95,False,0.8682356840665665,0.8584443568976915,0.8748898197766001,0.8792733628800786,0.8498332614545319
mock,de,en-de(synthetic),4,1,minor_accuracy,minor,accuracy,2,0b6e615588c09741,de_k4_0b6e615588c09741_0,90,95,False,0.8493155518873168,0.8584443568976915,0.8748898197766001,0.7989375428772804,0.8498332614545319
mock,de,en-de(synthetic),4,2,minor_accuracy,minor,accuracy,"0,1",0b6e615588c09741,de_k4_0b6e615588c09741_0,90,95,False,0.8248190644554316,0.7511324149676549,0.791371852591737,0.8792733628800786,0.8498332614545319
mock,de,en-de(synthetic),4,3,minor_accuracy,minor,accuracy,"0,2,3",0b6e615588c09741,de_k4_0b6e615588c09741_0,90,95,False,0.7988609844260169,0.7511324149676549,0.8748898197766001,0.7989375428772804,0.7405888517547383
mock,de,en-de(synthetic),4,4,minor_accuracy,minor,accuracy,"0,1,2,3",0b6e615588c09741,de_k4_0b6e615588c09741_0,90,95,False,0.7707093999133766,0.7511324149676549,0.791371852591737,0.7989375428772804,0.7405888517547383
mock,de,en-de(synthetic),4,1,minor_fluency,minor,fluency,2,0b6e615588c09741,de_k4_0b6e615588c09741_0,90,95,False,0.8376013779800158,0.8584443568976915,0.8748898197766001,0.783082557078077,0.8498332614545319
mock,de,en-de(synthetic),4,2,minor_fluency,minor,fluency,"0,1",0b6e615588c09741,de_k4_0b6e615588c09741_0,90,95,False,0.8067294508989847,0.7868958603560119,0.7425442642483192,0.8792733628800786,0.8498332614545319
mock,de,en-de(synthetic),4,3,minor_fluency,minor,fluency,"0,2,3",0b6e615588c09741,de_k4_0b6e615588c09741_0,90,95,False,0.7934320706329498,0.7868958603560119,0.8748898197766001,0.783082557078077,0.7779541550273908
mock,de,en-de(synthetic),4,4,minor_fluency,minor,fluency,"0,1,2,3",0b6e615588c09741,de_k4_0b6e615588c09741_0,90,95,False,0.7711590904553249,0.7868958603560119,0.7425442642483192,0.783082557078077,0.7779541550273908
mock,de,en-de(synthetic),4,1,major_accuracy,major,accuracy,2,0b6e615588c09741,de_k4_0b6e615588c09741_0,90,95,False,0.718621527597668,0.8584443568976915,0.8748898197766001,0.5499744068346937,0.8498332614545319
mock,de,en-de(synthetic),4,2,major_accuracy,major,accuracy,"0,1",0b6e615588c09741,de_k4_0b6e615588c09741_0,90,95,False,0.6498064182300081,0.5785273306164604,0.5828097781704475,0.8792733628800786,0.8498332614545319
mock,de,en-de(synthetic),4,3,major_accuracy,major,accuracy,"0,2,3",0b6e615588c09741,de_k4_0b6e615588c09741_0,90,95,False,0.6073558839241302,0.5785273306164604,0.8748898197766001,0.5499744068346937,0.6024379760650238
mock,de,en-de(synthetic),4,4,major_accuracy,major,accuracy,"0,1,2,3",0b6e615588c09741,de_k4_0b6e615588c09741_0,90,95,False,0.5579248780563321,0.5785273306164604,0.5828097781704475,0.5499744068346937,0.6024379760650238
mock,de,en-de(synthetic),4,1,major_fluency,major,fluency,2,0b6e615588c09741,de_k4_0b6e615588c09741_0,90,95,False,0.8119132995502928,0.8584443568976915,0.8748898197766001,0.7130845149152591,0.8498332614545319
mock,de,en-de(synthetic),4,2,major_fluency,major,fluency,"0,1",0b6e615588c09741,de_k4_0b6e615588c09741_0,90,95,False,0.7840310966178475,0.722959813489487,0.7598996531619587,0.8792733628800786,0.8498332614545319
mock,de,en-de(synthetic),4,3,major_fluency,major,fluency,"0,2,3",0b6e615588c09741,de_k4_0b6e615588c09741_0,90,95,False,0.7504832785609192,0.722959813489487,0.8748898197766001,0.7130845149152591,0.7017210576800296
mock,de,en-de(synthetic),4,4,major_fluency,major,fluency,"0,1,2,3",0b6e615588c09741,de_k4_0b6e615588c09741_0,90,95,False,0.7212669205341656,0.722959813489487,0.7598996531619587,0.7130845149152591,0.7017210576800296
mock,de,en-de(synthetic),4,0,none,,,,030ef2c89e37167d,de_k4_030ef2c89e37167d_4,90,95,False,0.872142960879874,0.8790159632196983,0.8653872148554345,0.8705216415801618,0.8543966783557541
mock,de,en-de(synthetic),4,1,minor_accuracy,minor,accuracy,3,030ef2c89e37167d,de_k4_030ef2c89e37167d_4,90,95,False,0.8258281668378049,0.8790159632196983,0.8653872148554345,0.8705216415801618,0.7481098912676956
mock,de,en-de(synthetic),4,2,minor_accuracy,minor,accuracy,"0,2",030ef2c89e37167d,de_k4_030ef2c89e37167d_4,90,95,False,0.8194719092851225,0.8014438900473931,0.8653872148554345,0.7766373447549497,0.8543966783557541
mock,de,en-de(synthetic),4,3,minor_accuracy,minor,accuracy,"1,2,3",030ef2c89e37167d,de_k4_030ef2c89e37167d_4,90,95,False,0.7963603049339038,0.8790159632196983,0.7857217396534965,0.7766373447549497,0.7481098912676956
mock,de,en-de(synthetic),4,4,minor_accuracy,minor,accuracy,"0,1,2,3",030ef2c89e37167d,de_k4_030ef2c89e37167d_4,90,95,False,0.7625146390524109,0.8014438900473931,0.7857217396534965,0.7766373447549497,0.7481098912676956
mock,de,en-de(synthetic),4,1,minor_fluency,minor,fluency,3,030ef2c89e37167d,de_k4_030ef2c89e37167d_4,90,95,False,0.8324141990427489,0.8790159632196983,0.8653872148554345,0.8705216415801618,0.760561402361728
mock,de,en-de(synthetic),4,2,minor_fluency,minor,fluency,"0,2",030ef2c89e37167d,de_k4_030ef2c89e37167d_4,90,95,False,0.8109564664278586,0.8043769896402871,0.8653872148554345,0.7862457095254947,0.8543966783557541
mock,de,en-de(synthetic),4,3,minor_fluency,minor,fluency,"1,2,3",030ef2c89e37167d,de_k4_030ef2c89e37167d_4,90,95,False,0.794286749741608,0.8790159632196983,0.7837702628714485,0.7862457095254947,0.760561402361728
mock,de,en-de(synthetic),4,4,minor_fluency,minor,fluency,"0,1,2,3",030ef2c89e37167d,de_k4_030ef2c89e37167d_4,90,95,False,0.7831783138598087,0.8043769896402871,0.7837702628714485,0.7862457095254947,0.760561402361728
mock,de,en-de(synthetic),4,1,major_accuracy,major,accuracy,3,030ef2c89e37167d,de_k4_030ef2c89e37167d_4,90,95,False,0.7101959529461929,0.8790159632196983,0.8653872148554345,0.8705216415801618,0.5396858964020941
mock,de,en-de(synthetic),4,2,major_accuracy,major,accuracy,"0,2",030ef2c89e37167d,de_k4_030ef2c89e37167d_4,90,95,False,0.6061709324764346,0.5323972939821688,0.8653872148554345,0.5430932754422646,0.8543966783557541
mock,de,en-de(synthetic),4,3,major_accuracy,major,accuracy,"1,2,3",030ef2c89e37167d,de_k4_030ef2c89e37167d_4,90,95,False,0.5691190461794972,0.8790159632196983,0.5309463523909366,0.5430932754422646,0.5396858964020941
mock,de,en-de(synthetic),4,4,major_accuracy,major,accuracy,"0,1,2,3",030ef2c89e37167d,de_k4_030ef2c89e37167d_4,90,95,False,0.5331433348595653,0.5323972939821688,0.5309463523909366,0.5430932754422646,0.5396858964020941
mock,de,en-de(synthetic),4,1,major_fluency,major,fluency,3,030ef2c89e37167d,de_k4_030ef2c89e37167d_4,90,95,False,0.8292477248640064,0.8790159632196983,0.8653872148554345,0.8705216415801618,0.7072907685783822
mock,de,en-de(synthetic),4,2,major_fluency,major,fluency,"0,2",030ef2c89e37167d,de_k4_030ef2c89e37167d_4,90,95,False,0.7877747123283345,0.7066754506709294,0.8653872148554345,0.7601689053316057,0.8543966783557541
mock,de,en-de(synthetic),4,3,major_fluency,major,fluency,"1,2,3",030ef2c89e37167d,de_k4_030ef2c89e37167d_4,90,95,False,0.7537199446272079,0.8790159632196983,0.7137910568634105,0.7601689053316057,0.7072907685783822
mock,de,en-de(synthetic),4,4,major_fluency,major,fluency,"0,1,2,3",030ef2c89e37167d,de_k4_030ef2c89e37167d_4,90,95,False,0.7301428087254939,0.7066754506709294,0.7137910568634105,0.7601689053316057,0.7072907685783822
mock,de,en-de(synthetic),4,0,none,,,,d35f103f5c88d4f4,de_k4_d35f103f5c88d4f4_0,90,95,False,0.82799560882392,0.8206142302457194,0.8104341216182737,0.8413245513535546,0.8623081487770621
mock,de,en-de(synthetic),4,1,minor_accuracy,minor,accuracy,0,d35f103f5c88d4f4,de_k4_d35f103f5c88d4f4_0,90,95,False,0.8058217660127668,0.7658730740080606,0.8104341216182737,0.8413245513535546,0.8623081487770621
mock,de,en-de(synthetic),4,2,minor_accuracy,minor,accuracy,"0,3",d35f103f5c88d4f4,de_k4_d35f103f5c88d4f4_0,90,95,False,0.7914673902043625,0.7658730740080606,0.8104341216182737,0.8413245513535546,0.7752300260219506
mock,de,en-de(synthetic),4,3,minor_accuracy,minor,accuracy,"0,1,2",d35f103f5c88d4f4,de_k4_d35f103f5c88d4f4_0,90,95,False,0.7920748785344014,0.7658730740080606,0.7943256502958541,0.7191085854472299,0.8623081487770621
mock,de,en-de(synthetic),4,4,minor_accuracy,minor,accuracy,"0,1,2,3",d35f103f5c88d4f4,de_k4_d35f103f5c88d4f4_0,90,95,False,0.7632494555907313,0.7658730740080606,0.7943256502958541,0.7191085854472299,0.7752300260219506
mock,de,en-de(synthetic),4,1,minor_fluency,minor,fluency,0,d35f103f5c88d4f4,de_k4_d35f103f5c88d4f4_0,90,95,False,0.8348531656405758,0.8253378867422607,0.8104341216182737,0.8413245513535546,0.8623081487770621
mock,de,en-de(synthetic),4,2,minor_fluency,minor,fluency,"0,3",d35f103f5c88d4f4,de_k4_d35f103f5c88d4f4_0,90,95,False,0.799688464145255,0.8253378867422607,0.8104341216182737,0.8413245513535546,0.8213231678567972
mock,de,en-de(synthetic),4,3,minor_fluency,minor,fluency,"0,1,2",d35f103f5c88d4f4,de_k4_d35f103f5c88d4f4_0,90,95,False,0.8058313634253699,0.8253378867422607,0.7937694075434834,0.7646983431707254,0.8623081487770621
mock,de,en-de(synthetic),4,4,minor_fluency,minor,fluency,"0,1,2,3",d35f103f5c88d4f4,de_k4_d35f103f5c88d4f4_0,90,95,False,0.7969304801139596,0.8253378867422607,0.7937694075434834,0.7646983431707254,0.8213231678567972
mock,de,en-de(synthetic),4,1,major_accuracy,major,accuracy,0,d35f103f5c88d4f4,de_k4_d35f103f5c88d4f4_0,90,95,False,0.670016586045926,0.5264105432110497,0.8104341216182737,0.8413245513535546,0.8623081487770621
mock,de,en-de(synthetic),4,2,major_accuracy,major,accuracy,"0,3",d35f103f5c88d4f4,de_k4_d35f103f5c88d4f4_0,90,95,False,0.6003641922204734,0.5264105432110497,0.8104341216182737,0.8413245513535546,0.5309331042973162
mock,de,en-de(synthetic),4,3,major_accuracy,major,accuracy,"0,1,2",d35f103f5c88d4f4,de_k4_d35f103f5c88d4f4_0,90,95,False,0.5450429422046243,0.5264105432110497,0.516280262759286,0.5444945620092472,0.8623081487770621
mock,de,en-de(synthetic),4,4,major_accuracy,major,accuracy,"0,1,2,3",d35f103f5c88d4f4,de_k4_d35f103f5c88d4f4_0,90,95,False,0.5454004670356835,0.5264105432110497,0.516280262759286,0.5444945620092472,0.5309331042973162
mock,de,en-de(synthetic),4,1,major_fluency,major,fluency,0,d35f103f5c88d4f4,de_k4_d35f103f5c88d4f4_0,90,95,False,0.8033675204477055,0.7138518607944181,0.8104341216182737,0.8413245513535546,0.8623081487770621
mock,de,en-de(synthetic),4,2,major_fluency,major,fluency,"0,3",d35f103f5c88d4f4,de_k4_d35f103f5c88d4f4_0,90,95,False,0.7688651585206014,0.7138518607944181,0.8104341216182737,0.8413245513535546,0.7205284094342599
mock,de,en-de(synthetic),4,3,major_fluency,major,fluency,"0,1,2",d35f103f5c88d4f4,de_k4_d35f103f5c88d4f4_0,90,95,False,0.7294126156498182,0.7138518607944181,0.7145011180310161,0.6837770969208288,0.8623081487770621
mock,de,en-de(synthetic),4,4,major_fluency,major,fluency,"0,1,2,3",d35f103f5c88d4f4,de_k4_d35f103f5c88d4f4_0,90,95,False,0.7186642563212358,0.7138518607944181,0.7145011180310161,0.6837770969208288,0.7205284094342599
mock,de,en-de(synthetic),4,0,none,,,,7d8e1f42060eb89b,de_k4_7d8e1f42060eb89b_0,90,95,False,0.8697566228735681,0.8599703649356797,0.9035063539676345,0.8081396592934331,0.89555863340429
mock,de,en-de(synthetic),4,1,minor_accuracy,minor,accuracy,1,7d8e1f42060eb89b,de_k4_7d8e1f42060eb89b_0,90,95,False,0.8121977736994281,0.8599703649356797,0.7524769146421316,0.8081396592934331,0.89555863340429
mock,de,en-de(synthetic),4,2,minor_accuracy,minor,accuracy,"1,2",7d8e1f42060eb89b,de_k4_7d8e1f42060eb89b_0,90,95,False,0.7947147961000613,0.8599703649356797,0.7524769146421316,0.7501835433981073,0.89555863340429
mock,de,en-de(synthetic),4,3,minor_accuracy,minor,accuracy,"0,1,3",7d8e1f42060eb89b,de_k4_7d8e1f42060eb89b_0,90,95,False,0.8008862683799364,0.7872970191977594,0.7524769146421316,0.8081396592934331,0.8211749663904488
mock,de,en-de(synthetic),4,4,minor_accuracy,minor,accuracy,"0,1,2,3",7d8e1f42060eb89b,de_k4_7d8e1f42060eb89b_0,90,95,False,0.7820409710910058,0.7872970191977594,0.7524769146421316,0.7501835433981073,0.8211749663904488
mock,de,en-de(synthetic),4,1,minor_fluency,minor,fluency,1,7d8e1f42060eb89b,de_k4_7d8e1f42060eb89b_0,90,95,False,0.8341538359390176,0.8599703649356797,0.82926043702271,0.8081396592934331,0.89555863340429
mock,de,en-de(synthetic),4,2,minor_fluency,minor,fluency,"1,2",7d8e1f42060eb89b,de_k4_7d8e1f42060eb89b_0,90,95,False,0.8519022641804316,0.8599703649356797,0.82926043702271,0.80987257856632,0.89555863340429
mock,de,en-de(synthetic),4,3,minor_fluency,minor,fluency,"0,1,3",7d8e1f42060eb89b,de_k4_7d8e1f42060eb89b_0,90,95,False,0.8216905104475009,0.858129767384481,0.82926043702271,0.8081396592934331,0.777254176279212
mock,de,en-de(synthetic),4,4,minor_fluency,minor,fluency,"0,1,2,3",7d8e1f42060eb89b,de_k4_7d8e1f42060eb89b_0,90,95,False,0.8165991208665665,0.858129767384481,0.82926043702271,0.80987257856632,0.777254176279212
mock,de,en-de(synthetic),4,1,major_accuracy,major,accuracy,1,7d8e1f42060eb89b,de_k4_7d8e1f42060eb89b_0,90,95,False,0.6816891801453321,0.8599703649356797,0.5325916717002392,0.8081396592934331,0.89555863340429
mock,de,en-de(synthetic),4,2,major_accuracy,major,accuracy,"1,2",7d8e1f42060eb89b,de_k4_7d8e1f42060eb89b_0,90,95,False,0.6249704841461577,0.8599703649356797,0.5325916717002392,0.542794907780253,0.89555863340429
mock,de,en-de(synthetic),4,3,major_accuracy,major,accuracy,"0,1,3",7d8e1f42060eb89b,de_k4_7d8e1f42060eb89b_0,90,95,False,0.5888617863083492,0.5757340635496326,0.5325916717002392,0.8081396592934331,0.5837803892612135
mock,de,en-de(synthetic),4,4,major_accuracy,major,accuracy,"0,1,2,3",7d8e1f42060eb89b,de_k4_7d8e1f42060eb89b_0,90,95,False,0.5742049766287959,0.5757340635496326,0.5325916717002392,0.542794907780253,0.5837803892612135
mock,de,en-de(synthetic),4,1,major_fluency,major,fluency,1,7d8e1f42060eb89b,de_k4_7d8e1f42060eb89b_0,90,95,False,0.7968246048794263,0.8599703649356797,0.7090463648380855,0.8081396592934331,0.89555863340429
mock,de,en-de(synthetic),4,2,major_fluency,major,fluency,"1,2",7d8e1f42060eb89b,de_k4_7d8e1f42060eb89b_0,90,95,False,0.7379550778222452,0.8599703649356797,0.7090463648380855,0.6547320823942365,0.89555863340429
mock,de,en-de(synthetic),4,3,major_fluency,major,fluency,"0,1,3",7d8e1f42060eb89b,de_k4_7d8e1f42060eb89b_0,90,95,False,0.741982339067328,0.7191870575819159,0.7090463648380855,0.8081396592934331,0.6966983401766712
mock,de,en-de(synthetic),4,4,major_fluency,major,fluency,"0,1,2,3",7d8e1f42060eb89b,de_k4_7d8e1f42060eb89b_0,90,95,False,0.7097805723998669,0.7191870575819159,0.7090463648380855,0.6547320823942365,0.6966983401766712
mock,de,en-de(synthetic),4,0,none,,,,35f0132b45900329,de_k4_35f0132b45900329_0,90,95,False,0.8563612290167225,0.871797744874148,0.8124872692741271,0.8629305497152835,0.8662744890809781
mock,de,en-de(synthetic),4,1,minor_accuracy,minor,accuracy,2,35f0132b45900329,de_k4_35f0132b45900329_0,90,95,False,0.8379366048110097,0.871797744874148,0.8124872692741271,0.7958651647344512,0.8662744890809781
mock,de,en-de(synthetic),4,2,minor_accuracy,minor,accuracy,"1,3",35f0132b45900329,de_k4_35f0132b45900329_0,90,95,False,0.8335244876544232,0.871797744874148,0.7987515290409112,0.8629305497152835,0.8224073038544263
mock,de,en-de(synthetic),4,3,minor_accuracy,minor,accuracy,"0,2,3",35f0132b45900329,de_k4_35f0132b45900329_0,90,95,False,0.7812282700856166,0.7601740861382269,0.8124872692741271,0.7958651647344512,0.8224073038544263
mock,de,en-de(synthetic),4,4,minor_accuracy,minor,accuracy,"0,1,2,3",35f0132b45900329,de_k4_35f0132b45900329_0,90,95,False,0.8117113504253384,0.7601740861382269,0.7987515290409112,0.7958651647344512,0.8224073038544263
mock,de,en-de(synthetic),4,1,minor_fluency,minor,fluency,2,35f0132b45900329,de_k4_35f0132b45900329_0,90,95,False,0.8380803514019682,0.871797744874148,0.8124872692741271,0.806938650425082,0.8662744890809781
mock,de,en-de(synthetic),4,2,minor_fluency,minor,fluency,"1,3",35f0132b45900329,de_k4_35f0132b45900329_0,90,95,False,0.8404871424965141,0.871797744874148,0.7772382984942013,0.8629305497152835,0.786931409867213
mock,de,en-de(synthetic),4,3,minor_fluency,minor,fluency,"0,2,3",35f0132b45900329,de_k4_35f0132b45900329_0,90,95,False,0.8034496517625124,0.8119546738598866,0.8124872692741271,0.806938650425082,0.786931409867213
mock,de,en-de(synthetic),4,4,minor_fluency,minor,fluency,"0,1,2,3",35f0132b45900329,de_k4_35f0132b45900329_0,90,95,False,0.7927531874774916,0.8119546738598866,0.7772382984942013,0.806938650425082,0.786931409867213
mock,de,en-de(synthetic),4,1,major_accuracy,major,accuracy,2,35f0132b45900329,de_k4_35f0132b45900329_0,90,95,False,0.7238420357508738,0.871797744874148,0.8124872692741271,0.5958019324212587,0.8662744890809781
mock,de,en-de(synthetic),4,2,major_accuracy,major,accuracy,"1,3",35f0132b45900329,de_k4_35f0132b45900329_0,90,95,False,0.6553499592354309,0.871797744874148,0.5943154792127001,0.8629305497152835,0.5619041915004714
mock,de,en-de(synthetic),4,3,major_accuracy,major,accuracy,"0,2,3",35f0132b45900329,de_k4_35f0132b45900329_0,90,95,False,0.620735300537038,0.554774098937491,0.8124872692741271,0.5958019324212587,0.5619041915004714
mock,de,en-de(synthetic),4,4,major_accuracy,major,accuracy,"0,1,2,3",35f0132b45900329,de_k4_35f0132b45900329_0,90,95,False,0.5597697735452766,0.554774098937491,0.5943154792127001,0.5958019324212587,0.5619041915004714
mock,de,en-de(synthetic),4,1,major_fluency,major,fluency,2,35f0132b45900329,de_k4_35f0132b45900329_0,90,95,False,0.7697937971097669,0.871797744874148,0.8124872692741271,0.6459218349214185,0.8662744890809781
mock,de,en-de(synthetic),4,2,major_fluency,major,fluency,"1,3",35f0132b45900329,de_k4_35f0132b45900329_0,90,95,False,0.7594833840858406,0.871797744874148,0.686224474491589,0.8629305497152835,0.7343986948108968
mock,de,en-de(synthetic),4,3,major_fluency,major,fluency,"0,2,3",35f0132b45900329,de_k4_35f0132b45900329_0,90,95,False,0.6983671713213427,0.6831288838857591,0.8124872692741271,0.6459218349214185,0.7343986948108968
mock,de,en-de(synthetic),4,4,major_fluency,major,fluency,"0,1,2,3",35f0132b45900329,de_k4_35f0132b45900329_0,90,95,False,0.6856095144669966,0.6831288838857591,0.686224474491589,0.6459218349214185,0.7343986948108968
mock,de,en-de(synthetic),4,0,none,,,,03a0b21de9d5f072,de_k4_03a0b21de9d5f072_4,90,95,False,0.8361044565190755,0.822155482334056,0.8132335926886518,0.8413005190918531,0.8923748358750618
mock,de,en-de(synthetic),4,1,minor_accuracy,minor,accuracy,3,03a0b21de9d5f072,de_k4_03a0b21de9d5f072_4,90,95,False,0.8224552092941295,0.822155482334056,0.8132335926886518,0.8413005190918531,0.7792043606927931
mock,de,en-de(synthetic),4,2,minor_accuracy,minor,accuracy,"2,3",03a0b21de9d5f072,de_k4_03a0b21de9d5f072_4,90,95,False,0.8095710993691478,0.822155482334056,0.8132335926886518,0.7765723559340679,0.7792043606927931
mock,de,en-de(synthetic),4,3,minor_accuracy,minor,accuracy,"1,2,3",03a0b21de9d5f072,de_k4_03a0b21de9d5f072_4,90,95,False,0.7761953313810831,0.822155482334056,0.7293797890715507,0.7765723559340679,0.7792043606927931
mock,de,en-de(synthetic),4,4,minor_accuracy,minor,accuracy,"0,1,2,3",03a0b21de9d5f072,de_k4_03a0b21de9d5f072_4,90,95,False,0.7689777298463398,0.809716884645652,0.7293797890715507,0.7765723559340679,0.7792043606927931
mock,de,en-de(synthetic),4,1,minor_fluency,minor,fluency,3,03a0b21de9d5f072,de_k4_03a0b21de9d5f072_4,90,95,False,0.8173680515962451,0.822155482334056,0.8132335926886518,0.8413005190918531,0.8120685364862746
mock,de,en-de(synthetic),4,2,minor_fluency,minor,fluency,"2,3",03a0b21de9d5f072,de_k4_03a0b21de9d5f072_4,90,95,False,0.806033577008277,0.822155482334056,0.8132335926886518,0.7756958415973333,0.8120685364862746
mock,de,en-de(synthetic),4,3,minor_fluency,minor,fluency,"1,2,3",03a0b21de9d5f072,de_k4_03a0b21de9d5f072_4,90,95,False,0.8004005798336742,0.822155482334056,0.8446705202517037,0.7756958415973333,0.8120685364862746
mock,de,en-de(synthetic),4,4,minor_fluency,minor,fluency,"0,1,2,3",03a0b21de9d5f072,de_k4_03a0b21de9d5f072_4,90,95,False,0.8036913095765642,0.839393602657337,0.8446705202517037,0.7756958415973333,0.8120685364862746
mock,de,en-de(synthetic),4,1,major_accuracy,major,accuracy,3,03a0b21de9d5f072,de_k4_03a0b21de9d5f072_4,90,95,False,0.6759745582114304,0.822155482334056,0.8132335926886518,0.8413005190918531,0.5312079281964941
mock,de,en-de(synthetic),4,2,major_accuracy,major,accuracy,"2,3",03a0b21de9d5f072,de_k4_03a0b21de9d5f072_4,90,95,False,0.5858602114829746,0.822155482334056,0.8132335926886518,0.5192309149433985,0.5312079281964941
mock,de,en-de(synthetic),4,3,major_accuracy,major,accuracy,"1,2,3",03a0b21de9d5f072,de_k4_03a0b21de9d5f072_4,90,95,False,0.564618660189516,0.822155482334056,0.5329334219367383,0.5192309149433985,0.5312079281964941
mock,de,en-de(synthetic),4,4,major_accuracy,major,accuracy,"0,1,2,3",03a0b21de9d5f072,de_k4_03a0b21de9d5f072_4,90,95,False,0.5155363856682802,0.5249499634654575,0.5329334219367383,0.5192309149433985,0.5312079281964941
mock,de,en-de(synthetic),4,1,major_fluency,major,fluency,3,03a0b21de9d5f072,de_k4_03a0b21de9d5f072_4,90,95,False,0.7984028084389884,0.822155482334056,0.8132335926886518,0.8413005190918531,0.718989611199312
mock,de,en-de(synthetic),4,2,major_fluency,major,fluency,"2,3",03a0b21de9d5f072,de_k4_03a0b21de9d5f072_4,90,95,False,0.776226225832066,0.822155482334056,0.8132335926886518,0.7371415857660926,0.718989611199312
mock,de,en-de(synthetic),4,3,major_fluency,major,fluency,"1,2,3",03a0b21de9d5f072,de_k4_03a0b21de9d5f072_4,90,95,False,0.72648821461133,0.822155482334056,0.68912943065535,0.7371415857660926,0.718989611199312
mock,de,en-de(synthetic),4,4,major_fluency,major,fluency,"0,1,2,3",03a0b21de9d5f072,de_k4_03a0b21de9d5f072_4,90,95,False,0.7127845232235899,0.7152028858185085,0.68912943065535,0.7371415857660926,0.718989611199312
mock,de,en-de(synthetic),4,0,none,,,,5bfed2e9eb424112,de_k4_5bfed2e9eb424112_0,90,95,False,0.8313251682233223,0.7858784727053253,0.843857868740795,0.8916173325457083,0.8620694002730398
mock,de,en-de(synthetic),4,1,minor_accuracy,minor,accuracy,0,5bfed2e9eb424112,de_k4_5bfed2e9eb424112_0,90,95,False,0.8342296839829537,0.777224912744708,0.843857868740795,0.8916173325457083,0.8620694002730398
mock,de,en-de(synthetic),4,2,minor_accuracy,minor,accuracy,"0,1",5bfed2e9eb424112,de_k4_5bfed2e9eb424112_0,90,95,False,0.79929138212222,0.777224912744708,0.7783898198202879,0.8916173325457083,0.8620694002730398
mock,de,en-de(synthetic),4,3,minor_accuracy,minor,accuracy,"0,1,2",5bfed2e9eb424112,de_k4_5bfed2e9eb424112_0,90,95,False,0.7665824996954291,0.777224912744708,0.7783898198202879,0.7505627884467458,0.8620694002730398
mock,de,en-de(synthetic),4,4,minor_accuracy,minor,accuracy,"0,1,2,3",5bfed2e9eb424112,de_k4_5bfed2e9eb424112_0,90,95,False,0.7890387528965448,0.777224912744708,0.7783898198202879,0.7505627884467458,0.8386545982209788
mock,de,en-de(synthetic),4,1,minor_fluency,minor,fluency,0,5bfed2e9eb424112,de_k4_5bfed2e9eb424112_0,90,95,False,0.8271716294099405,0.731454935717236,0.843857868740795,0.8916173325457083,0.8620694002730398
mock,de,en-de(synthetic),4,2,minor_fluency,minor,fluency,"0,1",5bfed2e9eb424112,de_k4_5bfed2e9eb424112_0,90,95,False,0.8054263407491319,0.731454935717236,0.7862655700775831,0.8916173325457083,0.8620694002730398
mock,de,en-de(synthetic),4,3,minor_fluency,minor,fluency,"0,1,2",5bfed2e9eb424112,de_k4_5bfed2e9eb424112_0,90,95,False,0.7940656324550329,0.731454935717236,0.7862655700775831,0.8210630880644851,0.8620694002730398
mock,de,en-de(synthetic),4,4,minor_fluency,minor,fluency,"0,1,2,3",5bfed2e9eb424112,de_k4_5bfed2e9eb424112_0,90,95,False,0.7875392903098468,0.731454935717236,0.7862655700775831,0.8210630880644851,0.8262202702175676
mock,de,en-de(synthetic),4,1,major_accuracy,major,accuracy,0,5bfed2e9eb424112,de_k4_5bfed2e9eb424112_0,90,95,False,0.6456181392625755,0.4880828687960655,0.843857868740795,0.8916173325457083,0.8620694002730398
mock,de,en-de(synthetic),4,2,major_accuracy,major,accuracy,"0,1",5bfed2e9eb424112,de_k4_5bfed2e9eb424112_0,90,95,False,0.6055778558775377,0.4880828687960655,0.5961600819017223,0.8916173325457083,0.8620694002730398
mock,de,en-de(synthetic),4,3,major_accuracy,major,accuracy,"0,1,2",5bfed2e9eb424112,de_k4_5bfed2e9eb424112_0,90,95,False,0.5517701332640694,0.4880828687960655,0.5961600819017223,0.5311461123365717,0.8620694002730398
mock,de,en-de(synthetic),4,4,major_accuracy,major,accuracy,"0,1,2,3",5bfed2e9eb424112,de_k4_5bfed2e9eb424112_0,90,95,False,0.5098113304577007,0.4880828687960655,0.5961600819017223,0.5311461123365717,0.47230676568699176
mock,de,en-de(synthetic),4,1,major_fluency,major,fluency,0,5bfed2e9eb424112,de_k4_5bfed2e9eb424112_0,90,95,False,0.812784953686902,0.6960635878657389,0.843857868740795,0.8916173325457083,0.8620694002730398
mock,de,en-de(synthetic),4,2,major_fluency,major,fluency,"0,1",5bfed2e9eb424112,de_k4_5bfed2e9eb424112_0,90,95,False,0.7657814313416733,0.6960635878657389,0.7131436995055405,0.8916173325457083,0.8620694002730398
mock,de,en-de(synthetic),4,3,major_fluency,major,fluency,"0,1,2",5bfed2e9eb424112,de_k4_5bfed2e9eb424112_0,90,95,False,0.7501104006558655,0.6960635878657389,0.7131436995055405,0.7226576692082523,0.8620694002730398
mock,de,en-de(synthetic),4,4,major_fluency,major,fluency,"0,1,2,3",5bfed2e9eb424112,de_k4_5bfed2e9eb424112_0,90,95,False,0.710930093341186,0.6960635878657389,0.7131436995055405,0.7226576692082523,0.7327886684234657
mock,de,en-de(synthetic),4,0,none,,,,be5ecf7be7eda10c,de_k4_be5ecf7be7eda10c_0,90,95,False,0.8529833611535059,0.8551463655798002,0.8250696435941756,0.8331712903175733,0.8727467542457724
mock,de,en-de(synthetic),4,1,minor_accuracy,minor,accuracy,1,be5ecf7be7eda10c,de_k4_be5ecf7be7eda10c_0,90,95,False,0.8372438384448552,0.8551463655798002,0.7884256107806537,0.8331712903175733,0.8727467542457724
mock,de,en-de(synthetic),4,2,minor_accuracy,minor,accuracy,"0,2",be5ecf7be7eda10c,de_k4_be5ecf7be7eda10c_0,90,95,False,0.8094383010684584,0.751973775177679,0.8250696435941756,0.7856903023859924,0.8727467542457724
mock,de,en-de(synthetic),4,3,minor_accuracy,minor,accuracy,"0,1,3",be5ecf7be7eda10c,de_k4_be5ecf7be7eda10c_0,90,95,False,0.8045983198265625,0.751973775177679,0.7884256107806537,0.8331712903175733,0.7820288157894146
mock,de,en-de(synthetic),4,4,minor_accuracy,minor,accuracy,"0,1,2,3",be5ecf7be7eda10c,de_k4_be5ecf7be7eda10c_0,90,95,False,0.7608398856097762,0.751973775177679,0.7884256107806537,0.7856903023859924,0.7820288157894146
mock,de,en-de(synthetic),4,1,minor_fluency,minor,fluency,1,be5ecf7be7eda10c,de_k4_be5ecf7be7eda10c_0,90,95,False,0.8521488658300819,0.8551463655798002,0.8139015433666408,0.8331712903175733,0.8727467542457724
mock,de,en-de(synthetic),4,2,minor_fluency,minor,fluency,"0,2",be5ecf7be7eda10c,de_k4_be5ecf7be7eda10c_0,90,95,False,0.8272721107614829,0.8242244400534358,0.8250696435941756,0.7825126377036915,0.8727467542457724
mock,de,en-de(synthetic),4,3,minor_fluency,minor,fluency,"0,1,3",be5ecf7be7eda10c,de_k4_be5ecf7be7eda10c_0,90,95,False,0.8042419682778078,0.8242244400534358,0.8139015433666408,0.8331712903175733,0.8109547283092371
mock,de,en-de(synthetic),4,4,minor_fluency,minor,fluency,"0,1,2,3",be5ecf7be7eda10c,de_k4_be5ecf7be7eda10c_0,90,95,False,0.804202787437323,0.8242244400534358,0.8139015433666408,0.7825126377036915,0.8109547283092371
mock,de,en-de(synthetic),4,1,major_accuracy,major,accuracy,1,be5ecf7be7eda10c,de_k4_be5ecf7be7eda10c_0,90,95,False,0.7258718661043417,0.8551463655798002,0.574580581172152,0.8331712903175733,0.8727467542457724
mock,de,en-de(synthetic),4,2,major_accuracy,major,accuracy,"0,2",be5ecf7be7eda10c,de_k4_be5ecf7be7eda10c_0,90,95,False,0.6132218148165377,0.5839043631949279,0.8250696435941756,0.4999994929623292,0.8727467542457724
mock,de,en-de(synthetic),4,3,major_accuracy,major,accuracy,"0,1,3",be5ecf7be7eda10c,de_k4_be5ecf7be7eda10c_0,90,95,False,0.6093561690871906,0.5839043631949279,0.574580581172152,0.8331712903175733,0.5292845316335706
mock,de,en-de(synthetic),4,4,major_accuracy,major,accuracy,"0,1,2,3",be5ecf7be7eda10c,de_k4_be5ecf7be7eda10c_0,90,95,False,0.562672842907165,0.5839043631949279,0.574580581172152,0.4999994929623292,0.5292845316335706
mock,de,en-de(synthetic),4,1,major_fluency,major,fluency,1,be5ecf7be7eda10c,de_k4_be5ecf7be7eda10c_0,90,95,False,0.8063248877939994,0.8551463655798002,0.6914318015242338,0.8331712903175733,0.8727467542457724
mock,de,en-de(synthetic),4,2,major_fluency,major,fluency,"0,2",be5ecf7be7eda10c,de_k4_be5ecf7be7eda10c_0,90,95,False,0.7304128129923786,0.6471113535296925,0.8250696435941756,0.6868533447423801,0.8727467542457724
mock,de,en-de(synthetic),4,3,major_fluency,major,fluency,"0,1,3",be5ecf7be7eda10c,de_k4_be5ecf7be7eda10c_0,90,95,False,0.7028463221870018,0.6471113535296925,0.6914318015242338,0.8331712903175733,0.6909706015721947
mock,de,en-de(synthetic),4,4,major_fluency,major,fluency,"0,1,2,3",be5ecf7be7eda10c,de_k4_be5ecf7be7eda10c_0,90,95,False,0.6906546549846493,0.6471113535296925,0.6914318015242338,0.6868533447423801,0.6909706015721947
mock,de,en-de(synthetic),4,0,none,,,,dc2f27b8b410ffda,de_k4_dc2f27b8b410ffda_0,90,95,False,0.8315766123384425,0.8343415887968041,0.8353286042183452,0.8476299694065608,0.8460451229247969
mock,de,en-de(synthetic),4,1,minor_accuracy,minor,accuracy,2,dc2f27b8b410ffda,de_k4_dc2f27b8b410ffda_0,90,95,False,0.8011006897865,0.8343415887968041,0.8353286042183452,0.7459944378985535,0.8460451229247969
mock,de,en-de(synthetic),4,2,minor_accuracy,minor,accuracy,"0,3",dc2f27b8b410ffda,de_k4_dc2f27b8b410ffda_0,90,95,False,0.8347996894638632,0.8081827000515401,0.8353286042183452,0.8476299694065608,0.7994443047692201
mock,de,en-de(synthetic),4,3,minor_accuracy,minor,accuracy,"0,2,3",dc2f27b8b410ffda,de_k4_dc2f27b8b410ffda_0,90,95,False,0.7791235036196602,0.8081827000515401,0.8353286042183452,0.7459944378985535,0.7994443047692201
mock,de,en-de(synthetic),4,4,minor_accuracy,minor,accuracy,"0,1,2,3",dc2f27b8b410ffda,de_k4_dc2f27b8b410ffda_0,90,95,False,0.7788311407454496,0.8081827000515401,0.7605381824439316,0.7459944378985535,0.7994443047692201
mock,de,en-de(synthetic),4,1,minor_fluency,minor,fluency,2,dc2f27b8b410ffda,de_k4_dc2f27b8b410ffda_0,90,95,False,0.8151659710926943,0.8343415887968041,0.8353286042183452,0.7552713725628907,0.8460451229247969
mock,de,en-de(synthetic),4,2,minor_fluency,minor,fluency,"0,3",dc2f27b8b410ffda,de_k4_dc2f27b8b410ffda_0,90,95,False,0.8100113129960935,0.7521035383895536,0.8353286042183452,0.8476299694065608,0.8431573464523429
mock,de,en-de(synthetic),4,3,minor_fluency,minor,fluency,"0,2,3",dc2f27b8b410ffda,de_k4_dc2f27b8b410ffda_0,90,95,False,0.7941198300736583,0.7521035383895536,0.8353286042183452,0.7552713725628907,0.8431573464523429
mock,de,en-de(synthetic),4,4,minor_fluency,minor,fluency,"0,1,2,3",dc2f27b8b410ffda,de_k4_dc2f27b8b410ffda_0,90,95,False,0.7821681024082047,0.7521035383895536,0.7841611251108526,0.7552713725628907,0.8431573464523429
mock,de,en-de(synthetic),4,1,major_accuracy,major,accuracy,2,dc2f27b8b410ffda,de_k4_dc2f27b8b410ffda_0,90,95,False,0.7418211145679319,0.8343415887968041,0.8353286042183452,0.6062135662774428,0.8460451229247969
mock,de,en-de(synthetic),4,2,major_accuracy,major,accuracy,"0,3",dc2f27b8b410ffda,de_k4_dc2f27b8b410ffda_0,90,95,False,0.6178526638654762,0.5297712026450794,0.8353286042183452,0.8476299694065608,0.5712121375217709
mock,de,en-de(synthetic),4,3,major_accuracy,major,accuracy,"0,2,3",dc2f27b8b410ffda,de_k4_dc2f27b8b410ffda_0,90,95,False,0.5943537123373605,0.5297712026450794,0.8353286042183452,0.6062135662774428,0.5712121375217709
mock,de,en-de(synthetic),4,4,major_accuracy,major,accuracy,"0,1,2,3",dc2f27b8b410ffda,de_k4_dc2f27b8b410ffda_0,90,95,False,0.5655139170566476,0.5297712026450794,0.553051618788545,0.6062135662774428,0.5712121375217709
mock,de,en-de(synthetic),4,1,major_fluency,major,fluency,2,dc2f27b8b410ffda,de_k4_dc2f27b8b410ffda_0,90,95,False,0.8047344978962856,0.8343415887968041,0.8353286042183452,0.7291678922262769,0.8460451229247969
mock,de,en-de(synthetic),4,2,major_fluency,major,fluency,"0,3",dc2f27b8b410ffda,de_k4_dc2f27b8b410ffda_0,90,95,False,0.7864567244098476,0.7230360249284093,0.8353286042183452,0.8476299694065608,0.7221400641510118
mock,de,en-de(synthetic),4,3,major_fluency,major,fluency,"0,2,3",dc2f27b8b410ffda,de_k4_dc2f27b8b410ffda_0,90,95,False,0.7169985283480236,0.7230360249284093,0.8353286042183452,0.7291678922262769,0.7221400641510118
mock,de,en-de(synthetic),4,4,major_fluency,major,fluency,"0,1,2,3",dc2f27b8b410ffda,de_k4_dc2f27b8b410ffda_0,90,95,False,0.727736056494274,0.7230360249284093,0.6936581200072311,0.7291678922262769,0.7221400641510118
mock,de,en-de(synthetic),4,0,none,,,,9b60fb443424dcdb,de_k4_9b60fb443424dcdb_0,90,95,False,0.8318758559172823,0.7869844113317587,0.8742601721074926,0.8298564721647479,0.8424512639330921
mock,de,en-de(synthetic),4,1,minor_accuracy,minor,accuracy,3,9b60fb443424dcdb,de_k4_9b60fb443424dcdb_0,90,95,False,0.8241015705095234,0.7869844113317587,0.8742601721074926,0.8298564721647479,0.7899920053414042
mock,de,en-de(synthetic),4,2,minor_accuracy,minor,accuracy,"1,2",9b60fb443424dcdb,de_k4_9b60fb443424dcdb_0,90,95,False,0.7461433049673354,0.7869844113317587,0.7336918400109419,0.7128728509094202,0.8424512639330921
mock,de,en-de(synthetic),4,3,minor_accuracy,minor,accuracy,"1,2,3",9b60fb443424dcdb,de_k4_9b60fb443424dcdb_0,90,95,False,0.7412452397008398,0.7869844113317587,0.7336918400109419,0.7128728509094202,0.7899920053414042
mock,de,en-de(synthetic),4,4,minor_accuracy,minor,accuracy,"0,1,2,3",9b60fb443424dcdb,de_k4_9b60fb443424dcdb_0,90,95,False,0.7434132338165244,0.7611684896271785,0.7336918400109419,0.7128728509094202,0.7899920053414042
mock,de,en-de(synthetic),4,1,minor_fluency,minor,fluency,3,9b60fb443424dcdb,de_k4_9b60fb443424dcdb_0,90,95,False,0.8319584534742004,0.7869844113317587,0.8742601721074926,0.8298564721647479,0.8445004251693666
mock,de,en-de(synthetic),4,2,minor_fluency,minor,fluency,"1,2",9b60fb443424dcdb,de_k4_9b60fb443424dcdb_0,90,95,False,0.8115535379708335,0.7869844113317587,0.8499236445675096,0.7315288704184207,0.8424512639330921
mock,de,en-de(synthetic),4,3,minor_fluency,minor,fluency,"1,2,3",9b60fb443424dcdb,de_k4_9b60fb443424dcdb_0,90,95,False,0.7910359604835695,0.7869844113317587,0.8499236445675096,0.7315288704184207,0.8445004251693666
mock,de,en-de(synthetic),4,4,minor_fluency,minor,fluency,"0,1,2,3",9b60fb443424dcdb,de_k4_9b60fb443424dcdb_0,90,95,False,0.7903777073497072,0.8037752888317481,0.8499236445675096,0.7315288704184207,0.8445004251693666
mock,de,en-de(synthetic),4,1,major_accuracy,major,accuracy,3,9b60fb443424dcdb,de_k4_9b60fb443424dcdb_0,90,95,False,0.6862441113751446,0.7869844113317587,0.8742601721074926,0.8298564721647479,0.522284714965987
mock,de,en-de(synthetic),4,2,major_accuracy,major,accuracy,"1,2",9b60fb443424dcdb,de_k4_9b60fb443424dcdb_0,90,95,False,0.6346000062818774,0.7869844113317587,0.6075591772585442,0.5383800878816398,0.8424512639330921
mock,de,en-de(synthetic),4,3,major_accuracy,major,accuracy,"1,2,3",9b60fb443424dcdb,de_k4_9b60fb443424dcdb_0,90,95,False,0.5753580180827673,0.7869844113317587,0.6075591772585442,0.5383800878816398,0.522284714965987
mock,de,en-de(synthetic),4,4,major_accuracy,major,accuracy,"0,1,2,3",9b60fb443424dcdb,de_k4_9b60fb443424dcdb_0,90,95,False,0.5389904429609311,0.518544817228533,0.6075591772585442,0.5383800878816398,0.522284714965987
mock,de,en-de(synthetic),4,1,major_fluency,major,fluency,3,9b60fb443424dcdb,de_k4_9b60fb443424dcdb_0,90,95,False,0.7958693083791609,0.7869844113317587,0.8742601721074926,0.8298564721647479,0.7035447075515687
mock,de,en-de(synthetic),4,2,major_fluency,major,fluency,"1,2",9b60fb443424dcdb,de_k4_9b60fb443424dcdb_0,90,95,False,0.7302711815581546,0.7869844113317587,0.6805185281261568,0.6925997825526292,0.8424512639330921
mock,de,en-de(synthetic),4,3,major_fluency,major,fluency,"1,2,3",9b60fb443424dcdb,de_k4_9b60fb443424dcdb_0,90,95,False,0.7194959661294084,0.7869844113317587,0.6805185281261568,0.6925997825526292,0.7035447075515687
mock,de,en-de(synthetic),4,4,major_fluency,major,fluency,"0,1,2,3",9b60fb443424dcdb,de_k4_9b60fb443424dcdb_0,90,95,False,0.6765453730888674,0.6680694693228962,0.6805185281261568,0.6925997825526292,0.7035447075515687
mock,de,en-de(synthetic),4,0,none,,,,54388b3c6278da69,de_k4_54388b3c6278da69_4,90,95,False,0.8303136115006384,0.8206122725685172,0.8787765922303978,0.8163904455663964,0.8686570005850482
mock,de,en-de(synthetic),4,1,minor_accuracy,minor,accuracy,0,54388b3c6278da69,de_k4_54388b3c6278da69_4,90,95,False,0.812164997801273,0.751726810091987,0.8787765922303978,0.8163904455663964,0.8686570005850482
mock,de,en-de(synthetic),4,2,minor_accuracy,minor,accuracy,"1,3",54388b3c6278da69,de_k4_54388b3c6278da69_4,90,95,False,0.7995287501544036,0.8206122725685172,0.7760490488146247,0.8163904455663964,0.7768402380296153
mock,de,en-de(synthetic),4,3,minor_accuracy,minor,accuracy,"0,1,2",54388b3c6278da69,de_k4_54388b3c6278da69_4,90,95,False,0.7891814165425481,0.751726810091987,0.7760490488146247,0.7683038221736818,0.8686570005850482
mock,de,en-de(synthetic),4,4,minor_accuracy,minor,accuracy,"0,1,2,3",54388b3c6278da69,de_k4_54388b3c6278da69_4,90,95,False,0.7541055123439658,0.751726810091987,0.7760490488146247,0.7683038221736818,0.7768402380296153
mock,de,en-de(synthetic),4,1,minor_fluency,minor,fluency,0,54388b3c6278da69,de_k4_54388b3c6278da69_4,90,95,False,0.8380830712804234,0.7518178884377115,0.8787765922303978,0.8163904455663964,0.8686570005850482
mock,de,en-de(synthetic),4,2,minor_fluency,minor,fluency,"1,3",54388b3c6278da69,de_k4_54388b3c6278da69_4,90,95,False,0.8179128959513139,0.8206122725685172,0.8084038761974784,0.8163904455663964,0.8090316616724589
mock,de,en-de(synthetic),4,3,minor_fluency,minor,fluency,"0,1,2",54388b3c6278da69,de_k4_54388b3c6278da69_4,90,95,False,0.7847974539161817,0.7518178884377115,0.8084038761974784,0.8008415395672994,0.8686570005850482
mock,de,en-de(synthetic),4,4,minor_fluency,minor,fluency,"0,1,2,3",54388b3c6278da69,de_k4_54388b3c6278da69_4,90,95,False,0.790937292391639,0.7518178884377115,0.8084038761974784,0.8008415395672994,0.8090316616724589
mock,de,en-de(synthetic),4,1,major_accuracy,major,accuracy,0,54388b3c6278da69,de_k4_54388b3c6278da69_4,90,95,False,0.7199468204637182,0.5586693071477133,0.8787765922303978,0.8163904455663964,0.8686570005850482
mock,de,en-de(synthetic),4,2,major_accuracy,major,accuracy,"1,3",54388b3c6278da69,de_k4_54388b3c6278da69_4,90,95,False,0.6333085262297903,0.8206122725685172,0.5891501740906009,0.8163904455663964,0.5504989703450534
mock,de,en-de(synthetic),4,3,major_accuracy,major,accuracy,"0,1,2",54388b3c6278da69,de_k4_54388b3c6278da69_4,90,95,False,0.5840968637154509,0.5586693071477133,0.5891501740906009,0.512008423579688,0.8686570005850482
mock,de,en-de(synthetic),4,4,major_accuracy,major,accuracy,"0,1,2,3",54388b3c6278da69,de_k4_54388b3c6278da69_4,90,95,False,0.5613011661162549,0.5586693071477133,0.5891501740906009,0.512008423579688,0.5504989703450534
mock,de,en-de(synthetic),4,1,major_fluency,major,fluency,0,54388b3c6278da69,de_k4_54388b3c6278da69_4,90,95,False,0.7779971257028052,0.6892783808280437,0.8787765922303978,0.8163904455663964,0.8686570005850482
mock,de,en-de(synthetic),4,2,major_fluency,major,fluency,"1,3",54388b3c6278da69,de_k4_54388b3c6278da69_4,90,95,False,0.7432400228463221,0.8206122725685172,0.7098343309820188,0.8163904455663964,0.666055422011675
mock,de,en-de(synthetic),4,3,major_fluency,major,fluency,"0,1,2",54388b3c6278da69,de_k4_54388b3c6278da69_4,90,95,False,0.713003593432749,0.6892783808280437,0.7098343309820188,0.6507496126928353,0.8686570005850482
mock,de,en-de(synthetic),4,4,major_fluency,major,fluency,"0,1,2,3",54388b3c6278da69,de_k4_54388b3c6278da69_4,90,95,False,0.6917081930019313,0.6892783808280437,0.7098343309820188,0.6507496126928353,0.666055422011675
mock,de,en-de(synthetic),4,0,none,,,,a035f57b8e941bc0,de_k4_a035f57b8e941bc0_4,90,95,False,0.8376047304698231,0.8639137685425574,0.837591382001624,0.8659196620269528,0.8200043708153826
mock,de,en-de(synthetic),4,1,minor_accuracy,minor,accuracy,1,a035f57b8e941bc0,de_k4_a035f57b8e941bc0_4,90,95,False,0.842929401099751,0.8639137685425574,0.7993309713428789,0.8659196620269528,0.8200043708153826
mock,de,en-de(synthetic),4,2,minor_accuracy,minor,accuracy,"2,3",a035f57b8e941bc0,de_k4_a035f57b8e941bc0_4,90,95,False,0.7928270800270706,0.8639137685425574,0.837591382001624,0.7727485071250529,0.7679954825339689
mock,de,en-de(synthetic),4,3,minor_accuracy,minor,accuracy,"0,1,3",a035f57b8e941bc0,de_k4_a035f57b8e941bc0_4,90,95,False,0.8214647503731833,0.812342769527581,0.7993309713428789,0.8659196620269528,0.7679954825339689
mock,de,en-de(synthetic),4,4,minor_accuracy,minor,accuracy,"0,1,2,3",a035f57b8e941bc0,de_k4_a035f57b8e941bc0_4,90,95,False,0.7886742800795944,0.812342769527581,0.7993309713428789,0.7727485071250529,0.7679954825339689
mock,de,en-de(synthetic),4,1,minor_fluency,minor,fluency,1,a035f57b8e941bc0,de_k4_a035f57b8e941bc0_4,90,95,False,0.8460223800697801,0.8639137685425574,0.8121112507025453,0.8659196620269528,0.8200043708153826
mock,de,en-de(synthetic),4,2,minor_fluency,minor,fluency,"2,3",a035f57b8e941bc0,de_k4_a035f57b8e941bc0_4,90,95,False,0.8332489879879111,0.8639137685425574,0.837591382001624,0.8822175473727433,0.776014270836413
mock,de,en-de(synthetic),4,3,minor_fluency,minor,fluency,"0,1,3",a035f57b8e941bc0,de_k4_a035f57b8e941bc0_4,90,95,False,0.8098240748779515,0.7984086669329035,0.8121112507025453,0.8659196620269528,0.776014270836413
mock,de,en-de(synthetic),4,4,minor_fluency,minor,fluency,"0,1,2,3",a035f57b8e941bc0,de_k4_a035f57b8e941bc0_4,90,95,False,0.809599604657832,0.7984086669329035,0.8121112507025453,0.8822175473727433,0.776014270836413
mock,de,en-de(synthetic),4,1,major_accuracy,major,accuracy,1,a035f57b8e941bc0,de_k4_a035f57b8e941bc0_4,90,95,False,0.721993545756592,0.8639137685425574,0.5604414313066688,0.8659196620269528,0.8200043708153826
mock,de,en-de(synthetic),4,2,major_accuracy,major,accuracy,"2,3",a035f57b8e941bc0,de_k4_a035f57b8e941bc0_4,90,95,False,0.6422113129842583,0.8639137685425574,0.837591382001624,0.5403681911914291,0.5998822074999262
mock,de,en-de(synthetic),4,3,major_accuracy,major,accuracy,"0,1,3",a035f57b8e941bc0,de_k4_a035f57b8e941bc0_4,90,95,False,0.5941336997514217,0.5803032365116825,0.5604414313066688,0.8659196620269528,0.5998822074999262
mock,de,en-de(synthetic),4,4,major_accuracy,major,accuracy,"0,1,2,3",a035f57b8e941bc0,de_k4_a035f57b8e941bc0_4,90,95,False,0.5728061093329276,0.5803032365116825,0.5604414313066688,0.5403681911914291,0.5998822074999262
mock,de,en-de(synthetic),4,1,major_fluency,major,fluency,1,a035f57b8e941bc0,de_k4_a035f57b8e941bc0_4,90,95,False,0.7927505536984165,0.8639137685425574,0.6767571385324397,0.8659196620269528,0.8200043708153826
mock,de,en-de(synthetic),4,2,major_fluency,major,fluency,"2,3",a035f57b8e941bc0,de_k4_a035f57b8e941bc0_4,90,95,False,0.7375405844720487,0.8639137685425574,0.837591382001624,0.6792618247245839,0.68119074059807
mock,de,en-de(synthetic),4,3,major_fluency,major,fluency,"0,1,3",a035f57b8e941bc0,de_k4_a035f57b8e941bc0_4,90,95,False,0.7328642726282188,0.7300396111649035,0.6767571385324397,0.8659196620269528,0.68119074059807
mock,de,en-de(synthetic),4,4,major_fluency,major,fluency,"0,1,2,3",a035f57b8e941bc0,de_k4_a035f57b8e941bc0_4,90,95,False,0.6955100781982725,0.7300396111649035,0.6767571385324397,0.6792618247245839,0.68119074059807
mock,de,en-de(synthetic),4,0,none,,,,cc8aa7e2eeb9ed41,de_k4_cc8aa7e2eeb9ed41_4,90,95,False,0.8517208503071605,0.8988067715541737,0.811581051116198,0.8354827668548809,0.8830723859812001
mock,de,en-de(synthetic),4,1,minor_accuracy,minor,accuracy,2,cc8aa7e2eeb9ed41,de_k4_cc8aa7e2eeb9ed41_4,90,95,False,0.8286091217130547,0.8988067715541737,0.811581051116198,0.7366717379386729,0.8830723859812001
mock,de,en-de(synthetic),4,2,minor_accuracy,minor,accuracy,"0,1",cc8aa7e2eeb9ed41,de_k4_cc8aa7e2eeb9ed41_4,90,95,False,0.8140592540040853,0.7764607634663689,0.8133096222577738,0.8354827668548809,0.8830723859812001
mock,de,en-de(synthetic),4,3,minor_accuracy,minor,accuracy,"0,2,3",cc8aa7e2eeb9ed41,de_k4_cc8aa7e2eeb9ed41_4,90,95,False,0.7728721005819282,0.7764607634663689,0.811581051116198,0.7366717379386729,0.7736734089310406
mock,de,en-de(synthetic),4,4,minor_accuracy,minor,accuracy,"0,1,2,3",cc8aa7e2eeb9ed41,de_k4_cc8aa7e2eeb9ed41_4,90,95,False,0.7734753537411834,0.7764607634663689,0.8133096222577738,0.7366717379386729,0.7736734089310406
mock,de,en-de(synthetic),4,1,minor_fluency,minor,fluency,2,cc8aa7e2eeb9ed41,de_k4_cc8aa7e2eeb9ed41_4,90,95,False,0.8500711735016245,0.8988067715541737,0.811581051116198,0.7805254813048599,0.8830723859812001
mock,de,en-de(synthetic),4,2,minor_fluency,minor,fluency,"0,1",cc8aa7e2eeb9ed41,de_k4_cc8aa7e2eeb9ed41_4,90,95,False,0.829803874206828,0.7840017944534821,0.8229549063423626,0.8354827668548809,0.8830723859812001
mock,de,en-de(synthetic),4,3,minor_fluency,minor,fluency,"0,2,3",cc8aa7e2eeb9ed41,de_k4_cc8aa7e2eeb9ed41_4,90,95,False,0.8010681403829043,0.7840017944534821,0.811581051116198,0.7805254813048599,0.8176301533498405
mock,de,en-de(synthetic),4,4,minor_fluency,minor,fluency,"0,1,2,3",cc8aa7e2eeb9ed41,de_k4_cc8aa7e2eeb9ed41_4,90,95,False,0.7937176555746154,0.7840017944534821,0.8229549063423626,0.7805254813048599,0.8176301533498405
mock,de,en-de(synthetic),4,1,major_accuracy,major,accuracy,2,cc8aa7e2eeb9ed41,de_k4_cc8aa7e2eeb9ed41_4,90,95,False,0.6840326064648368,0.8988067715541737,0.811581051116198,0.5299440030734504,0.8830723859812001
mock,de,en-de(synthetic),4,2,major_accuracy,major,accuracy,"0,1",cc8aa7e2eeb9ed41,de_k4_cc8aa7e2eeb9ed41_4,90,95,False,0.60967808097702,0.5065766426572746,0.5618705411472467,0.8354827668548809,0.8830723859812001
mock,de,en-de(synthetic),4,3,major_accuracy,major,accuracy,"0,2,3",cc8aa7e2eeb9ed41,de_k4_cc8aa7e2eeb9ed41_4,90,95,False,0.5601878389194866,0.5065766426572746,0.811581051116198,0.5299440030734504,0.582349603588481
mock,de,en-de(synthetic),4,4,major_accuracy,major,accuracy,"0,1,2,3",cc8aa7e2eeb9ed41,de_k4_cc8aa7e2eeb9ed41_4,90,95,False,0.5174924923819068,0.5065766426572746,0.5618705411472467,0.5299440030734504,0.582349603588481
mock,de,en-de(synthetic),4,1,major_fluency,major,fluency,2,cc8aa7e2eeb9ed41,de_k4_cc8aa7e2eeb9ed41_4,90,95,False,0.7691497783880026,0.8988067715541737,0.811581051116198,0.6512566786397606,0.8830723859812001
mock,de,en-de(synthetic),4,2,major_fluency,major,fluency,"0,1",cc8aa7e2eeb9ed41,de_k4_cc8aa7e2eeb9ed41_4,90,95,False,0.7550489595120143,0.7145308452970688,0.7180131831350699,0.8354827668548809,0.8830723859812001
mock,de,en-de(synthetic),4,3,major_fluency,major,fluency,"0,2,3",cc8aa7e2eeb9ed41,de_k4_cc8aa7e2eeb9ed41_4,90,95,False,0.7022591566499541,0.7145308452970688,0.811581051116198,0.6512566786397606,0.6906248647387705
mock,de,en-de(synthetic),4,4,major_fluency,major,fluency,"0,1,2,3",cc8aa7e2eeb9ed41,de_k4_cc8aa7e2eeb9ed41_4,90,95,False,0.6878294976415167,0.7145308452970688,0.7180131831350699,0.6512566786397606,0.6906248647387705
mock,de,en-de(synthetic),4,0,none,,,,db8f894f0fc2b57e,de_k4_db8f894f0fc2b57e_0,90,95,False,0.8583826327301797,0.830620458509011,0.8752318088383242,0.8356782606409522,0.8759414387570909
mock,de,en-de(synthetic),4,1,minor_accuracy,minor,accuracy,3,db8f894f0fc2b57e,de_k4_db8f894f0fc2b57e_0,90,95,False,0.8113900230045261,0.830620458509011,0.8752318088383242,0.8356782606409522,0.7406710269901322
mock,de,en-de(synthetic),4,2,minor_accuracy,minor,accuracy,"0,2",db8f894f0fc2b57e,de_k4_db8f894f0fc2b57e_0,90,95,False,0.7987099334109427,0.7369675980872668,0.8752318088383242,0.7403967527164402,0.8759414387570909
mock,de,en-de(synthetic),4,3,minor_accuracy,minor,accuracy,"1,2,3",db8f894f0fc2b57e,de_k4_db8f894f0fc2b57e_0,90,95,False,0.7649220226694362,0.830620458509011,0.7480061191417615,0.7403967527164402,0.7406710269901322
mock,de,en-de(synthetic),4,4,minor_accuracy,minor,accuracy,"0,1,2,3",db8f894f0fc2b57e,de_k4_db8f894f0fc2b57e_0,90,95,False,0.7401313235463876,0.7369675980872668,0.7480061191417615,0.7403967527164402,0.7406710269901322
mock,de,en-de(synthetic),4,1,minor_fluency,minor,fluency,3,db8f894f0fc2b57e,de_k4_db8f894f0fc2b57e_0,90,95,False,0.822139318551473,0.830620458509011,0.8752318088383242,0.8356782606409522,0.7907058959968905
mock,de,en-de(synthetic),4,2,minor_fluency,minor,fluency,"0,2",db8f894f0fc2b57e,de_k4_db8f894f0fc2b57e_0,90,95,False,0.8501758278939824,0.8092783005676945,0.8752318088383242,0.8416103843348133,0.8759414387570909
mock,de,en-de(synthetic),4,3,minor_fluency,minor,fluency,"1,2,3",db8f894f0fc2b57e,de_k4_db8f894f0fc2b57e_0,90,95,False,0.8039962779841395,0.830620458509011,0.8048757808923128,0.8416103843348133,0.7907058959968905
mock,de,en-de(synthetic),4,4,minor_fluency,minor,fluency,"0,1,2,3",db8f894f0fc2b57e,de_k4_db8f894f0fc2b57e_0,90,95,False,0.8023262443703852,0.8092783005676945,0.8048757808923128,0.8416103843348133,0.7907058959968905
mock,de,en-de(synthetic),4,1,major_accuracy,major,accuracy,3,db8f894f0fc2b57e,de_k4_db8f894f0fc2b57e_0,90,95,False,0.7216519097884727,0.830620458509011,0.8752318088383242,0.8356782606409522,0.5711504625161765
mock,de,en-de(synthetic),4,2,major_accuracy,major,accuracy,"0,2",db8f894f0fc2b57e,de_k4_db8f894f0fc2b57e_0,90,95,False,0.5851860008545119,0.5187407054946618,0.8752318088383242,0.4799260313214803,0.8759414387570909
mock,de,en-de(synthetic),4,3,major_accuracy,major,accuracy,"1,2,3",db8f894f0fc2b57e,de_k4_db8f894f0fc2b57e_0,90,95,False,0.5515836254790063,0.830620458509011,0.5243529832770051,0.4799260313214803,0.5711504625161765
mock,de,en-de(synthetic),4,4,major_accuracy,major,accuracy,"0,1,2,3",db8f894f0fc2b57e,de_k4_db8f894f0fc2b57e_0,90,95,False,0.5225918167800357,0.5187407054946618,0.5243529832770051,0.4799260313214803,0.5711504625161765
mock,de,en-de(synthetic),4,1,major_fluency,major,fluency,3,db8f894f0fc2b57e,de_k4_db8f894f0fc2b57e_0,90,95,False,0.8067243402293115,0.830620458509011,0.8752318088383242,0.8356782606409522,0.7221335848501543
mock,de,en-de(synthetic),4,2,major_fluency,major,fluency,"0,2",db8f894f0fc2b57e,de_k4_db8f894f0fc2b57e_0,90,95,False,0.7320744344138104,0.6258303404584011,0.8752318088383242,0.7252548436597336,0.8759414387570909
mock,de,en-de(synthetic),4,3,major_fluency,major,fluency,"1,2,3",db8f894f0fc2b57e,de_k4_db8f894f0fc2b57e_0,90,95,False,0.727689644749473,0.830620458509011,0.6772031692340634,0.7252548436597336,0.7221335848501543
mock,de,en-de(synthetic),4,4,major_fluency,major,fluency,"0,1,2,3",db8f894f0fc2b57e,de_k4_db8f894f0fc2b57e_0,90,95,False,0.6703675961963819,0.6258303404584011,0.6772031692340634,0.7252548436597336,0.7221335848501543
mock,de,en-de(synthetic),4,0,none,,,,c7acb789999acb43,de_k4_c7acb789999acb43_0,90,95,False,0.8398290003092795,0.8385977065752926,0.8534974679258889,0.8940150472748917,0.8015671103282325
mock,de,en-de(synthetic),4,1,minor_accuracy,minor,accuracy,0,c7acb789999acb43,de_k4_c7acb789999acb43_0,90,95,False,0.8302774236504733,0.7759041456291499,0.8534974679258889,0.8940150472748917,0.8015671103282325
mock,de,en-de(synthetic),4,2,minor_accuracy,minor,accuracy,"0,3",c7acb789999acb43,de_k4_c7acb789999acb43_0,90,95,False,0.8123879516757188,0.7759041456291499,0.8534974679258889,0.8940150472748917,0.7859762803611507
mock,de,en-de(synthetic),4,3,minor_accuracy,minor,accuracy,"0,1,2",c7acb789999acb43,de_k4_c7acb789999acb43_0,90,95,False,0.7631254544865539,0.7759041456291499,0.7707211426448246,0.7042827148359992,0.8015671103282325
mock,de,en-de(synthetic),4,4,minor_accuracy,minor,accuracy,"0,1,2,3",c7acb789999acb43,de_k4_c7acb789999acb43_0,90,95,False,0.7422273457707349,0.7759041456291499,0.7707211426448246,0.7042827148359992,0.7859762803611507
mock,de,en-de(synthetic),4,1,minor_fluency,minor,fluency,0,c7acb789999acb43,de_k4_c7acb789999acb43_0,90,95,False,0.803927241864355,0.7250223804021998,0.8534974679258889,0.8940150472748917,0.8015671103282325
mock,de,en-de(synthetic),4,2,minor_fluency,minor,fluency,"0,3",c7acb789999acb43,de_k4_c7acb789999acb43_0,90,95,False,0.7678968836210942,0.7250223804021998,0.8534974679258889,0.8940150472748917,0.7105902189664979
mock,de,en-de(synthetic),4,3,minor_fluency,minor,fluency,"0,1,2",c7acb789999acb43,de_k4_c7acb789999acb43_0,90,95,False,0.8077969313876386,0.7250223804021998,0.8038602215796179,0.846237683890041,0.8015671103282325
mock,de,en-de(synthetic),4,4,minor_fluency,minor,fluency,"0,1,2,3",c7acb789999acb43,de_k4_c7acb789999acb43_0,90,95,False,0.7833138177692629,0.7250223804021998,0.8038602215796179,0.846237683890041,0.7105902189664979
mock,de,en-de(synthetic),4,1,major_accuracy,major,accuracy,0,c7acb789999acb43,de_k4_c7acb789999acb43_0,90,95,False,0.6633365844761215,0.5005391460791349,0.8534974679258889,0.8940150472748917,0.8015671103282325
mock,de,en-de(synthetic),4,2,major_accuracy,major,accuracy,"0,3",c7acb789999acb43,de_k4_c7acb789999acb43_0,90,95,False,0.5917325809743104,0.5005391460791349,0.8534974679258889,0.8940150472748917,0.5688926763951969
mock,de,en-de(synthetic),4,3,major_accuracy,major,accuracy,"0,1,2",c7acb789999acb43,de_k4_c7acb789999acb43_0,90,95,False,0.5568209776383336,0.5005391460791349,0.5227630656361371,0.575151946487745,0.8015671103282325
mock,de,en-de(synthetic),4,4,major_accuracy,major,accuracy,"0,1,2,3",c7acb789999acb43,de_k4_c7acb789999acb43_0,90,95,False,0.5200830471746564,0.5005391460791349,0.5227630656361371,0.575151946487745,0.5688926763951969
mock,de,en-de(synthetic),4,1,major_fluency,major,fluency,0,c7acb789999acb43,de_k4_c7acb789999acb43_0,90,95,False,0.7693785031881968,0.6560581589521237,0.8534974679258889,0.8940150472748917,0.8015671103282325
mock,de,en-de(synthetic),4,2,major_fluency,major,fluency,"0,3",c7acb789999acb43,de_k4_c7acb789999acb43_0,90,95,False,0.7459544425250205,0.6560581589521237,0.8534974679258889,0.8940150472748917,0.6811767609560978
mock,de,en-de(synthetic),4,3,major_fluency,major,fluency,"0,1,2",c7acb789999acb43,de_k4_c7acb789999acb43_0,90,95,False,0.7247100108799168,0.6560581589521237,0.7012992982715098,0.6945856076746165,0.8015671103282325
mock,de,en-de(synthetic),4,4,major_fluency,major,fluency,"0,1,2,3",c7acb789999acb43,de_k4_c7acb789999acb43_0,90,95,False,0.6868545691940517,0.6560581589521237,0.7012992982715098,0.6945856076746165,0.6811767609560978
mock,de,en-de(synthetic),4,0,none,,,,8e3bc11891900541,de_k4_8e3bc11891900541_4,90,95,False,0.8460780861924982,0.860357451457669,0.8647172577898592,0.8189668951859497,0.8324744602539056
mock,de,en-de(synthetic),4,1,minor_accuracy,minor,accuracy,1,8e3bc11891900541,de_k4_8e3bc11891900541_4,90,95,False,0.8322762964885839,0.860357451457669,0.759170851084328,0.8189668951859497,0.8324744602539056
mock,de,en-de(synthetic),4,2,minor_accuracy,minor,accuracy,"1,2",8e3bc11891900541,de_k4_8e3bc11891900541_4,90,95,False,0.7931307528570152,0.860357451457669,0.759170851084328,0.7992217206876517,0.8324744602539056
mock,de,en-de(synthetic),4,3,minor_accuracy,minor,accuracy,"0,1,3",8e3bc11891900541,de_k4_8e3bc11891900541_4,90,95,False,0.7887065390779531,0.774072029693778,0.759170851084328,0.8189668951859497,0.7653686709036324
mock,de,en-de(synthetic),4,4,minor_accuracy,minor,accuracy,"0,1,2,3",8e3bc11891900541,de_k4_8e3bc11891900541_4,90,95,False,0.7708860674129986,0.774072029693778,0.759170851084328,0.7992217206876517,0.7653686709036324
mock,de,en-de(synthetic),4,1,minor_fluency,minor,fluency,1,8e3bc11891900541,de_k4_8e3bc11891900541_4,90,95,False,0.8321950995324541,0.860357451457669,0.8032976524598094,0.8189668951859497,0.8324744602539056
mock,de,en-de(synthetic),4,2,minor_fluency,minor,fluency,"1,2",8e3bc11891900541,de_k4_8e3bc11891900541_4,90,95,False,0.8102784161764932,0.860357451457669,0.8032976524598094,0.7742076325034837,0.8324744602539056
mock,de,en-de(synthetic),4,3,minor_fluency,minor,fluency,"0,1,3",8e3bc11891900541,de_k4_8e3bc11891900541_4,90,95,False,0.8046460037314251,0.7923402753936112,0.8032976524598094,0.8189668951859497,0.7720029532213748
mock,de,en-de(synthetic),4,4,minor_fluency,minor,fluency,"0,1,2,3",8e3bc11891900541,de_k4_8e3bc11891900541_4,90,95,False,0.7780580241820725,0.7923402753936112,0.8032976524598094,0.7742076325034837,0.7720029532213748
mock,de,en-de(synthetic),4,1,major_accuracy,major,accuracy,1,8e3bc11891900541,de_k4_8e3bc11891900541_4,90,95,False,0.6432386333135514,0.860357451457669,0.4770927228857285,0.8189668951859497,0.8324744602539056
mock,de,en-de(synthetic),4,2,major_accuracy,major,accuracy,"1,2",8e3bc11891900541,de_k4_8e3bc11891900541_4,90,95,False,0.564089189697356,0.860357451457669,0.4770927228857285,0.5015047827529187,0.8324744602539056
mock,de,en-de(synthetic),4,3,major_accuracy,major,accuracy,"0,1,3",8e3bc11891900541,de_k4_8e3bc11891900541_4,90,95,False,0.5476619466966174,0.5793871155447967,0.4770927228857285,0.8189668951859497,0.533998031201089
mock,de,en-de(synthetic),4,4,major_accuracy,major,accuracy,"0,1,2,3",8e3bc11891900541,de_k4_8e3bc11891900541_4,90,95,False,0.5233247726983317,0.5793871155447967,0.4770927228857285,0.5015047827529187,0.533998031201089
mock,de,en-de(synthetic),4,1,major_fluency,major,fluency,1,8e3bc11891900541,de_k4_8e3bc11891900541_4,90,95,False,0.8119761649727656,0.860357451457669,0.7276684742560064,0.8189668951859497,0.8324744602539056
mock,de,en-de(synthetic),4,2,major_fluency,major,fluency,"1,2",8e3bc11891900541,de_k4_8e3bc11891900541_4,90,95,False,0.7605868987775257,0.860357451457669,0.7276684742560064,0.6803754579436407,0.8324744602539056
mock,de,en-de(synthetic),4,3,major_fluency,major,fluency,"0,1,3",8e3bc11891900541,de_k4_8e3bc11891900541_4,90,95,False,0.7486885846158603,0.6765625843729742,0.7276684742560064,0.8189668951859497,0.7173559704187917
mock,de,en-de(synthetic),4,4,major_fluency,major,fluency,"0,1,2,3",8e3bc11891900541,de_k4_8e3bc11891900541_4,90,95,False,0.7027903731932399,0.6765625843729742,0.7276684742560064,0.6803754579436407,0.7173559704187917
mock,de,en-de(synthetic),4,0,none,,,,a035f57b8e941bc0,de_k4_a035f57b8e941bc0_0,90,95,False,0.7943639244003498,0.7897606100752782,0.8230504755777209,0.8585875436407939,0.795530402631722
mock,de,en-de(synthetic),4,1,minor_accuracy,minor,accuracy,2,a035f57b8e941bc0,de_k4_a035f57b8e941bc0_0,90,95,False,0.7986288031183297,0.7897606100752782,0.8230504755777209,0.7803173383224683,0.795530402631722
mock,de,en-de(synthetic),4,2,minor_accuracy,minor,accuracy,"1,3",a035f57b8e941bc0,de_k4_a035f57b8e941bc0_0,90,95,False,0.7921204464109712,0.7897606100752782,0.7472611750031865,0.8585875436407939,0.767383206637484
mock,de,en-de(synthetic),4,3,minor_accuracy,minor,accuracy,"0,2,3",a035f57b8e941bc0,de_k4_a035f57b8e941bc0_0,90,95,False,0.7820242398399035,0.7278672436490934,0.8230504755777209,0.7803173383224683,0.767383206637484
mock,de,en-de(synthetic),4,4,minor_accuracy,minor,accuracy,"0,1,2,3",a035f57b8e941bc0,de_k4_a035f57b8e941bc0_0,90,95,False,0.753689732281451,0.7278672436490934,0.7472611750031865,0.7803173383224683,0.767383206637484
mock,de,en-de(synthetic),4,1,minor_fluency,minor,fluency,2,a035f57b8e941bc0,de_k4_a035f57b8e941bc0_0,90,95,False,0.818423492056807,0.7897606100752782,0.8230504755777209,0.8459617511378528,0.795530402631722
mock,de,en-de(synthetic),4,2,minor_fluency,minor,fluency,"1,3",a035f57b8e941bc0,de_k4_a035f57b8e941bc0_0,90,95,False,0.8075517862908734,0.7897606100752782,0.7978141053194419,0.8585875436407939,0.7991758249079404
mock,de,en-de(synthetic),4,3,minor_fluency,minor,fluency,"0,2,3",a035f57b8e941bc0,de_k4_a035f57b8e941bc0_0,90,95,False,0.8097523698559722,0.8087548702218486,0.8230504755777209,0.8459617511378528,0.7991758249079404
mock,de,en-de(synthetic),4,4,minor_fluency,minor,fluency,"0,1,2,3",a035f57b8e941bc0,de_k4_a035f57b8e941bc0_0,90,95,False,0.80368365246505,0.8087548702218486,0.7978141053194419,0.8459617511378528,0.7991758249079404
mock,de,en-de(synthetic),4,1,major_accuracy,major,accuracy,2,a035f57b8e941bc0,de_k4_a035f57b8e941bc0_0,90,95,False,0.6219686258036429,0.7897606100752782,0.8230504755777209,0.49147307387990197,0.795530402631722
mock,de,en-de(synthetic),4,2,major_accuracy,major,accuracy,"1,3",a035f57b8e941bc0,de_k4_a035f57b8e941bc0_0,90,95,False,0.5997530227438769,0.7897606100752782,0.5223971862851282,0.8585875436407939,0.5586171406665312
mock,de,en-de(synthetic),4,3,major_accuracy,major,accuracy,"0,2,3",a035f57b8e941bc0,de_k4_a035f57b8e941bc0_0,90,95,False,0.5671052601561972,0.5402008564310201,0.8230504755777209,0.49147307387990197,0.5586171406665312
mock,de,en-de(synthetic),4,4,major_accuracy,major,accuracy,"0,1,2,3",a035f57b8e941bc0,de_k4_a035f57b8e941bc0_0,90,95,False,0.5401919496951219,0.5402008564310201,0.5223971862851282,0.49147307387990197,0.5586171406665312
mock,de,en-de(synthetic),4,1,major_fluency,major,fluency,2,a035f57b8e941bc0,de_k4_a035f57b8e941bc0_0,90,95,False,0.7764075787678597,0.7897606100752782,0.8230504755777209,0.7084732701926895,0.795530402631722
mock,de,en-de(synthetic),4,2,major_fluency,major,fluency,"1,3",a035f57b8e941bc0,de_k4_a035f57b8e941bc0_0,90,95,False,0.7273652264250189,0.7897606100752782,0.6712306027786727,0.8585875436407939,0.719813298550087
mock,de,en-de(synthetic),4,3,major_fluency,major,fluency,"0,2,3",a035f57b8e941bc0,de_k4_a035f57b8e941bc0_0,90,95,False,0.7531970490855099,0.7154392560635964,0.8230504755777209,0.7084732701926895,0.719813298550087
mock,de,en-de(synthetic),4,4,major_fluency,major,fluency,"0,1,2,3",a035f57b8e941bc0,de_k4_a035f57b8e941bc0_0,90,95,False,0.7094082504399417,0.7154392560635964,0.6712306027786727,0.7084732701926895,0.719813298550087
mock,de,en-de(synthetic),4,0,none,,,,3f959113e5d8fb19,de_k4_3f959113e5d8fb19_4,90,95,False,0.865331608003085,0.8706583970058903,0.8533094849468987,0.8777942329047204,0.8495398744117499
mock,de,en-de(synthetic),4,1,minor_accuracy,minor,accuracy,3,3f959113e5d8fb19,de_k4_3f959113e5d8fb19_4,90,95,False,0.833512513995474,0.8706583970058903,0.8533094849468987,0.8777942329047204,0.7556425008206765
mock,de,en-de(synthetic),4,2,minor_accuracy,minor,accuracy,"2,3",3f959113e5d8fb19,de_k4_3f959113e5d8fb19_4,90,95,False,0.8129215051291747,0.8706583970058903,0.8533094849468987,0.7820868840270201,0.7556425008206765
mock,de,en-de(synthetic),4,3,minor_accuracy,minor,accuracy,"1,2,3",3f959113e5d8fb19,de_k4_3f959113e5d8fb19_4,90,95,False,0.784621622259989,0.8706583970058903,0.7610906210108084,0.7820868840270201,0.7556425008206765
mock,de,en-de(synthetic),4,4,minor_accuracy,minor,accuracy,"0,1,2,3",3f959113e5d8fb19,de_k4_3f959113e5d8fb19_4,90,95,False,0.7584807375451309,0.789987211747895,0.7610906210108084,0.7820868840270201,0.7556425008206765
mock,de,en-de(synthetic),4,1,minor_fluency,minor,fluency,3,3f959113e5d8fb19,de_k4_3f959113e5d8fb19_4,90,95,False,0.8636876970102974,0.8706583970058903,0.8533094849468987,0.8777942329047204,0.8077756628433859
mock,de,en-de(synthetic),4,2,minor_fluency,minor,fluency,"2,3",3f959113e5d8fb19,de_k4_3f959113e5d8fb19_4,90,95,False,0.8301174142017653,0.8706583970058903,0.8533094849468987,0.8377394635860949,0.8077756628433859
mock,de,en-de(synthetic),4,3,minor_fluency,minor,fluency,"1,2,3",3f959113e5d8fb19,de_k4_3f959113e5d8fb19_4,90,95,False,0.8265071889562502,0.8706583970058903,0.7802181965092393,0.8377394635860949,0.8077756628433859
mock,de,en-de(synthetic),4,4,minor_fluency,minor,fluency,"0,1,2,3",3f959113e5d8fb19,de_k4_3f959113e5d8fb19_4,90,95,False,0.795860840471409,0.7754561681928481,0.7802181965092393,0.8377394635860949,0.8077756628433859
mock,de,en-de(synthetic),4,1,major_accuracy,major,accuracy,3,3f959113e5d8fb19,de_k4_3f959113e5d8fb19_4,90,95,False,0.7029053676389477,0.8706583970058903,0.8533094849468987,0.8777942329047204,0.5447974568307954
mock,de,en-de(synthetic),4,2,major_accuracy,major,accuracy,"2,3",3f959113e5d8fb19,de_k4_3f959113e5d8fb19_4,90,95,False,0.6408139022319588,0.8706583970058903,0.8533094849468987,0.5555712062958225,0.5447974568307954
mock,de,en-de(synthetic),4,3,major_accuracy,major,accuracy,"1,2,3",3f959113e5d8fb19,de_k4_3f959113e5d8fb19_4,90,95,False,0.5975031533788795,0.8706583970058903,0.5550943519215406,0.5555712062958225,0.5447974568307954
mock,de,en-de(synthetic),4,4,major_accuracy,major,accuracy,"0,1,2,3",3f959113e5d8fb19,de_k4_3f959113e5d8fb19_4,90,95,False,0.5674475174481417,0.5692800034113679,0.5550943519215406,0.5555712062958225,0.5447974568307954
mock,de,en-de(synthetic),4,1,major_fluency,major,fluency,3,3f959113e5d8fb19,de_k4_3f959113e5d8fb19_4,90,95,False,0.8220366580363987,0.8706583970058903,0.8533094849468987,0.8777942329047204,0.7367592518119748
mock,de,en-de(synthetic),4,2,major_fluency,major,fluency,"2,3",3f959113e5d8fb19,de_k4_3f959113e5d8fb19_4,90,95,False,0.7819142410024703,0.8706583970058903,0.8533094849468987,0.7197441517758402,0.7367592518119748
mock,de,en-de(synthetic),4,3,major_fluency,major,fluency,"1,2,3",3f959113e5d8fb19,de_k4_3f959113e5d8fb19_4,90,95,False,0.7421668702929621,0.8706583970058903,0.7163974567806098,0.7197441517758402,0.7367592518119748
mock,de,en-de(synthetic),4,4,major_fluency,major,fluency,"0,1,2,3",3f959113e5d8fb19,de_k4_3f959113e5d8fb19_4,90,95,False,0.7126244063803034,0.7019177490830727,0.7163974567806098,0.7197441517758402,0.7367592518119748
mock,de,en-de(synthetic),4,0,none,,,,d95be2f90fd84aa0,de_k4_d95be2f90fd84aa0_4,90,95,False,0.8373541965420581,0.8137242563907998,0.8786640381389553,0.7996282932302086,0.8328356745499821
mock,de,en-de(synthetic),4,1,minor_accuracy,minor,accuracy,0,d95be2f90fd84aa0,de_k4_d95be2f90fd84aa0_4,90,95,False,0.796782515411311,0.7225134392061847,0.8786640381389553,0.7996282932302086,0.8328356745499821
mock,de,en-de(synthetic),4,2,minor_accuracy,minor,accuracy,"0,1",d95be2f90fd84aa0,de_k4_d95be2f90fd84aa0_4,90,95,False,0.7549730853480496,0.7225134392061847,0.7532229635365698,0.7996282932302086,0.8328356745499821
mock,de,en-de(synthetic),4,3,minor_accuracy,minor,accuracy,"0,1,2",d95be2f90fd84aa0,de_k4_d95be2f90fd84aa0_4,90,95,False,0.7573136795348793,0.7225134392061847,0.7532229635365698,0.7520700505760785,0.8328356745499821
mock,de,en-de(synthetic),4,4,minor_accuracy,minor,accuracy,"0,1,2,3",d95be2f90fd84aa0,de_k4_d95be2f90fd84aa0_4,90,95,False,0.7423952563577548,0.7225134392061847,0.7532229635365698,0.7520700505760785,0.724736551802667
mock,de,en-de(synthetic),4,1,minor_fluency,minor,fluency,0,d95be2f90fd84aa0,de_k4_d95be2f90fd84aa0_4,90,95,False,0.8336796609551848,0.8151304175263403,0.8786640381389553,0.7996282932302086,0.8328356745499821
mock,de,en-de(synthetic),4,2,minor_fluency,minor,fluency,"0,1",d95be2f90fd84aa0,de_k4_d95be2f90fd84aa0_4,90,95,False,0.8381985664101489,0.8151304175263403,0.8788099329638954,0.7996282932302086,0.8328356745499821
mock,de,en-de(synthetic),4,3,minor_fluency,minor,fluency,"0,1,2",d95be2f90fd84aa0,de_k4_d95be2f90fd84aa0_4,90,95,False,0.8210999682750625,0.8151304175263403,0.8788099329638954,0.7625800144644053,0.8328356745499821
mock,de,en-de(synthetic),4,4,minor_fluency,minor,fluency,"0,1,2,3",d95be2f90fd84aa0,de_k4_d95be2f90fd84aa0_4,90,95,False,0.795317192553087,0.8151304175263403,0.8788099329638954,0.7625800144644053,0.8056052779838265
mock,de,en-de(synthetic),4,1,major_accuracy,major,accuracy,0,d95be2f90fd84aa0,de_k4_d95be2f90fd84aa0_4,90,95,False,0.6467146232875108,0.5081123843892721,0.8786640381389553,0.7996282932302086,0.8328356745499821
mock,de,en-de(synthetic),4,2,major_accuracy,major,accuracy,"0,1",d95be2f90fd84aa0,de_k4_d95be2f90fd84aa0_4,90,95,False,0.6154985676744236,0.5081123843892721,0.5714960092184564,0.7996282932302086,0.8328356745499821
mock,de,en-de(synthetic),4,3,major_accuracy,major,accuracy,"0,1,2",d95be2f90fd84aa0,de_k4_d95be2f90fd84aa0_4,90,95,False,0.5886585315179382,0.5081123843892721,0.5714960092184564,0.5470327952268585,0.8328356745499821
mock,de,en-de(synthetic),4,4,major_accuracy,major,accuracy,"0,1,2,3",d95be2f90fd84aa0,de_k4_d95be2f90fd84aa0_4,90,95,False,0.5487636120834865,0.5081123843892721,0.5714960092184564,0.5470327952268585,0.6126095741543047
mock,de,en-de(synthetic),4,1,major_fluency,major,fluency,0,d95be2f90fd84aa0,de_k4_d95be2f90fd84aa0_4,90,95,False,0.7970129650599552,0.7195835368074022,0.8786640381389553,0.7996282932302086,0.8328356745499821
mock,de,en-de(synthetic),4,2,major_fluency,major,fluency,"0,1",d95be2f90fd84aa0,de_k4_d95be2f90fd84aa0_4,90,95,False,0.7487828474863998,0.7195835368074022,0.649646703208689,0.7996282932302086,0.8328356745499821
mock,de,en-de(synthetic),4,3,major_fluency,major,fluency,"0,1,2",d95be2f90fd84aa0,de_k4_d95be2f90fd84aa0_4,90,95,False,0.7137302641891696,0.7195835368074022,0.649646703208689,0.720089735592804,0.8328356745499821
mock,de,en-de(synthetic),4,4,major_fluency,major,fluency,"0,1,2,3",d95be2f90fd84aa0,de_k4_d95be2f90fd84aa0_4,90,95,False,0.6956997275970542,0.7195835368074022,0.649646703208689,0.720089735592804,0.7191758227002059
mock,de,en-de(synthetic),4,0,none,,,,030ef2c89e37167d,de_k4_030ef2c89e37167d_0,90,95,False,0.840749175467377,0.8500763202370343,0.8356018866379602,0.8523431852424637,0.8809030552638483
mock,de,en-de(synthetic),4,1,minor_accuracy,minor,accuracy,1,030ef2c89e37167d,de_k4_030ef2c89e37167d_0,90,95,False,0.7896933337969442,0.8500763202370343,0.7001901055334946,0.8523431852424637,0.8809030552638483
mock,de,en-de(synthetic),4,2,minor_accuracy,minor,accuracy,"0,2",030ef2c89e37167d,de_k4_030ef2c89e37167d_0,90,95,False,0.7856358380022677,0.7543635756903199,0.8356018866379602,0.7629829441826269,0.8809030552638483
mock,de,en-de(synthetic),4,3,minor_accuracy,minor,accuracy,"0,1,3",030ef2c89e37167d,de_k4_030ef2c89e37167d_0,90,95,False,0.7658517166117369,0.7543635756903199,0.7001901055334946,0.8523431852424637,0.7741704180612876
mock,de,en-de(synthetic),4,4,minor_accuracy,minor,accuracy,"0,1,2,3",030ef2c89e37167d,de_k4_030ef2c89e37167d_0,90,95,False,0.7369118735360572,0.7543635756903199,0.7001901055334946,0.7629829441826269,0.7741704180612876
mock,de,en-de(synthetic),4,1,minor_fluency,minor,fluency,1,030ef2c89e37167d,de_k4_030ef2c89e37167d_0,90,95,False,0.8333407371459937,0.8500763202370343,0.8133546303068325,0.8523431852424637,0.8809030552638483
mock,de,en-de(synthetic),4,2,minor_fluency,minor,fluency,"0,2",030ef2c89e37167d,de_k4_030ef2c89e37167d_0,90,95,False,0.8350437787066409,0.8186555036944987,0.8356018866379602,0.7835521709672069,0.8809030552638483
mock,de,en-de(synthetic),4,3,minor_fluency,minor,fluency,"0,1,3",030ef2c89e37167d,de_k4_030ef2c89e37167d_0,90,95,False,0.8057765109883083,0.8186555036944987,0.8133546303068325,0.8523431852424637,0.7529136583362629
mock,de,en-de(synthetic),4,4,minor_fluency,minor,fluency,"0,1,2,3",030ef2c89e37167d,de_k4_030ef2c89e37167d_0,90,95,False,0.7763412484383961,0.8186555036944987,0.8133546303068325,0.7835521709672069,0.7529136583362629
mock,de,en-de(synthetic),4,1,major_accuracy,major,accuracy,1,030ef2c89e37167d,de_k4_030ef2c89e37167d_0,90,95,False,0.7225019238120743,0.8500763202370343,0.5590683506156391,0.8523431852424637,0.8809030552638483
mock,de,en-de(synthetic),4,2,major_accuracy,major,accuracy,"0,2",030ef2c89e37167d,de_k4_030ef2c89e37167d_0,90,95,False,0.641932487889936,0.5408778400405814,0.8356018866379602,0.5637305845978389,0.8809030552638483
mock,de,en-de(synthetic),4,3,major_accuracy,major,accuracy,"0,1,3",030ef2c89e37167d,de_k4_030ef2c89e37167d_0,90,95,False,0.5852750222727323,0.5408778400405814,0.5590683506156391,0.8523431852424637,0.5244281622547309
mock,de,en-de(synthetic),4,4,major_accuracy,major,accuracy,"0,1,2,3",030ef2c89e37167d,de_k4_030ef2c89e37167d_0,90,95,False,0.5633118313308695,0.5408778400405814,0.5590683506156391,0.5637305845978389,0.5244281622547309
mock,de,en-de(synthetic),4,1,major_fluency,major,fluency,1,030ef2c89e37167d,de_k4_030ef2c89e37167d_0,90,95,False,0.8144421291656715,0.8500763202370343,0.7348789190854441,0.8523431852424637,0.8809030552638483
mock,de,en-de(synthetic),4,2,major_fluency,major,fluency,"0,2",030ef2c89e37167d,de_k4_030ef2c89e37167d_0,90,95,False,0.7781050468231404,0.7094276147813985,0.8356018866379602,0.7117269801112998,0.8809030552638483
mock,de,en-de(synthetic),4,3,major_fluency,major,fluency,"0,1,3",030ef2c89e37167d,de_k4_030ef2c89e37167d_0,90,95,False,0.745048366101096,0.7094276147813985,0.7348789190854441,0.8523431852424637,0.6992886832530198
mock,de,en-de(synthetic),4,4,major_fluency,major,fluency,"0,1,2,3",030ef2c89e37167d,de_k4_030ef2c89e37167d_0,90,95,False,0.7224306378957421,0.7094276147813985,0.7348789190854441,0.7117269801112998,0.6992886832530198
mock,de,en-de(synthetic),4,0,none,,,,67a114f73a917a15,de_k4_67a114f73a917a15_0,90,95,False,0.8715923132706525,0.8550301959963206,0.8437023435053898,0.8884206461655073,0.8799502769155976
mock,de,en-de(synthetic),4,1,minor_accuracy,minor,accuracy,2,67a114f73a917a15,de_k4_67a114f73a917a15_0,90,95,False,0.8275238676835429,0.8550301959963206,0.8437023435053898,0.753018158498038,0.8799502769155976
mock,de,en-de(synthetic),4,2,minor_accuracy,minor,accuracy,"0,3",67a114f73a917a15,de_k4_67a114f73a917a15_0,90,95,False,0.8022846699366106,0.7379796360436,0.8437023435053898,0.8884206461655073,0.739943562813184
mock,de,en-de(synthetic),4,3,minor_accuracy,minor,accuracy,"0,2,3",67a114f73a917a15,de_k4_67a114f73a917a15_0,90,95,False,0.7649085143028471,0.7379796360436,0.8437023435053898,0.753018158498038,0.739943562813184
mock,de,en-de(synthetic),4,4,minor_accuracy,minor,accuracy,"0,1,2,3",67a114f73a917a15,de_k4_67a114f73a917a15_0,90,95,False,0.7372092462462877,0.7379796360436,0.7361750853761142,0.753018158498038,0.739943562813184
mock,de,en-de(synthetic),4,1,minor_fluency,minor,fluency,2,67a114f73a917a15,de_k4_67a114f73a917a15_0,90,95,False,0.8448807070058729,0.8550301959963206,0.8437023435053898,0.7785770407375157,0.8799502769155976
mock,de,en-de(synthetic),4,2,minor_fluency,minor,fluency,"0,3",67a114f73a917a15,de_k4_67a114f73a917a15_0,90,95,False,0.8185004114678972,0.7657107060400747,0.8437023435053898,0.8884206461655073,0.78919700934731
mock,de,en-de(synthetic),4,3,minor_fluency,minor,fluency,"0,2,3",67a114f73a917a15,de_k4_67a114f73a917a15_0,90,95,False,0.7628359841707312,0.7657107060400747,0.8437023435053898,0.7785770407375157,0.78919700934731
mock,de,en-de(synthetic),4,4,minor_fluency,minor,fluency,"0,1,2,3",67a114f73a917a15,de_k4_67a114f73a917a15_0,90,95,False,0.7852114262834944,0.7657107060400747,0.7817901181009703,0.7785770407375157,0.78919700934731
mock,de,en-de(synthetic),4,1,major_accuracy,major,accuracy,2,67a114f73a917a15,de_k4_67a114f73a917a15_0,90,95,False,0.7049093786022765,0.8550301959963206,0.8437023435053898,0.5479202204176237,0.8799502769155976
mock,de,en-de(synthetic),4,2,major_accuracy,major,accuracy,"0,3",67a114f73a917a15,de_k4_67a114f73a917a15_0,90,95,False,0.5858118775554246,0.5310127284990112,0.8437023435053898,0.8884206461655073,0.4911046162475761
mock,de,en-de(synthetic),4,3,major_accuracy,major,accuracy,"0,2,3",67a114f73a917a15,de_k4_67a114f73a917a15_0,90,95,False,0.5599627161060547,0.5310127284990112,0.8437023435053898,0.5479202204176237,0.4911046162475761
mock,de,en-de(synthetic),4,4,major_accuracy,major,accuracy,"0,1,2,3",67a114f73a917a15,de_k4_67a114f73a917a15_0,90,95,False,0.5371518379421817,0.5310127284990112,0.5772054629204111,0.5479202204176237,0.4911046162475761
mock,de,en-de(synthetic),4,1,major_fluency,major,fluency,2,67a114f73a917a15,de_k4_67a114f73a917a15_0,90,95,False,0.7986357422369799,0.8550301959963206,0.8437023435053898,0.6771117936089042,0.8799502769155976
mock,de,en-de(synthetic),4,2,major_fluency,major,fluency,"0,3",67a114f73a917a15,de_k4_67a114f73a917a15_0,90,95,False,0.7558677758789978,0.6505753465759965,0.8437023435053898,0.8884206461655073,0.711115884888561
mock,de,en-de(synthetic),4,3,major_fluency,major,fluency,"0,2,3",67a114f73a917a15,de_k4_67a114f73a917a15_0,90,95,False,0.6969631019800749,0.6505753465759965,0.8437023435053898,0.6771117936089042,0.711115884888561
mock,de,en-de(synthetic),4,4,major_fluency,major,fluency,"0,1,2,3",67a114f73a917a15,de_k4_67a114f73a917a15_0,90,95,False,0.6616640366691823,0.6505753465759965,0.6750476065236694,0.6771117936089042,0.711115884888561
mock,de,en-de(synthetic),4,0,none,,,,17a4930edfaf3db7,de_k4_17a4930edfaf3db7_0,90,95,False,0.8643284600200217,0.872692070705823,0.8319370545823295,0.8348001700526707,0.8487466672851244
mock,de,en-de(synthetic),4,1,minor_accuracy,minor,accuracy,3,17a4930edfaf3db7,de_k4_17a4930edfaf3db7_0,90,95,False,0.8361608382827411,0.872692070705823,0.8319370545823295,0.8348001700526707,0.7984753769044904
mock,de,en-de(synthetic),4,2,minor_accuracy,minor,accuracy,"1,2",17a4930edfaf3db7,de_k4_17a4930edfaf3db7_0,90,95,False,0.8054381187095959,0.872692070705823,0.7632315679609624,0.7806928300086384,0.8487466672851244
mock,de,en-de(synthetic),4,3,minor_accuracy,minor,accuracy,"1,2,3",17a4930edfaf3db7,de_k4_17a4930edfaf3db7_0,90,95,False,0.8063850468930329,0.872692070705823,0.7632315679609624,0.7806928300086384,0.7984753769044904
mock,de,en-de(synthetic),4,4,minor_accuracy,minor,accuracy,"0,1,2,3",17a4930edfaf3db7,de_k4_17a4930edfaf3db7_0,90,95,False,0.7855950683974096,0.8184085360751535,0.7632315679609624,0.7806928300086384,0.7984753769044904
mock,de,en-de(synthetic),4,1,minor_fluency,minor,fluency,3,17a4930edfaf3db7,de_k4_17a4930edfaf3db7_0,90,95,False,0.8397052209815336,0.872692070705823,0.8319370545823295,0.8348001700526707,0.8114638102508257
mock,de,en-de(synthetic),4,2,minor_fluency,minor,fluency,"1,2",17a4930edfaf3db7,de_k4_17a4930edfaf3db7_0,90,95,False,0.8068886409832734,0.872692070705823,0.7670666552270564,0.7856568418389854,0.8487466672851244
mock,de,en-de(synthetic),4,3,minor_fluency,minor,fluency,"1,2,3",17a4930edfaf3db7,de_k4_17a4930edfaf3db7_0,90,95,False,0.7980944699022988,0.872692070705823,0.7670666552270564,0.7856568418389854,0.8114638102508257
mock,de,en-de(synthetic),4,4,minor_fluency,minor,fluency,"0,1,2,3",17a4930edfaf3db7,de_k4_17a4930edfaf3db7_0,90,95,False,0.804979193449166,0.8129194821566272,0.7670666552270564,0.7856568418389854,0.8114638102508257
mock,de,en-de(synthetic),4,1,major_accuracy,major,accuracy,3,17a4930edfaf3db7,de_k4_17a4930edfaf3db7_0,90,95,False,0.6773312210596085,0.872692070705823,0.8319370545823295,0.8348001700526707,0.5097780910063447
mock,de,en-de(synthetic),4,2,major_accuracy,major,accuracy,"1,2",17a4930edfaf3db7,de_k4_17a4930edfaf3db7_0,90,95,False,0.6126690695842513,0.872692070705823,0.5293582012018567,0.5302851540031506,0.8487466672851244
mock,de,en-de(synthetic),4,3,major_accuracy,major,accuracy,"1,2,3",17a4930edfaf3db7,de_k4_17a4930edfaf3db7_0,90,95,False,0.5540891497441618,0.872692070705823,0.5293582012018567,0.5302851540031506,0.5097780910063447
mock,de,en-de(synthetic),4,4,major_accuracy,major,accuracy,"0,1,2,3",17a4930edfaf3db7,de_k4_17a4930edfaf3db7_0,90,95,False,0.4943740614166665,0.5060856929128128,0.5293582012018567,0.5302851540031506,0.5097780910063447
mock,de,en-de(synthetic),4,1,major_fluency,major,fluency,3,17a4930edfaf3db7,de_k4_17a4930edfaf3db7_0,90,95,False,0.7669897696168072,0.872692070705823,0.8319370545823295,0.8348001700526707,0.6660900361838551
mock,de,en-de(synthetic),4,2,major_fluency,major,fluency,"1,2",17a4930edfaf3db7,de_k4_17a4930edfaf3db7_0,90,95,False,0.7351856167945271,0.872692070705823,0.7179991582204546,0.6905032778692068,0.8487466672851244
mock,de,en-de(synthetic),4,3,major_fluency,major,fluency,"1,2,3",17a4930edfaf3db7,de_k4_17a4930edfaf3db7_0,90,95,False,0.7256117346254028,0.872692070705823,0.7179991582204546,0.6905032778692068,0.6660900361838551
mock,de,en-de(synthetic),4,4,major_fluency,major,fluency,"0,1,2,3",17a4930edfaf3db7,de_k4_17a4930edfaf3db7_0,90,95,False,0.6868072550334354,0.6911415512679415,0.7179991582204546,0.6905032778692068,0.6660900361838551
mock,de,en-de(synthetic),4,0,none,,,,bbbfc9543ca8dca0,de_k4_bbbfc9543ca8dca0_4,90,95,False,0.8566620114656929,0.8497777767338126,0.8521551716644687,0.8368643171228627,0.869814892591565
mock,de,en-de(synthetic),4,1,minor_accuracy,minor,accuracy,0,bbbfc9543ca8dca0,de_k4_bbbfc9543ca8dca0_4,90,95,False,0.8227416041966127,0.7476328375106005,0.8521551716644687,0.8368643171228627,0.869814892591565
mock,de,en-de(synthetic),4,2,minor_accuracy,minor,accuracy,"1,3",bbbfc9543ca8dca0,de_k4_bbbfc9543ca8dca0_4,90,95,False,0.7929199821927516,0.8497777767338126,0.7968776278850952,0.8368643171228627,0.7683340118268615
mock,de,en-de(synthetic),4,3,minor_accuracy,minor,accuracy,"0,1,2",bbbfc9543ca8dca0,de_k4_bbbfc9543ca8dca0_4,90,95,False,0.777805817278916,0.7476328375106005,0.7968776278850952,0.7784453443190955,0.869814892591565
mock,de,en-de(synthetic),4,4,minor_accuracy,minor,accuracy,"0,1,2,3",bbbfc9543ca8dca0,de_k4_bbbfc9543ca8dca0_4,90,95,False,0.7780602791216582,0.7476328375106005,0.7968776278850952,0.7784453443190955,0.7683340118268615
mock,de,en-de(synthetic),4,1,minor_fluency,minor,fluency,0,bbbfc9543ca8dca0,de_k4_bbbfc9543ca8dca0_4,90,95,False,0.8535083622867246,0.8039801529178768,0.8521551716644687,0.8368643171228627,0.869814892591565
mock,de,en-de(synthetic),4,2,minor_fluency,minor,fluency,"1,3",bbbfc9543ca8dca0,de_k4_bbbfc9543ca8dca0_4,90,95,False,0.799708435209858,0.8497777767338126,0.7551097987990685,0.8368643171228627,0.7720162854646128
mock,de,en-de(synthetic),4,3,minor_fluency,minor,fluency,"0,1,2",bbbfc9543ca8dca0,de_k4_bbbfc9543ca8dca0_4,90,95,False,0.8104241847218447,0.8039801529178768,0.7551097987990685,0.7750073274765665,0.869814892591565
mock,de,en-de(synthetic),4,4,minor_fluency,minor,fluency,"0,1,2,3",bbbfc9543ca8dca0,de_k4_bbbfc9543ca8dca0_4,90,95,False,0.7816434179673208,0.8039801529178768,0.7551097987990685,0.7750073274765665,0.7720162854646128
mock,de,en-de(synthetic),4,1,major_accuracy,major,accuracy,0,bbbfc9543ca8dca0,de_k4_bbbfc9543ca8dca0_4,90,95,False,0.7120153365929581,0.5546890161318521,0.8521551716644687,0.8368643171228627,0.869814892591565
mock,de,en-de(synthetic),4,2,major_accuracy,major,accuracy,"1,3",bbbfc9543ca8dca0,de_k4_bbbfc9543ca8dca0_4,90,95,False,0.6302603799204348,0.8497777767338126,0.558518602382722,0.8368643171228627,0.5529352758134567
mock,de,en-de(synthetic),4,3,major_accuracy,major,accuracy,"0,1,2",bbbfc9543ca8dca0,de_k4_bbbfc9543ca8dca0_4,90,95,False,0.5768731473030894,0.5546890161318521,0.558518602382722,0.566167763631455,0.869814892591565
mock,de,en-de(synthetic),4,4,major_accuracy,major,accuracy,"0,1,2,3",bbbfc9543ca8dca0,de_k4_bbbfc9543ca8dca0_4,90,95,False,0.5521665217236743,0.5546890161318521,0.558518602382722,0.566167763631455,0.5529352758134567
mock,de,en-de(synthetic),4,1,major_fluency,major,fluency,0,bbbfc9543ca8dca0,de_k4_bbbfc9543ca8dca0_4,90,95,False,0.7844105852339028,0.6617891035661779,0.8521551716644687,0.8368643171228627,0.869814892591565
mock,de,en-de(synthetic),4,2,major_fluency,major,fluency,"1,3",bbbfc9543ca8dca0,de_k4_bbbfc9543ca8dca0_4,90,95,False,0.7730654711223163,0.8497777767338126,0.6797538805485377,0.8368643171228627,0.7149599246063479
mock,de,en-de(synthetic),4,3,major_fluency,major,fluency,"0,1,2",bbbfc9543ca8dca0,de_k4_bbbfc9543ca8dca0_4,90,95,False,0.7026705501936564,0.6617891035661779,0.6797538805485377,0.6997312122235442,0.869814892591565
mock,de,en-de(synthetic),4,4,major_fluency,major,fluency,"0,1,2,3",bbbfc9543ca8dca0,de_k4_bbbfc9543ca8dca0_4,90,95,False,0.6965830381771179,0.6617891035661779,0.6797538805485377,0.6997312122235442,0.7149599246063479
mock,de,en-de(synthetic),4,0,none,,,,780bfb7d74ebf212,de_k4_780bfb7d74ebf212_4,90,95,False,0.8134987499408751,0.8652659161245625,0.8093921195527813,0.7950383330793671,0.8005903956227483
mock,de,en-de(synthetic),4,1,minor_accuracy,minor,accuracy,1,780bfb7d74ebf212,de_k4_780bfb7d74ebf212_4,90,95,False,0.8194404727819113,0.8652659161245625,0.7863531414625807,0.7950383330793671,0.8005903956227483
mock,de,en-de(synthetic),4,2,minor_accuracy,minor,accuracy,"2,3",780bfb7d74ebf212,de_k4_780bfb7d74ebf212_4,90,95,False,0.7769346445298763,0.8652659161245625,0.8093921195527813,0.7139316165698565,0.7838442827253731
mock,de,en-de(synthetic),4,3,minor_accuracy,minor,accuracy,"0,1,3",780bfb7d74ebf212,de_k4_780bfb7d74ebf212_4,90,95,False,0.795777236859751,0.8259125100398632,0.7863531414625807,0.7950383330793671,0.7838442827253731
mock,de,en-de(synthetic),4,4,minor_accuracy,minor,accuracy,"0,1,2,3",780bfb7d74ebf212,de_k4_780bfb7d74ebf212_4,90,95,False,0.7559237663170881,0.8259125100398632,0.7863531414625807,0.7139316165698565,0.7838442827253731
mock,de,en-de(synthetic),4,1,minor_fluency,minor,fluency,1,780bfb7d74ebf212,de_k4_780bfb7d74ebf212_4,90,95,False,0.7893719019823712,0.8652659161245625,0.7795566251484218,0.7950383330793671,0.8005903956227483
mock,de,en-de(synthetic),4,2,minor_fluency,minor,fluency,"2,3",780bfb7d74ebf212,de_k4_780bfb7d74ebf212_4,90,95,False,0.8183763755602589,0.8652659161245625,0.8093921195527813,0.8242618956166516,0.7870090972982796
mock,de,en-de(synthetic),4,3,minor_fluency,minor,fluency,"0,1,3",780bfb7d74ebf212,de_k4_780bfb7d74ebf212_4,90,95,False,0.8052867861308755,0.7973111027368772,0.7795566251484218,0.7950383330793671,0.7870090972982796
mock,de,en-de(synthetic),4,4,minor_fluency,minor,fluency,"0,1,2,3",780bfb7d74ebf212,de_k4_780bfb7d74ebf212_4,90,95,False,0.7856277498636225,0.7973111027368772,0.7795566251484218,0.8242618956166516,0.7870090972982796
mock,de,en-de(synthetic),4,1,major_accuracy,major,accuracy,1,780bfb7d74ebf212,de_k4_780bfb7d74ebf212_4,90,95,False,0.6645934211111262,0.8652659161245625,0.5409862123355385,0.7950383330793671,0.8005903956227483
mock,de,en-de(synthetic),4,2,major_accuracy,major,accuracy,"2,3",780bfb7d74ebf212,de_k4_780bfb7d74ebf212_4,90,95,False,0.6265521806577433,0.8652659161245625,0.8093921195527813,0.5212251310430209,0.6131127705140331
mock,de,en-de(synthetic),4,3,major_accuracy,major,accuracy,"0,1,3",780bfb7d74ebf212,de_k4_780bfb7d74ebf212_4,90,95,False,0.6138953377720736,0.5877456258447329,0.5409862123355385,0.7950383330793671,0.6131127705140331
mock,de,en-de(synthetic),4,4,major_accuracy,major,accuracy,"0,1,2,3",780bfb7d74ebf212,de_k4_780bfb7d74ebf212_4,90,95,False,0.5683922632717759,0.5877456258447329,0.5409862123355385,0.5212251310430209,0.6131127705140331
mock,de,en-de(synthetic),4,1,major_fluency,major,fluency,1,780bfb7d74ebf212,de_k4_780bfb7d74ebf212_4,90,95,False,0.7964599054475389,0.8652659161245625,0.7602410733997931,0.7950383330793671,0.8005903956227483
mock,de,en-de(synthetic),4,2,major_fluency,major,fluency,"2,3",780bfb7d74ebf212,de_k4_780bfb7d74ebf212_4,90,95,False,0.7393917711698659,0.8652659161245625,0.8093921195527813,0.6866503158622674,0.6781467776677682
mock,de,en-de(synthetic),4,3,major_fluency,major,fluency,"0,1,3",780bfb7d74ebf212,de_k4_780bfb7d74ebf212_4,90,95,False,0.7121552750808534,0.696439215077177,0.7602410733997931,0.7950383330793671,0.6781467776677682
mock,de,en-de(synthetic),4,4,major_fluency,major,fluency,"0,1,2,3",780bfb7d74ebf212,de_k4_780bfb7d74ebf212_4,90,95,False,0.7092418003576836,0.696439215077177,0.7602410733997931,0.6866503158622674,0.6781467776677682
mock,de,en-de(synthetic),4,0,none,,,,e1232da43168af53,de_k4_e1232da43168af53_0,90,95,False,0.8645751493946886,0.8551721858764161,0.8538001267376852,0.84421465056092,0.8750592057546287
mock,de,en-de(synthetic),4,1,minor_accuracy,minor,accuracy,2,e1232da43168af53,de_k4_e1232da43168af53_0,90,95,False,0.8554677335807725,0.8551721858764161,0.8538001267376852,0.8050791391225217,0.8750592057546287
mock,de,en-de(synthetic),4,2,minor_accuracy,minor,accuracy,"0,1",e1232da43168af53,de_k4_e1232da43168af53_0,90,95,False,0.8091183736249927,0.7959666704772717,0.7615944512872461,0.84421465056092,0.8750592057546287
mock,de,en-de(synthetic),4,3,minor_accuracy,minor,accuracy,"0,2,3",e1232da43168af53,de_k4_e1232da43168af53_0,90,95,False,0.8022487396878512,0.7959666704772717,0.8538001267376852,0.8050791391225217,0.7513748445929624
mock,de,en-de(synthetic),4,4,minor_accuracy,minor,accuracy,"0,1,2,3",e1232da43168af53,de_k4_e1232da43168af53_0,90,95,False,0.7766274298932314,0.7959666704772717,0.7615944512872461,0.8050791391225217,0.7513748445929624
mock,de,en-de(synthetic),4,1,minor_fluency,minor,fluency,2,e1232da43168af53,de_k4_e1232da43168af53_0,90,95,False,0.8662887391455104,0.8551721858764161,0.8538001267376852,0.8090287723292497,0.8750592057546287
mock,de,en-de(synthetic),4,2,minor_fluency,minor,fluency,"0,1",e1232da43168af53,de_k4_e1232da43168af53_0,90,95,False,0.8174421466991288,0.8000711442142688,0.7790029458660376,0.84421465056092,0.8750592057546287
mock,de,en-de(synthetic),4,3,minor_fluency,minor,fluency,"0,2,3",e1232da43168af53,de_k4_e1232da43168af53_0,90,95,False,0.8156710973398043,0.8000711442142688,0.8538001267376852,0.8090287723292497,0.7618962312972216
mock,de,en-de(synthetic),4,4,minor_fluency,minor,fluency,"0,1,2,3",e1232da43168af53,de_k4_e1232da43168af53_0,90,95,False,0.7760133832169425,0.8000711442142688,0.7790029458660376,0.8090287723292497,0.7618962312972216
mock,de,en-de(synthetic),4,1,major_accuracy,major,accuracy,2,e1232da43168af53,de_k4_e1232da43168af53_0,90,95,False,0.6888909007763159,0.8551721858764161,0.8538001267376852,0.5314515392710832,0.8750592057546287
mock,de,en-de(synthetic),4,2,major_accuracy,major,accuracy,"0,1",e1232da43168af53,de_k4_e1232da43168af53_0,90,95,False,0.6759248764828574,0.5805314936161481,0.5932360288954024,0.84421465056092,0.8750592057546287
mock,de,en-de(synthetic),4,3,major_accuracy,major,accuracy,"0,2,3",e1232da43168af53,de_k4_e1232da43168af53_0,90,95,False,0.5719368546703696,0.5805314936161481,0.8538001267376852,0.5314515392710832,0.5480821993697331
mock,de,en-de(synthetic),4,4,major_accuracy,major,accuracy,"0,1,2,3",e1232da43168af53,de_k4_e1232da43168af53_0,90,95,False,0.5755874329619015,0.5805314936161481,0.5932360288954024,0.5314515392710832,0.5480821993697331
mock,de,en-de(synthetic),4,1,major_fluency,major,fluency,2,e1232da43168af53,de_k4_e1232da43168af53_0,90,95,False,0.8360021248485402,0.8551721858764161,0.8538001267376852,0.7286009043964772,0.8750592057546287
mock,de,en-de(synthetic),4,2,major_fluency,major,fluency,"0,1",e1232da43168af53,de_k4_e1232da43168af53_0,90,95,False,0.7573374353580969,0.6967121434626846,0.7043155617536657,0.84421465056092,0.8750592057546287
mock,de,en-de(synthetic),4,3,major_fluency,major,fluency,"0,2,3",e1232da43168af53,de_k4_e1232da43168af53_0,90,95,False,0.7426368652480931,0.6967121434626846,0.8538001267376852,0.7286009043964772,0.7246751142695916
mock,de,en-de(synthetic),4,4,major_fluency,major,fluency,"0,1,2,3",e1232da43168af53,de_k4_e1232da43168af53_0,90,95,False,0.7007358495370805,0.6967121434626846,0.7043155617536657,0.7286009043964772,0.7246751142695916
mock,de,en-de(synthetic),4,0,none,,,,b37ebbb312b6ee73,de_k4_b37ebbb312b6ee73_0,90,95,False,0.8096071324669415,0.8039521882241686,0.8116514191813962,0.8310901432861295,0.8718145878869542
mock,de,en-de(synthetic),4,1,minor_accuracy,minor,accuracy,3,b37ebbb312b6ee73,de_k4_b37ebbb312b6ee73_0,90,95,False,0.8033304338262695,0.8039521882241686,0.8116514191813962,0.8310901432861295,0.776045566135067
mock,de,en-de(synthetic),4,2,minor_accuracy,minor,accuracy,"0,2",b37ebbb312b6ee73,de_k4_b37ebbb312b6ee73_0,90,95,False,0.7966187070650649,0.7681106489004045,0.8116514191813962,0.7448401249285966,0.8718145878869542
mock,de,en-de(synthetic),4,3,minor_accuracy,minor,accuracy,"1,2,3",b37ebbb312b6ee73,de_k4_b37ebbb312b6ee73_0,90,95,False,0.764372118470707,0.8039521882241686,0.758315946701354,0.7448401249285966,0.776045566135067
mock,de,en-de(synthetic),4,4,minor_accuracy,minor,accuracy,"0,1,2,3",b37ebbb312b6ee73,de_k4_b37ebbb312b6ee73_0,90,95,False,0.7636112922287747,0.7681106489004045,0.758315946701354,0.7448401249285966,0.776045566135067
mock,de,en-de(synthetic),4,1,minor_fluency,minor,fluency,3,b37ebbb312b6ee73,de_k4_b37ebbb312b6ee73_0,90,95,False,0.8081710955592052,0.8039521882241686,0.8116514191813962,0.8310901432861295,0.7992264975668268
mock,de,en-de(synthetic),4,2,minor_fluency,minor,fluency,"0,2",b37ebbb312b6ee73,de_k4_b37ebbb312b6ee73_0,90,95,False,0.7865507272016778,0.8115014708044548,0.8116514191813962,0.7357246797231471,0.8718145878869542
mock,de,en-de(synthetic),4,3,minor_fluency,minor,fluency,"1,2,3",b37ebbb312b6ee73,de_k4_b37ebbb312b6ee73_0,90,95,False,0.7834747655507514,0.8039521882241686,0.7803709581593006,0.7357246797231471,0.7992264975668268
mock,de,en-de(synthetic),4,4,minor_fluency,minor,fluency,"0,1,2,3",b37ebbb312b6ee73,de_k4_b37ebbb312b6ee73_0,90,95,False,0.7737358103772505,0.8115014708044548,0.7803709581593006,0.7357246797231471,0.7992264975668268
mock,de,en-de(synthetic),4,1,major_accuracy,major,accuracy,3,b37ebbb312b6ee73,de_k4_b37ebbb312b6ee73_0,90,95,False,0.7143155866770916,0.8039521882241686,0.8116514191813962,0.8310901432861295,0.5932387231957879
mock,de,en-de(synthetic),4,2,major_accuracy,major,accuracy,"0,2",b37ebbb312b6ee73,de_k4_b37ebbb312b6ee73_0,90,95,False,0.6149167121378584,0.5392571625364808,0.8116514191813962,0.5415130637153385,0.8718145878869542
mock,de,en-de(synthetic),4,3,major_accuracy,major,accuracy,"1,2,3",b37ebbb312b6ee73,de_k4_b37ebbb312b6ee73_0,90,95,False,0.5846136821219823,0.8039521882241686,0.5136710887596094,0.5415130637153385,0.5932387231957879
mock,de,en-de(synthetic),4,4,major_accuracy,major,accuracy,"0,1,2,3",b37ebbb312b6ee73,de_k4_b37ebbb312b6ee73_0,90,95,False,0.5398645088063537,0.5392571625364808,0.5136710887596094,0.5415130637153385,0.5932387231957879
mock,de,en-de(synthetic),4,1,major_fluency,major,fluency,3,b37ebbb312b6ee73,de_k4_b37ebbb312b6ee73_0,90,95,False,0.7707306657249248,0.8039521882241686,0.8116514191813962,0.8310901432861295,0.6669849582062453
mock,de,en-de(synthetic),4,2,major_fluency,major,fluency,"0,2",b37ebbb312b6ee73,de_k4_b37ebbb312b6ee73_0,90,95,False,0.7592379058875423,0.6864882560882019,0.8116514191813962,0.7251189595341458,0.8718145878869542
mock,de,en-de(synthetic),4,3,major_fluency,major,fluency,"1,2,3",b37ebbb312b6ee73,de_k4_b37ebbb312b6ee73_0,90,95,False,0.7211987233607021,0.8039521882241686,0.7207662476199846,0.7251189595341458,0.6669849582062453
mock,de,en-de(synthetic),4,4,major_fluency,major,fluency,"0,1,2,3",b37ebbb312b6ee73,de_k4_b37ebbb312b6ee73_0,90,95,False,0.7048690326286723,0.6864882560882019,0.7207662476199846,0.7251189595341458,0.6669849582062453
mock,de,en-de(synthetic),4,0,none,,,,d95be2f90fd84aa0,de_k4_d95be2f90fd84aa0_0,90,95,False,0.8578579658445561,0.8479728950637246,0.8845971318812549,0.8490421207678949,0.8864448392558264
mock,de,en-de(synthetic),4,1,minor_accuracy,minor,accuracy,0,d95be2f90fd84aa0,de_k4_d95be2f90fd84aa0_0,90,95,False,0.8356520303549134,0.7599052769538301,0.8845971318812549,0.8490421207678949,0.8864448392558264
mock,de,en-de(synthetic),4,2,minor_accuracy,minor,accuracy,"0,3",d95be2f90fd84aa0,de_k4_d95be2f90fd84aa0_0,90,95,False,0.8111054026441605,0.7599052769538301,0.8845971318812549,0.8490421207678949,0.7548634277453443
mock,de,en-de(synthetic),4,3,minor_accuracy,minor,accuracy,"0,1,2",d95be2f90fd84aa0,de_k4_d95be2f90fd84aa0_0,90,95,False,0.8168251152172393,0.7599052769538301,0.8147860107805144,0.8403127862425476,0.8864448392558264
mock,de,en-de(synthetic),4,4,minor_accuracy,minor,accuracy,"0,1,2,3",d95be2f90fd84aa0,de_k4_d95be2f90fd84aa0_0,90,95,False,0.7763150180551435,0.7599052769538301,0.8147860107805144,0.8403127862425476,0.7548634277453443
mock,de,en-de(synthetic),4,1,minor_fluency,minor,fluency,0,d95be2f90fd84aa0,de_k4_d95be2f90fd84aa0_0,90,95,False,0.8656935561652597,0.8106208009752616,0.8845971318812549,0.8490421207678949,0.8864448392558264
mock,de,en-de(synthetic),4,2,minor_fluency,minor,fluency,"0,3",d95be2f90fd84aa0,de_k4_d95be2f90fd84aa0_0,90,95,False,0.8242013836853899,0.8106208009752616,0.8845971318812549,0.8490421207678949,0.8070754296522181
mock,de,en-de(synthetic),4,3,minor_fluency,minor,fluency,"0,1,2",d95be2f90fd84aa0,de_k4_d95be2f90fd84aa0_0,90,95,False,0.8191546976886167,0.8106208009752616,0.8520913377429665,0.8219304036575948,0.8864448392558264
mock,de,en-de(synthetic),4,4,minor_fluency,minor,fluency,"0,1,2,3",d95be2f90fd84aa0,de_k4_d95be2f90fd84aa0_0,90,95,False,0.821968006816861,0.8106208009752616,0.8520913377429665,0.8219304036575948,0.8070754296522181
mock,de,en-de(synthetic),4,1,major_accuracy,major,accuracy,0,d95be2f90fd84aa0,de_k4_d95be2f90fd84aa0_0,90,95,False,0.736030113753802,0.58802349278182,0.8845971318812549,0.8490421207678949,0.8864448392558264
mock,de,en-de(synthetic),4,2,major_accuracy,major,accuracy,"0,3",d95be2f90fd84aa0,de_k4_d95be2f90fd84aa0_0,90,95,False,0.6436417681417334,0.58802349278182,0.8845971318812549,0.8490421207678949,0.5289804723119487
mock,de,en-de(synthetic),4,3,major_accuracy,major,accuracy,"0,1,2",d95be2f90fd84aa0,de_k4_d95be2f90fd84aa0_0,90,95,False,0.6095298646507342,0.58802349278182,0.5753046858777247,0.5497544959491163,0.8864448392558264
mock,de,en-de(synthetic),4,4,major_accuracy,major,accuracy,"0,1,2,3",d95be2f90fd84aa0,de_k4_d95be2f90fd84aa0_0,90,95,False,0.5703822311526271,0.58802349278182,0.5753046858777247,0.5497544959491163,0.5289804723119487
mock,de,en-de(synthetic),4,1,major_fluency,major,fluency,0,d95be2f90fd84aa0,de_k4_d95be2f90fd84aa0_0,90,95,False,0.8244094710951927,0.7263938392144507,0.8845971318812549,0.8490421207678949,0.8864448392558264
mock,de,en-de(synthetic),4,2,major_fluency,major,fluency,"0,3",d95be2f90fd84aa0,de_k4_d95be2f90fd84aa0_0,90,95,False,0.7772275897887369,0.7263938392144507,0.8845971318812549,0.8490421207678949,0.707162710429632
mock,de,en-de(synthetic),4,3,major_fluency,major,fluency,"0,1,2",d95be2f90fd84aa0,de_k4_d95be2f90fd84aa0_0,90,95,False,0.7499543520432079,0.7263938392144507,0.7153149656906811,0.7453705717583552,0.8864448392558264
mock,de,en-de(synthetic),4,4,major_fluency,major,fluency,"0,1,2,3",d95be2f90fd84aa0,de_k4_d95be2f90fd84aa0_0,90,95,False,0.7420988706023386,0.7263938392144507,0.7153149656906811,0.7453705717583552,0.707162710429632
mock,de,en-de(synthetic),4,0,none,,,,78540f0891c50a57,de_k4_78540f0891c50a57_4,90,95,False,0.8387601787465486,0.8549326755608584,0.856662575054995,0.8432555845591287,0.8702500102642448
mock,de,en-de(synthetic),4,1,minor_accuracy,minor,accuracy,1,78540f0891c50a57,de_k4_78540f0891c50a57_4,90,95,False,0.8216259459652148,0.8549326755608584,0.7451287641077575,0.8432555845591287,0.8702500102642448
mock,de,en-de(synthetic),4,2,minor_accuracy,minor,accuracy,"1,2",78540f0891c50a57,de_k4_78540f0891c50a57_4,90,95,False,0.8053412960676525,0.8549326755608584,0.7451287641077575,0.7538630585835865,0.8702500102642448
mock,de,en-de(synthetic),4,3,minor_accuracy,minor,accuracy,"0,1,3",78540f0891c50a57,de_k4_78540f0891c50a57_4,90,95,False,0.7802200284613793,0.7532207359626198,0.7451287641077575,0.8432555845591287,0.7726618390837333
mock,de,en-de(synthetic),4,4,minor_accuracy,minor,accuracy,"0,1,2,3",78540f0891c50a57,de_k4_78540f0891c50a57_4,90,95,False,0.7561788144265335,0.7532207359626198,0.7451287641077575,0.7538630585835865,0.7726618390837333
mock,de,en-de(synthetic),4,1,minor_fluency,minor,fluency,1,78540f0891c50a57,de_k4_78540f0891c50a57_4,90,95,False,0.8542797732995524,0.8549326755608584,0.814452447485939,0.8432555845591287,0.8702500102642448
mock,de,en-de(synthetic),4,2,minor_fluency,minor,fluency,"1,2",78540f0891c50a57,de_k4_78540f0891c50a57_4,90,95,False,0.8307936658472364,0.8549326755608584,0.814452447485939,0.8001173698565256,0.8702500102642448
mock,de,en-de(synthetic),4,3,minor_fluency,minor,fluency,"0,1,3",78540f0891c50a57,de_k4_78540f0891c50a57_4,90,95,False,0.7890986452199501,0.7659765072793967,0.814452447485939,0.8432555845591287,0.8004352640265274
mock,de,en-de(synthetic),4,4,minor_fluency,minor,fluency,"0,1,2,3",78540f0891c50a57,de_k4_78540f0891c50a57_4,90,95,False,0.8117507069340478,0.7659765072793967,0.814452447485939,0.8001173698565256,0.8004352640265274
mock,de,en-de(synthetic),4,1,major_accuracy,major,accuracy,1,78540f0891c50a57,de_k4_78540f0891c50a57_4,90,95,False,0.7420278593605667,0.8549326755608584,0.5705870306418934,0.8432555845591287,0.8702500102642448
mock,de,en-de(synthetic),4,2,major_accuracy,major,accuracy,"1,2",78540f0891c50a57,de_k4_78540f0891c50a57_4,90,95,False,0.6416411907810927,0.8549326755608584,0.5705870306418934,0.5653457395287105,0.8702500102642448
mock,de,en-de(synthetic),4,3,major_accuracy,major,accuracy,"0,1,3",78540f0891c50a57,de_k4_78540f0891c50a57_4,90,95,False,0.5917268537423066,0.5534362887046282,0.5705870306418934,0.8432555845591287,0.5654061793251901
mock,de,en-de(synthetic),4,4,major_accuracy,major,accuracy,"0,1,2,3",78540f0891c50a57,de_k4_78540f0891c50a57_4,90,95,False,0.5645499707157272,0.5534362887046282,0.5705870306418934,0.5653457395287105,0.5654061793251901
mock,de,en-de(synthetic),4,1,major_fluency,major,fluency,1,78540f0891c50a57,de_k4_78540f0891c50a57_4,90,95,False,0.7826570638461191,0.8549326755608584,0.662003983731685,0.8432555845591287,0.8702500102642448
mock,de,en-de(synthetic),4,2,major_fluency,major,fluency,"1,2",78540f0891c50a57,de_k4_78540f0891c50a57_4,90,95,False,0.7348246684217117,0.8549326755608584,0.662003983731685,0.6754305949977758,0.8702500102642448
mock,de,en-de(synthetic),4,3,major_fluency,major,fluency,"0,1,3",78540f0891c50a57,de_k4_78540f0891c50a57_4,90,95,False,0.7222369271928685,0.7286323026759018,0.662003983731685,0.8432555845591287,0.6476183599057633
mock,de,en-de(synthetic),4,4,major_fluency,major,fluency,"0,1,2,3",78540f0891c50a57,de_k4_78540f0891c50a57_4,90,95,False,0.6665411528464744,0.7286323026759018,0.662003983731685,0.6754305949977758,0.6476183599057633
mock,de,en-de(synthetic),4,0,none,,,,8e3bc11891900541,de_k4_8e3bc11891900541_0,90,95,False,0.8528647487250142,0.8516012866569156,0.8978120850371554,0.8539551426855809,0.8577095981781108
mock,de,en-de(synthetic),4,1,minor_accuracy,minor,accuracy,2,8e3bc11891900541,de_k4_8e3bc11891900541_0,90,95,False,0.8169292205273044,0.8516012866569156,0.8978120850371554,0.7492174435603199,0.8577095981781108
mock,de,en-de(synthetic),4,2,minor_accuracy,minor,accuracy,"1,3",8e3bc11891900541,de_k4_8e3bc11891900541_0,90,95,False,0.7944724595057185,0.8516012866569156,0.7921067744488511,0.8539551426855809,0.72730119469282
mock,de,en-de(synthetic),4,3,minor_accuracy,minor,accuracy,"0,2,3",8e3bc11891900541,de_k4_8e3bc11891900541_0,90,95,False,0.7662491375918037,0.7137485539181603,0.8978120850371554,0.7492174435603199,0.72730119469282
mock,de,en-de(synthetic),4,4,minor_accuracy,minor,accuracy,"0,1,2,3",8e3bc11891900541,de_k4_8e3bc11891900541_0,90,95,False,0.7623725508495269,0.7137485539181603,0.7921067744488511,0.7492174435603199,0.72730119469282
mock,de,en-de(synthetic),4,1,minor_fluency,minor,fluency,2,8e3bc11891900541,de_k4_8e3bc11891900541_0,90,95,False,0.8356474530934899,0.8516012866569156,0.8978120850371554,0.7772312676681941,0.8577095981781108
mock,de,en-de(synthetic),4,2,minor_fluency,minor,fluency,"1,3",8e3bc11891900541,de_k4_8e3bc11891900541_0,90,95,False,0.8050496428366631,0.8516012866569156,0.8038640071870444,0.8539551426855809,0.740260162756398
mock,de,en-de(synthetic),4,3,minor_fluency,minor,fluency,"0,2,3",8e3bc11891900541,de_k4_8e3bc11891900541_0,90,95,False,0.7875738641150857,0.8085343311964931,0.8978120850371554,0.7772312676681941,0.740260162756398
mock,de,en-de(synthetic),4,4,minor_fluency,minor,fluency,"0,1,2,3",8e3bc11891900541,de_k4_8e3bc11891900541_0,90,95,False,0.7988639405572756,0.8085343311964931,0.8038640071870444,0.7772312676681941,0.740260162756398
mock,de,en-de(synthetic),4,1,major_accuracy,major,accuracy,2,8e3bc11891900541,de_k4_8e3bc11891900541_0,90,95,False,0.6982218427381734,0.8516012866569156,0.8978120850371554,0.530096495314692,0.8577095981781108
mock,de,en-de(synthetic),4,2,major_accuracy,major,accuracy,"1,3",8e3bc11891900541,de_k4_8e3bc11891900541_0,90,95,False,0.6256303081278275,0.8516012866569156,0.5673212087503174,0.8539551426855809,0.5269452247622193
mock,de,en-de(synthetic),4,3,major_accuracy,major,accuracy,"0,2,3",8e3bc11891900541,de_k4_8e3bc11891900541_0,90,95,False,0.564463817673995,0.5237354301480812,0.8978120850371554,0.530096495314692,0.5269452247622193
mock,de,en-de(synthetic),4,4,major_accuracy,major,accuracy,"0,1,2,3",8e3bc11891900541,de_k4_8e3bc11891900541_0,90,95,False,0.5161860694961072,0.5237354301480812,0.5673212087503174,0.530096495314692,0.5269452247622193
mock,de,en-de(synthetic),4,1,major_fluency,major,fluency,2,8e3bc11891900541,de_k4_8e3bc11891900541_0,90,95,False,0.8230223421935255,0.8516012866569156,0.8978120850371554,0.7168717431274396,0.8577095981781108
mock,de,en-de(synthetic),4,2,major_fluency,major,fluency,"1,3",8e3bc11891900541,de_k4_8e3bc11891900541_0,90,95,False,0.7430147533747392,0.8516012866569156,0.6853244037590693,0.8539551426855809,0.6917624214148194
mock,de,en-de(synthetic),4,3,major_fluency,major,fluency,"0,2,3",8e3bc11891900541,de_k4_8e3bc11891900541_0,90,95,False,0.7387656488533076,0.6778147225981086,0.8978120850371554,0.7168717431274396,0.6917624214148194
mock,de,en-de(synthetic),4,4,major_fluency,major,fluency,"0,1,2,3",8e3bc11891900541,de_k4_8e3bc11891900541_0,90,95,False,0.6808619324826864,0.6778147225981086,0.6853244037590693,0.7168717431274396,0.6917624214148194
mock,de,en-de(synthetic),4,0,none,,,,67a114f73a917a15,de_k4_67a114f73a917a15_4,90,95,False,0.8368609037287402,0.8010020506148084,0.8574587447552088,0.8118220948952546,0.879299759819169
mock,de,en-de(synthetic),4,1,minor_accuracy,minor,accuracy,3,67a114f73a917a15,de_k4_67a114f73a917a15_4,90,95,False,0.8208822428092384,0.8010020506148084,0.8574587447552088,0.8118220948952546,0.7677076261673925
mock,de,en-de(synthetic),4,2,minor_accuracy,minor,accuracy,"2,3",67a114f73a917a15,de_k4_67a114f73a917a15_4,90,95,False,0.7859710879136592,0.8010020506148084,0.8574587447552088,0.7786612553967887,0.7677076261673925
mock,de,en-de(synthetic),4,3,minor_accuracy,minor,accuracy,"1,2,3",67a114f73a917a15,de_k4_67a114f73a917a15_4,90,95,False,0.7819021981164705,0.8010020506148084,0.7596088156156063,0.7786612553967887,0.7677076261673925
mock,de,en-de(synthetic),4,4,minor_accuracy,minor,accuracy,"0,1,2,3",67a114f73a917a15,de_k4_67a114f73a917a15_4,90,95,False,0.7753209852313098,0.8062401842138777,0.7596088156156063,0.7786612553967887,0.7677076261673925
mock,de,en-de(synthetic),4,1,minor_fluency,minor,fluency,3,67a114f73a917a15,de_k4_67a114f73a917a15_4,90,95,False,0.790082690583565,0.8010020506148084,0.8574587447552088,0.8118220948952546,0.7518442814738032
mock,de,en-de(synthetic),4,2,minor_fluency,minor,fluency,"2,3",67a114f73a917a15,de_k4_67a114f73a917a15_4,90,95,False,0.8094707683536901,0.8010020506148084,0.8574587447552088,0.7893716025926264,0.7518442814738032
mock,de,en-de(synthetic),4,3,minor_fluency,minor,fluency,"1,2,3",67a114f73a917a15,de_k4_67a114f73a917a15_4,90,95,False,0.7762831745096892,0.8010020506148084,0.7890124310562201,0.7893716025926264,0.7518442814738032
mock,de,en-de(synthetic),4,4,minor_fluency,minor,fluency,"0,1,2,3",67a114f73a917a15,de_k4_67a114f73a917a15_4,90,95,False,0.7932260468569239,0.7954803075279866,0.7890124310562201,0.7893716025926264,0.7518442814738032
mock,de,en-de(synthetic),4,1,major_accuracy,major,accuracy,3,67a114f73a917a15,de_k4_67a114f73a917a15_4,90,95,False,0.697814834711137,0.8010020506148084,0.8574587447552088,0.8118220948952546,0.5671486563571946
mock,de,en-de(synthetic),4,2,major_accuracy,major,accuracy,"2,3",67a114f73a917a15,de_k4_67a114f73a917a15_4,90,95,False,0.6652608651638217,0.8010020506148084,0.8574587447552088,0.5708162525957123,0.5671486563571946
mock,de,en-de(synthetic),4,3,major_accuracy,major,accuracy,"1,2,3",67a114f73a917a15,de_k4_67a114f73a917a15_4,90,95,False,0.5725593380509478,0.8010020506148084,0.5005080687382002,0.5708162525957123,0.5671486563571946
mock,de,en-de(synthetic),4,4,major_accuracy,major,accuracy,"0,1,2,3",67a114f73a917a15,de_k4_67a114f73a917a15_4,90,95,False,0.536242528864669,0.5401397341205489,0.5005080687382002,0.5708162525957123,0.5671486563571946
mock,de,en-de(synthetic),4,1,major_fluency,major,fluency,3,67a114f73a917a15,de_k4_67a114f73a917a15_4,90,95,False,0.7891190519973323,0.8010020506148084,0.8574587447552088,0.8118220948952546,0.7241799797553053
mock,de,en-de(synthetic),4,2,major_fluency,major,fluency,"2,3",67a114f73a917a15,de_k4_67a114f73a917a15_4,90,95,False,0.752633696248537,0.8010020506148084,0.8574587447552088,0.7252961036521337,0.7241799797553053
mock,de,en-de(synthetic),4,3,major_fluency,major,fluency,"1,2,3",67a114f73a917a15,de_k4_67a114f73a917a15_4,90,95,False,0.7407139766429391,0.8010020506148084,0.7441304760099351,0.7252961036521337,0.7241799797553053
mock,de,en-de(synthetic),4,4,major_fluency,major,fluency,"0,1,2,3",67a114f73a917a15,de_k4_67a114f73a917a15_4,90,95,False,0.7274346112130229,0.7025621958112908,0.7441304760099351,0.7252961036521337,0.7241799797553053
mock,de,en-de(synthetic),4,0,none,,,,3f959113e5d8fb19,de_k4_3f959113e5d8fb19_0,90,95,False,0.8780276784845559,0.8700587184647115,0.9044042356580518,0.834689796514787,0.8799187148620857
mock,de,en-de(synthetic),4,1,minor_accuracy,minor,accuracy,0,3f959113e5d8fb19,de_k4_3f959113e5d8fb19_0,90,95,False,0.8474644135786853,0.8153626789462283,0.9044042356580518,0.834689796514787,0.8799187148620857
mock,de,en-de(synthetic),4,2,minor_accuracy,minor,accuracy,"0,1",3f959113e5d8fb19,de_k4_3f959113e5d8fb19_0,90,95,False,0.8194619890348316,0.8153626789462283,0.766038005476117,0.834689796514787,0.8799187148620857
mock,de,en-de(synthetic),4,3,minor_accuracy,minor,accuracy,"0,1,2",3f959113e5d8fb19,de_k4_3f959113e5d8fb19_0,90,95,False,0.8084363427520044,0.8153626789462283,0.766038005476117,0.7649676993911481,0.8799187148620857
mock,de,en-de(synthetic),4,4,minor_accuracy,minor,accuracy,"0,1,2,3",3f959113e5d8fb19,de_k4_3f959113e5d8fb19_0,90,95,False,0.7788523079152021,0.8153626789462283,0.766038005476117,0.7649676993911481,0.7623640956075102
mock,de,en-de(synthetic),4,1,minor_fluency,minor,fluency,0,3f959113e5d8fb19,de_k4_3f959113e5d8fb19_0,90,95,False,0.8666543295062202,0.8137946147961401,0.9044042356580518,0.834689796514787,0.8799187148620857
mock,de,en-de(synthetic),4,2,minor_fluency,minor,fluency,"0,1",3f959113e5d8fb19,de_k4_3f959113e5d8fb19_0,90,95,False,0.8374789661302251,0.8137946147961401,0.8059458057923319,0.834689796514787,0.8799187148620857
mock,de,en-de(synthetic),4,3,minor_fluency,minor,fluency,"0,1,2",3f959113e5d8fb19,de_k4_3f959113e5d8fb19_0,90,95,False,0.8311765152839867,0.8137946147961401,0.8059458057923319,0.7959746595806503,0.8799187148620857
mock,de,en-de(synthetic),4,4,minor_fluency,minor,fluency,"0,1,2,3",3f959113e5d8fb19,de_k4_3f959113e5d8fb19_0,90,95,False,0.7957265420258316,0.8137946147961401,0.8059458057923319,0.7959746595806503,0.7928577863099816
mock,de,en-de(synthetic),4,1,major_accuracy,major,accuracy,0,3f959113e5d8fb19,de_k4_3f959113e5d8fb19_0,90,95,False,0.7381773660939084,0.5872436995770121,0.9044042356580518,0.834689796514787,0.8799187148620857
mock,de,en-de(synthetic),4,2,major_accuracy,major,accuracy,"0,1",3f959113e5d8fb19,de_k4_3f959113e5d8fb19_0,90,95,False,0.6456867850804916,0.5872436995770121,0.5557712957283023,0.834689796514787,0.8799187148620857
mock,de,en-de(synthetic),4,3,major_accuracy,major,accuracy,"0,1,2",3f959113e5d8fb19,de_k4_3f959113e5d8fb19_0,90,95,False,0.5805738808556601,0.5872436995770121,0.5557712957283023,0.5762650534042653,0.8799187148620857
mock,de,en-de(synthetic),4,4,major_accuracy,major,accuracy,"0,1,2,3",3f959113e5d8fb19,de_k4_3f959113e5d8fb19_0,90,95,False,0.5460431847691892,0.5872436995770121,0.5557712957283023,0.5762650534042653,0.5182575223707866
mock,de,en-de(synthetic),4,1,major_fluency,major,fluency,0,3f959113e5d8fb19,de_k4_3f959113e5d8fb19_0,90,95,False,0.8340595103809724,0.7450620947302568,0.9044042356580518,0.834689796514787,0.8799187148620857
mock,de,en-de(synthetic),4,2,major_fluency,major,fluency,"0,1",3f959113e5d8fb19,de_k4_3f959113e5d8fb19_0,90,95,False,0.764650512392057,0.7450620947302568,0.6998587287882526,0.834689796514787,0.8799187148620857
mock,de,en-de(synthetic),4,3,major_fluency,major,fluency,"0,1,2",3f959113e5d8fb19,de_k4_3f959113e5d8fb19_0,90,95,False,0.7336457397611084,0.7450620947302568,0.6998587287882526,0.6840702980935331,0.8799187148620857
mock,de,en-de(synthetic),4,4,major_fluency,major,fluency,"0,1,2,3",3f959113e5d8fb19,de_k4_3f959113e5d8fb19_0,90,95,False,0.713612048183415,0.7450620947302568,0.6998587287882526,0.6840702980935331,0.6948787962070925
mock,de,en-de(synthetic),4,0,none,,,,13b62911b77b955c,de_k4_13b62911b77b955c_0,90,95,False,0.8340842483105255,0.8399872365736931,0.8270949756671839,0.8251921988554417,0.8322769976351168
mock,de,en-de(synthetic),4,1,minor_accuracy,minor,accuracy,1,13b62911b77b955c,de_k4_13b62911b77b955c_0,90,95,False,0.7959351734341541,0.8399872365736931,0.7338673618622419,0.8251921988554417,0.8322769976351168
mock,de,en-de(synthetic),4,2,minor_accuracy,minor,accuracy,"0,2",13b62911b77b955c,de_k4_13b62911b77b955c_0,90,95,False,0.7626716790131527,0.7784935300769336,0.8270949756671839,0.7273963674883036,0.8322769976351168
mock,de,en-de(synthetic),4,3,minor_accuracy,minor,accuracy,"0,1,3",13b62911b77b955c,de_k4_13b62911b77b955c_0,90,95,False,0.7873587337669186,0.7784935300769336,0.7338673618622419,0.8251921988554417,0.8420198960630082
mock,de,en-de(synthetic),4,4,minor_accuracy,minor,accuracy,"0,1,2,3",13b62911b77b955c,de_k4_13b62911b77b955c_0,90,95,False,0.7453755883826514,0.7784935300769336,0.7338673618622419,0.7273963674883036,0.8420198960630082
mock,de,en-de(synthetic),4,1,minor_fluency,minor,fluency,1,13b62911b77b955c,de_k4_13b62911b77b955c_0,90,95,False,0.8194319007607853,0.8399872365736931,0.7830840796225067,0.8251921988554417,0.8322769976351168
mock,de,en-de(synthetic),4,2,minor_fluency,minor,fluency,"0,2",13b62911b77b955c,de_k4_13b62911b77b955c_0,90,95,False,0.7891752748411867,0.7886744178540331,0.8270949756671839,0.8034184447311099,0.8322769976351168
mock,de,en-de(synthetic),4,3,minor_fluency,minor,fluency,"0,1,3",13b62911b77b955c,de_k4_13b62911b77b955c_0,90,95,False,0.7935697016853777,0.7886744178540331,0.7830840796225067,0.8251921988554417,0.751542301500958
mock,de,en-de(synthetic),4,4,minor_fluency,minor,fluency,"0,1,2,3",13b62911b77b955c,de_k4_13b62911b77b955c_0,90,95,False,0.7879787705055065,0.7886744178540331,0.7830840796225067,0.8034184447311099,0.751542301500958
mock,de,en-de(synthetic),4,1,major_accuracy,major,accuracy,1,13b62911b77b955c,de_k4_13b62911b77b955c_0,90,95,False,0.706457538634123,0.8399872365736931,0.5451370287579076,0.8251921988554417,0.8322769976351168
mock,de,en-de(synthetic),4,2,major_accuracy,major,accuracy,"0,2",13b62911b77b955c,de_k4_13b62911b77b955c_0,90,95,False,0.6462820844956374,0.6041895787646308,0.8270949756671839,0.5274603863319027,0.8322769976351168
mock,de,en-de(synthetic),4,3,major_accuracy,major,accuracy,"0,1,3",13b62911b77b955c,de_k4_13b62911b77b955c_0,90,95,False,0.6049823307698106,0.6041895787646308,0.5451370287579076,0.8251921988554417,0.5628191479449032
mock,de,en-de(synthetic),4,4,major_accuracy,major,accuracy,"0,1,2,3",13b62911b77b955c,de_k4_13b62911b77b955c_0,90,95,False,0.5497305247509741,0.6041895787646308,0.5451370287579076,0.5274603863319027,0.5628191479449032
mock,de,en-de(synthetic),4,1,major_fluency,major,fluency,1,13b62911b77b955c,de_k4_13b62911b77b955c_0,90,95,False,0.7457030702331747,0.8399872365736931,0.65419920759376,0.8251921988554417,0.8322769976351168
mock,de,en-de(synthetic),4,2,major_fluency,major,fluency,"0,2",13b62911b77b955c,de_k4_13b62911b77b955c_0,90,95,False,0.7026656815219281,0.6250787439880362,0.8270949756671839,0.6866653534245085,0.8322769976351168
mock,de,en-de(synthetic),4,3,major_fluency,major,fluency,"0,1,3",13b62911b77b955c,de_k4_13b62911b77b955c_0,90,95,False,0.674291744464963,0.6250787439880362,0.65419920759376,0.8251921988554417,0.6979747861302376
mock,de,en-de(synthetic),4,4,major_fluency,major,fluency,"0,1,2,3",13b62911b77b955c,de_k4_13b62911b77b955c_0,90,95,False,0.6542288370892946,0.6250787439880362,0.65419920759376,0.6866653534245085,0.6979747861302376
mock,de,en-de(synthetic),4,0,none,,,,85fb7ea9ebc20662,de_k4_85fb7ea9ebc20662_4,90,95,False,0.8349386101056978,0.8624670838942948,0.8192547135551708,0.8353609065741541,0.8581281431323509
mock,de,en-de(synthetic),4,1,minor_accuracy,minor,accuracy,2,85fb7ea9ebc20662,de_k4_85fb7ea9ebc20662_4,90,95,False,0.8348402510095736,0.8624670838942948,0.8192547135551708,0.7863062797441873,0.8581281431323509
mock,de,en-de(synthetic),4,2,minor_accuracy,minor,accuracy,"0,3",85fb7ea9ebc20662,de_k4_85fb7ea9ebc20662_4,90,95,False,0.818565892940023,0.8063651325040857,0.8192547135551708,0.8353609065741541,0.7751155747791441
mock,de,en-de(synthetic),4,3,minor_accuracy,minor,accuracy,"0,2,3",85fb7ea9ebc20662,de_k4_85fb7ea9ebc20662_4,90,95,False,0.780459486285128,0.8063651325040857,0.8192547135551708,0.7863062797441873,0.7751155747791441
mock,de,en-de(synthetic),4,4,minor_accuracy,minor,accuracy,"0,1,2,3",85fb7ea9ebc20662,de_k4_85fb7ea9ebc20662_4,90,95,False,0.7768850955505061,0.8063651325040857,0.7534683017884757,0.7863062797441873,0.7751155747791441
mock,de,en-de(synthetic),4,1,minor_fluency,minor,fluency,2,85fb7ea9ebc20662,de_k4_85fb7ea9ebc20662_4,90,95,False,0.8505845468675695,0.8624670838942948,0.8192547135551708,0.8270691488203308,0.8581281431323509
mock,de,en-de(synthetic),4,2,minor_fluency,minor,fluency,"0,3",85fb7ea9ebc20662,de_k4_85fb7ea9ebc20662_4,90,95,False,0.8154024148997695,0.7689028027838231,0.8192547135551708,0.8353609065741541,0.8482655973281528
mock,de,en-de(synthetic),4,3,minor_fluency,minor,fluency,"0,2,3",85fb7ea9ebc20662,de_k4_85fb7ea9ebc20662_4,90,95,False,0.8075797705599819,0.7689028027838231,0.8192547135551708,0.8270691488203308,0.8482655973281528
mock,de,en-de(synthetic),4,4,minor_fluency,minor,fluency,"0,1,2,3",85fb7ea9ebc20662,de_k4_85fb7ea9ebc20662_4,90,95,False,0.8024379622708647,0.7689028027838231,0.7930299999298214,0.8270691488203308,0.8482655973281528
mock,de,en-de(synthetic),4,1,major_accuracy,major,accuracy,2,85fb7ea9ebc20662,de_k4_85fb7ea9ebc20662_4,90,95,False,0.6781648623414694,0.8624670838942948,0.8192547135551708,0.5334070065689265,0.8581281431323509
mock,de,en-de(synthetic),4,2,major_accuracy,major,accuracy,"0,3",85fb7ea9ebc20662,de_k4_85fb7ea9ebc20662_4,90,95,False,0.6455041435170671,0.5692179809830826,0.8192547135551708,0.8353609065741541,0.5815038766400182
mock,de,en-de(synthetic),4,3,major_accuracy,major,accuracy,"0,2,3",85fb7ea9ebc20662,de_k4_85fb7ea9ebc20662_4,90,95,False,0.5831016773133944,0.5692179809830826,0.8192547135551708,0.5334070065689265,0.5815038766400182
mock,de,en-de(synthetic),4,4,major_accuracy,major,accuracy,"0,1,2,3",85fb7ea9ebc20662,de_k4_85fb7ea9ebc20662_4,90,95,False,0.5718109946731432,0.5692179809830826,0.5672163668754107,0.5334070065689265,0.5815038766400182
mock,de,en-de(synthetic),4,1,major_fluency,major,fluency,2,85fb7ea9ebc20662,de_k4_85fb7ea9ebc20662_4,90,95,False,0.7761958124677871,0.8624670838942948,0.8192547135551708,0.6659181410496812,0.8581281431323509
mock,de,en-de(synthetic),4,2,major_fluency,major,fluency,"0,3",85fb7ea9ebc20662,de_k4_85fb7ea9ebc20662_4,90,95,False,0.7442787724604647,0.6409480702606828,0.8192547135551708,0.8353609065741541,0.7423945697920875
mock,de,en-de(synthetic),4,3,major_fluency,major,fluency,"0,2,3",85fb7ea9ebc20662,de_k4_85fb7ea9ebc20662_4,90,95,False,0.7123753443302672,0.6409480702606828,0.8192547135551708,0.6659181410496812,0.7423945697920875
mock,de,en-de(synthetic),4,4,major_fluency,major,fluency,"0,1,2,3",85fb7ea9ebc20662,de_k4_85fb7ea9ebc20662_4,90,95,False,0.6771093539989773,0.6409480702606828,0.6802504393796569,0.6659181410496812,0.7423945697920875
mock,de,en-de(synthetic),4,0,none,,,,560b468d07a4b853,de_k4_560b468d07a4b853_0,90,95,False,0.8424473388659626,0.8738277699846201,0.8027315477397274,0.8594107880126195,0.8427707957062899
mock,de,en-de(synthetic),4,1,minor_accuracy,minor,accuracy,3,560b468d07a4b853,de_k4_560b468d07a4b853_0,90,95,False,0.8144811650565565,0.8738277699846201,0.8027315477397274,0.8594107880126195,0.7375772921969564
mock,de,en-de(synthetic),4,2,minor_accuracy,minor,accuracy,"1,2",560b468d07a4b853,de_k4_560b468d07a4b853_0,90,95,False,0.8164453208579581,0.8738277699846201,0.7741698788366623,0.7897742587476481,0.8427707957062899
mock,de,en-de(synthetic),4,3,minor_accuracy,minor,accuracy,"1,2,3",560b468d07a4b853,de_k4_560b468d07a4b853_0,90,95,False,0.7886042927560077,0.8738277699846201,0.7741698788366623,0.7897742587476481,0.7375772921969564
mock,de,en-de(synthetic),4,4,minor_accuracy,minor,accuracy,"0,1,2,3",560b468d07a4b853,de_k4_560b468d07a4b853_0,90,95,False,0.759137140607122,0.7390524186654794,0.7741698788366623,0.7897742587476481,0.7375772921969564
mock,de,en-de(synthetic),4,1,minor_fluency,minor,fluency,3,560b468d07a4b853,de_k4_560b468d07a4b853_0,90,95,False,0.8145047571504497,0.8738277699846201,0.8027315477397274,0.8594107880126195,0.7565956276580026
mock,de,en-de(synthetic),4,2,minor_fluency,minor,fluency,"1,2",560b468d07a4b853,de_k4_560b468d07a4b853_0,90,95,False,0.8449835093858068,0.8738277699846201,0.8300291722013399,0.7944167978705503,0.8427707957062899
mock,de,en-de(synthetic),4,3,minor_fluency,minor,fluency,"1,2,3",560b468d07a4b853,de_k4_560b468d07a4b853_0,90,95,False,0.8068701707848723,0.8738277699846201,0.8300291722013399,0.7944167978705503,0.7565956276580026
mock,de,en-de(synthetic),4,4,minor_fluency,minor,fluency,"0,1,2,3",560b468d07a4b853,de_k4_560b468d07a4b853_0,90,95,False,0.8061724653386079,0.8270459141427723,0.8300291722013399,0.7944167978705503,0.7565956276580026
mock,de,en-de(synthetic),4,1,major_accuracy,major,accuracy,3,560b468d07a4b853,de_k4_560b468d07a4b853_0,90,95,False,0.6830330395397065,0.8738277699846201,0.8027315477397274,0.8594107880126195,0.5329200102356166
mock,de,en-de(synthetic),4,2,major_accuracy,major,accuracy,"1,2",560b468d07a4b853,de_k4_560b468d07a4b853_0,90,95,False,0.6300105064779851,0.8738277699846201,0.5590586395761594,0.5842355230675997,0.8427707957062899
mock,de,en-de(synthetic),4,3,major_accuracy,major,accuracy,"1,2,3",560b468d07a4b853,de_k4_560b468d07a4b853_0,90,95,False,0.5854088505071393,0.8738277699846201,0.5590586395761594,0.5842355230675997,0.5329200102356166
mock,de,en-de(synthetic),4,4,major_accuracy,major,accuracy,"0,1,2,3",560b468d07a4b853,de_k4_560b468d07a4b853_0,90,95,False,0.5721829669709633,0.6120270257191627,0.5590586395761594,0.5842355230675997,0.5329200102356166
mock,de,en-de(synthetic),4,1,major_fluency,major,fluency,3,560b468d07a4b853,de_k4_560b468d07a4b853_0,90,95,False,0.7603179628491502,0.8738277699846201,0.8027315477397274,0.8594107880126195,0.6613523271447519
mock,de,en-de(synthetic),4,2,major_fluency,major,fluency,"1,2",560b468d07a4b853,de_k4_560b468d07a4b853_0,90,95,False,0.7681031447644797,0.8738277699846201,0.6903926343213833,0.7259616898056058,0.8427707957062899
mock,de,en-de(synthetic),4,3,major_fluency,major,fluency,"1,2,3",560b468d07a4b853,de_k4_560b468d07a4b853_0,90,95,False,0.7271582121907825,0.8738277699846201,0.6903926343213833,0.7259616898056058,0.6613523271447519
mock,de,en-de(synthetic),4,4,major_fluency,major,fluency,"0,1,2,3",560b468d07a4b853,de_k4_560b468d07a4b853_0,90,95,False,0.6983446109197673,0.7387521303684514,0.6903926343213833,0.7259616898056058,0.6613523271447519
mock,de,en-de(synthetic),4,0,none,,,,cc8aa7e2eeb9ed41,de_k4_cc8aa7e2eeb9ed41_0,90,95,False,0.8566500732189788,0.7942180313748866,0.9066366227815067,0.8401460836958492,0.89596949038744
mock,de,en-de(synthetic),4,1,minor_accuracy,minor,accuracy,0,cc8aa7e2eeb9ed41,de_k4_cc8aa7e2eeb9ed41_0,90,95,False,0.8377548092234938,0.7482957160790054,0.9066366227815067,0.8401460836958492,0.89596949038744
mock,de,en-de(synthetic),4,2,minor_accuracy,minor,accuracy,"1,3",cc8aa7e2eeb9ed41,de_k4_cc8aa7e2eeb9ed41_0,90,95,False,0.8025391163749103,0.7942180313748866,0.7816237504040429,0.8401460836958492,0.7376041307854456
mock,de,en-de(synthetic),4,3,minor_accuracy,minor,accuracy,"0,1,2",cc8aa7e2eeb9ed41,de_k4_cc8aa7e2eeb9ed41_0,90,95,False,0.7710622338527137,0.7482957160790054,0.7816237504040429,0.7256401194120047,0.89596949038744
mock,de,en-de(synthetic),4,4,minor_accuracy,minor,accuracy,"0,1,2,3",cc8aa7e2eeb9ed41,de_k4_cc8aa7e2eeb9ed41_0,90,95,False,0.7413477875557759,0.7482957160790054,0.7816237504040429,0.7256401194120047,0.7376041307854456
mock,de,en-de(synthetic),4,1,minor_fluency,minor,fluency,0,cc8aa7e2eeb9ed41,de_k4_cc8aa7e2eeb9ed41_0,90,95,False,0.866818302675417,0.8520528674580851,0.9066366227815067,0.8401460836958492,0.89596949038744
mock,de,en-de(synthetic),4,2,minor_fluency,minor,fluency,"1,3",cc8aa7e2eeb9ed41,de_k4_cc8aa7e2eeb9ed41_0,90,95,False,0.8114858691250226,0.7942180313748866,0.8193616801964513,0.8401460836958492,0.819549436571852
mock,de,en-de(synthetic),4,3,minor_fluency,minor,fluency,"0,1,2",cc8aa7e2eeb9ed41,de_k4_cc8aa7e2eeb9ed41_0,90,95,False,0.8427665555441752,0.8520528674580851,0.8193616801964513,0.8128329678436185,0.89596949038744
mock,de,en-de(synthetic),4,4,minor_fluency,minor,fluency,"0,1,2,3",cc8aa7e2eeb9ed41,de_k4_cc8aa7e2eeb9ed41_0,90,95,False,0.8197339904485847,0.8520528674580851,0.8193616801964513,0.8128329678436185,0.819549436571852
mock,de,en-de(synthetic),4,1,major_accuracy,major,accuracy,0,cc8aa7e2eeb9ed41,de_k4_cc8aa7e2eeb9ed41_0,90,95,False,0.6932804101697474,0.5423850314250571,0.9066366227815067,0.8401460836958492,0.89596949038744
mock,de,en-de(synthetic),4,2,major_accuracy,major,accuracy,"1,3",cc8aa7e2eeb9ed41,de_k4_cc8aa7e2eeb9ed41_0,90,95,False,0.6164561500662747,0.7942180313748866,0.5294361332437307,0.8401460836958492,0.5852459740211045
mock,de,en-de(synthetic),4,3,major_accuracy,major,accuracy,"0,1,2",cc8aa7e2eeb9ed41,de_k4_cc8aa7e2eeb9ed41_0,90,95,False,0.5849041296993828,0.5423850314250571,0.5294361332437307,0.5517960580816563,0.89596949038744
mock,de,en-de(synthetic),4,4,major_accuracy,major,accuracy,"0,1,2,3",cc8aa7e2eeb9ed41,de_k4_cc8aa7e2eeb9ed41_0,90,95,False,0.5581376929872491,0.5423850314250571,0.5294361332437307,0.5517960580816563,0.5852459740211045
mock,de,en-de(synthetic),4,1,major_fluency,major,fluency,0,cc8aa7e2eeb9ed41,de_k4_cc8aa7e2eeb9ed41_0,90,95,False,0.8332635792324954,0.6753216818783245,0.9066366227815067,0.8401460836958492,0.89596949038744
mock,de,en-de(synthetic),4,2,major_fluency,major,fluency,"1,3",cc8aa7e2eeb9ed41,de_k4_cc8aa7e2eeb9ed41_0,90,95,False,0.7469435056814155,0.7942180313748866,0.6683245774693898,0.8401460836958492,0.7115206616528498
mock,de,en-de(synthetic),4,3,major_fluency,major,fluency,"0,1,2",cc8aa7e2eeb9ed41,de_k4_cc8aa7e2eeb9ed41_0,90,95,False,0.6914534407317557,0.6753216818783245,0.6683245774693898,0.6694789417512729,0.89596949038744
mock,de,en-de(synthetic),4,4,major_fluency,major,fluency,"0,1,2,3",cc8aa7e2eeb9ed41,de_k4_cc8aa7e2eeb9ed41_0,90,95,False,0.6921632349028877,0.6753216818783245,0.6683245774693898,0.6694789417512729,0.7115206616528498
mock,de,en-de(synthetic),4,0,none,,,,0b6e615588c09741,de_k4_0b6e615588c09741_4,90,95,False,0.8921903905621991,0.9321666556053351,0.8973950543788382,0.8678189317526259,0.8539945813605488
mock,de,en-de(synthetic),4,1,minor_accuracy,minor,accuracy,1,0b6e615588c09741,de_k4_0b6e615588c09741_4,90,95,False,0.8267057351123543,0.9321666556053351,0.7321977932352736,0.8678189317526259,0.8539945813605488
mock,de,en-de(synthetic),4,2,minor_accuracy,minor,accuracy,"2,3",0b6e615588c09741,de_k4_0b6e615588c09741_4,90,95,False,0.8454750797383584,0.9321666556053351,0.8973950543788382,0.7800315634925603,0.8168505341594534
mock,de,en-de(synthetic),4,3,minor_accuracy,minor,accuracy,"0,1,3",0b6e615588c09741,de_k4_0b6e615588c09741_4,90,95,False,0.7957749057655652,0.7450913251430379,0.7321977932352736,0.8678189317526259,0.8168505341594534
mock,de,en-de(synthetic),4,4,minor_accuracy,minor,accuracy,"0,1,2,3",0b6e615588c09741,de_k4_0b6e615588c09741_4,90,95,False,0.7401339562402532,0.7450913251430379,0.7321977932352736,0.7800315634925603,0.8168505341594534
mock,de,en-de(synthetic),4,1,minor_fluency,minor,fluency,1,0b6e615588c09741,de_k4_0b6e615588c09741_4,90,95,False,0.8482160742439583,0.9321666556053351,0.7432846644206025,0.8678189317526259,0.8539945813605488
mock,de,en-de(synthetic),4,2,minor_fluency,minor,fluency,"2,3",0b6e615588c09741,de_k4_0b6e615588c09741_4,90,95,False,0.8376177818836122,0.9321666556053351,0.8973950543788382,0.7832758762113625,0.7742656761014316
mock,de,en-de(synthetic),4,3,minor_fluency,minor,fluency,"0,1,3",0b6e615588c09741,de_k4_0b6e615588c09741_4,90,95,False,0.7870717863179413,0.7694845213112568,0.7432846644206025,0.8678189317526259,0.7742656761014316
mock,de,en-de(synthetic),4,4,minor_fluency,minor,fluency,"0,1,2,3",0b6e615588c09741,de_k4_0b6e615588c09741_4,90,95,False,0.7447732721090707,0.7694845213112568,0.7432846644206025,0.7832758762113625,0.7742656761014316
mock,de,en-de(synthetic),4,1,major_accuracy,major,accuracy,1,0b6e615588c09741,de_k4_0b6e615588c09741_4,90,95,False,0.6853666721160749,0.9321666556053351,0.5376295441987597,0.8678189317526259,0.8539945813605488
mock,de,en-de(synthetic),4,2,major_accuracy,major,accuracy,"2,3",0b6e615588c09741,de_k4_0b6e615588c09741_4,90,95,False,0.6248381765080095,0.9321666556053351,0.8973950543788382,0.554771983611662,0.5265819921735067
mock,de,en-de(synthetic),4,3,major_accuracy,major,accuracy,"0,1,3",0b6e615588c09741,de_k4_0b6e615588c09741_4,90,95,False,0.5467975545757013,0.5220597987313271,0.5376295441987597,0.8678189317526259,0.5265819921735067
mock,de,en-de(synthetic),4,4,major_accuracy,major,accuracy,"0,1,2,3",0b6e615588c09741,de_k4_0b6e615588c09741_4,90,95,False,0.5469363423111303,0.5220597987313271,0.5376295441987597,0.554771983611662,0.5265819921735067
mock,de,en-de(synthetic),4,1,major_fluency,major,fluency,1,0b6e615588c09741,de_k4_0b6e615588c09741_4,90,95,False,0.8246553484015582,0.9321666556053351,0.7156812395067472,0.8678189317526259,0.8539945813605488
mock,de,en-de(synthetic),4,2,major_fluency,major,fluency,"2,3",0b6e615588c09741,de_k4_0b6e615588c09741_4,90,95,False,0.7524302729671015,0.9321666556053351,0.8973950543788382,0.6788815221308248,0.6482705330276207
mock,de,en-de(synthetic),4,3,major_fluency,major,fluency,"0,1,3",0b6e615588c09741,de_k4_0b6e615588c09741_4,90,95,False,0.7146321899740237,0.6714261223510538,0.7156812395067472,0.8678189317526259,0.6482705330276207
mock,de,en-de(synthetic),4,4,major_fluency,major,fluency,"0,1,2,3",0b6e615588c09741,de_k4_0b6e615588c09741_4,90,95,False,0.6813774933286881,0.6714261223510538,0.7156812395067472,0.6788815221308248,0.6482705330276207
mock,de,en-de(synthetic),4,0,none,,,,dc2f27b8b410ffda,de_k4_dc2f27b8b410ffda_4,90,95,False,0.8426886176108199,0.8372423934241431,0.852823934061998,0.8448772198968166,0.8575544973357284
mock,de,en-de(synthetic),4,1,minor_accuracy,minor,accuracy,2,dc2f27b8b410ffda,de_k4_dc2f27b8b410ffda_4,90,95,False,0.8088606754387798,0.8372423934241431,0.852823934061998,0.7580788347707151,0.8575544973357284
mock,de,en-de(synthetic),4,2,minor_accuracy,minor,accuracy,"0,1",dc2f27b8b410ffda,de_k4_dc2f27b8b410ffda_4,90,95,False,0.8149664839521474,0.7845930774472072,0.756364015653282,0.8448772198968166,0.8575544973357284
mock,de,en-de(synthetic),4,3,minor_accuracy,minor,accuracy,"0,2,3",dc2f27b8b410ffda,de_k4_dc2f27b8b410ffda_4,90,95,False,0.7717966188600786,0.7845930774472072,0.852823934061998,0.7580788347707151,0.7363321110717169
mock,de,en-de(synthetic),4,4,minor_accuracy,minor,accuracy,"0,1,2,3",dc2f27b8b410ffda,de_k4_dc2f27b8b410ffda_4,90,95,False,0.7501608702054928,0.7845930774472072,0.756364015653282,0.7580788347707151,0.7363321110717169
mock,de,en-de(synthetic),4,1,minor_fluency,minor,fluency,2,dc2f27b8b410ffda,de_k4_dc2f27b8b410ffda_4,90,95,False,0.8265188185249742,0.8372423934241431,0.852823934061998,0.8441153113465526,0.8575544973357284
mock,de,en-de(synthetic),4,2,minor_fluency,minor,fluency,"0,1",dc2f27b8b410ffda,de_k4_dc2f27b8b410ffda_4,90,95,False,0.814006258460267,0.7838463121043798,0.7823027056911334,0.8448772198968166,0.8575544973357284
mock,de,en-de(synthetic),4,3,minor_fluency,minor,fluency,"0,2,3",dc2f27b8b410ffda,de_k4_dc2f27b8b410ffda_4,90,95,False,0.8217071534261776,0.7838463121043798,0.852823934061998,0.8441153113465526,0.8082584740523748
mock,de,en-de(synthetic),4,4,minor_fluency,minor,fluency,"0,1,2,3",dc2f27b8b410ffda,de_k4_dc2f27b8b410ffda_4,90,95,False,0.8176155752794281,0.7838463121043798,0.7823027056911334,0.8441153113465526,0.8082584740523748
mock,de,en-de(synthetic),4,1,major_accuracy,major,accuracy,2,dc2f27b8b410ffda,de_k4_dc2f27b8b410ffda_4,90,95,False,0.7420070948874278,0.8372423934241431,0.852823934061998,0.5811984563529129,0.8575544973357284
mock,de,en-de(synthetic),4,2,major_accuracy,major,accuracy,"0,1",dc2f27b8b410ffda,de_k4_dc2f27b8b410ffda_4,90,95,False,0.6151224491895686,0.5532457308435716,0.5264577850401377,0.8448772198968166,0.8575544973357284
mock,de,en-de(synthetic),4,3,major_accuracy,major,accuracy,"0,2,3",dc2f27b8b410ffda,de_k4_dc2f27b8b410ffda_4,90,95,False,0.5988105687699663,0.5532457308435716,0.852823934061998,0.5811984563529129,0.5780640251643363
mock,de,en-de(synthetic),4,4,major_accuracy,major,accuracy,"0,1,2,3",dc2f27b8b410ffda,de_k4_dc2f27b8b410ffda_4,90,95,False,0.5524098624641862,0.5532457308435716,0.5264577850401377,0.5811984563529129,0.5780640251643363
mock,de,en-de(synthetic),4,1,major_fluency,major,fluency,2,dc2f27b8b410ffda,de_k4_dc2f27b8b410ffda_4,90,95,False,0.7856471791745767,0.8372423934241431,0.852823934061998,0.6838066093636295,0.8575544973357284
mock,de,en-de(synthetic),4,2,major_fluency,major,fluency,"0,1",dc2f27b8b410ffda,de_k4_dc2f27b8b410ffda_4,90,95,False,0.7692994051723439,0.7141931509264827,0.7332445899800457,0.8448772198968166,0.8575544973357284
mock,de,en-de(synthetic),4,3,major_fluency,major,fluency,"0,2,3",dc2f27b8b410ffda,de_k4_dc2f27b8b410ffda_4,90,95,False,0.71693012868008,0.7141931509264827,0.852823934061998,0.6838066093636295,0.7041583273176818
mock,de,en-de(synthetic),4,4,major_fluency,major,fluency,"0,1,2,3",dc2f27b8b410ffda,de_k4_dc2f27b8b410ffda_4,90,95,False,0.7257935037020874,0.7141931509264827,0.7332445899800457,0.6838066093636295,0.7041583273176818
mock,de,en-de(synthetic),4,0,none,,,,db8f894f0fc2b57e,de_k4_db8f894f0fc2b57e_4,90,95,False,0.8680995457531175,0.820633400675188,0.8840651811497028,0.8399494741305231,0.8782460337274556
mock,de,en-de(synthetic),4,1,minor_accuracy,minor,accuracy,3,db8f894f0fc2b57e,de_k4_db8f894f0fc2b57e_4,90,95,False,0.8234658531615272,0.820633400675188,0.8840651811497028,0.8399494741305231,0.7468530823449239
mock,de,en-de(synthetic),4,2,minor_accuracy,minor,accuracy,"0,2",db8f894f0fc2b57e,de_k4_db8f894f0fc2b57e_4,90,95,False,0.818248345277284,0.7648198871451117,0.8840651811497028,0.779737125883798,0.8782460337274556
mock,de,en-de(synthetic),4,3,minor_accuracy,minor,accuracy,"1,2,3",db8f894f0fc2b57e,de_k4_db8f894f0fc2b57e_4,90,95,False,0.777158393243765,0.820633400675188,0.753583878016218,0.779737125883798,0.7468530823449239
mock,de,en-de(synthetic),4,4,minor_accuracy,minor,accuracy,"0,1,2,3",db8f894f0fc2b57e,de_k4_db8f894f0fc2b57e_4,90,95,False,0.74856184272266,0.7648198871451117,0.753583878016218,0.779737125883798,0.7468530823449239
mock,de,en-de(synthetic),4,1,minor_fluency,minor,fluency,3,db8f894f0fc2b57e,de_k4_db8f894f0fc2b57e_4,90,95,False,0.841433103030617,0.820633400675188,0.8840651811497028,0.8399494741305231,0.8259083569593855
mock,de,en-de(synthetic),4,2,minor_fluency,minor,fluency,"0,2",db8f894f0fc2b57e,de_k4_db8f894f0fc2b57e_4,90,95,False,0.8485543834988133,0.7832322355329526,0.8840651811497028,0.8568844174788744,0.8782460337274556
mock,de,en-de(synthetic),4,3,minor_fluency,minor,fluency,"1,2,3",db8f894f0fc2b57e,de_k4_db8f894f0fc2b57e_4,90,95,False,0.8366131332530924,0.820633400675188,0.832235062561446,0.8568844174788744,0.8259083569593855
mock,de,en-de(synthetic),4,4,minor_fluency,minor,fluency,"0,1,2,3",db8f894f0fc2b57e,de_k4_db8f894f0fc2b57e_4,90,95,False,0.8056987654964057,0.7832322355329526,0.832235062561446,0.8568844174788744,0.8259083569593855
mock,de,en-de(synthetic),4,1,major_accuracy,major,accuracy,3,db8f894f0fc2b57e,de_k4_db8f894f0fc2b57e_4,90,95,False,0.7011577470276347,0.820633400675188,0.8840651811497028,0.8399494741305231,0.577484113612476
mock,de,en-de(synthetic),4,2,major_accuracy,major,accuracy,"0,2",db8f894f0fc2b57e,de_k4_db8f894f0fc2b57e_4,90,95,False,0.6398552746176797,0.5497979846109804,0.8840651811497028,0.5581428035244886,0.8782460337274556
mock,de,en-de(synthetic),4,3,major_accuracy,major,accuracy,"1,2,3",db8f894f0fc2b57e,de_k4_db8f894f0fc2b57e_4,90,95,False,0.5725732384174979,0.820633400675188,0.5491209198282607,0.5581428035244886,0.577484113612476
mock,de,en-de(synthetic),4,4,major_accuracy,major,accuracy,"0,1,2,3",db8f894f0fc2b57e,de_k4_db8f894f0fc2b57e_4,90,95,False,0.5368713489442597,0.5497979846109804,0.5491209198282607,0.5581428035244886,0.577484113612476
mock,de,en-de(synthetic),4,1,major_fluency,major,fluency,3,db8f894f0fc2b57e,de_k4_db8f894f0fc2b57e_4,90,95,False,0.7871214772101754,0.820633400675188,0.8840651811497028,0.8399494741305231,0.6723756854260139
mock,de,en-de(synthetic),4,2,major_fluency,major,fluency,"0,2",db8f894f0fc2b57e,de_k4_db8f894f0fc2b57e_4,90,95,False,0.7656966828818791,0.704507305532524,0.8840651811497028,0.6799755163936602,0.8782460337274556
mock,de,en-de(synthetic),4,3,major_fluency,major,fluency,"1,2,3",db8f894f0fc2b57e,de_k4_db8f894f0fc2b57e_4,90,95,False,0.7227306984880469,0.820633400675188,0.7105653911825073,0.6799755163936602,0.6723756854260139
mock,de,en-de(synthetic),4,4,major_fluency,major,fluency,"0,1,2,3",db8f894f0fc2b57e,de_k4_db8f894f0fc2b57e_4,90,95,False,0.6916237530300091,0.704507305532524,0.7105653911825073,0.6799755163936602,0.6723756854260139
mock,de,en-de(synthetic),4,0,none,,,,c756225d2dde6ac0,de_k4_c756225d2dde6ac0_4,90,95,False,0.8737874627268044,0.8801657295791284,0.8257100472326696,0.8826776441270359,0.8944355939621211
mock,de,en-de(synthetic),4,1,minor_accuracy,minor,accuracy,0,c756225d2dde6ac0,de_k4_c756225d2dde6ac0_4,90,95,False,0.8101738416046289,0.7109095246402308,0.8257100472326696,0.8826776441270359,0.8944355939621211
mock,de,en-de(synthetic),4,2,minor_accuracy,minor,accuracy,"0,3",c756225d2dde6ac0,de_k4_c756225d2dde6ac0_4,90,95,False,0.7641745443957193,0.7109095246402308,0.8257100472326696,0.8826776441270359,0.7084190527909279
mock,de,en-de(synthetic),4,3,minor_accuracy,minor,accuracy,"0,1,2",c756225d2dde6ac0,de_k4_c756225d2dde6ac0_4,90,95,False,0.7586713194412903,0.7109095246402308,0.7794643230097467,0.748162517482757,0.8944355939621211
mock,de,en-de(synthetic),4,4,minor_accuracy,minor,accuracy,"0,1,2,3",c756225d2dde6ac0,de_k4_c756225d2dde6ac0_4,90,95,False,0.7426711445851444,0.7109095246402308,0.7794643230097467,0.748162517482757,0.7084190527909279
mock,de,en-de(synthetic),4,1,minor_fluency,minor,fluency,0,c756225d2dde6ac0,de_k4_c756225d2dde6ac0_4,90,95,False,0.8360378120930823,0.7878454824597725,0.8257100472326696,0.8826776441270359,0.8944355939621211
mock,de,en-de(synthetic),4,2,minor_fluency,minor,fluency,"0,3",c756225d2dde6ac0,de_k4_c756225d2dde6ac0_4,90,95,False,0.813282280463591,0.7878454824597725,0.8257100472326696,0.8826776441270359,0.8170572533300515
mock,de,en-de(synthetic),4,3,minor_fluency,minor,fluency,"0,1,2",c756225d2dde6ac0,de_k4_c756225d2dde6ac0_4,90,95,False,0.8106634754539757,0.7878454824597725,0.8107110350969016,0.8233904411363155,0.8944355939621211
mock,de,en-de(synthetic),4,4,minor_fluency,minor,fluency,"0,1,2,3",c756225d2dde6ac0,de_k4_c756225d2dde6ac0_4,90,95,False,0.8182706054594726,0.7878454824597725,0.8107110350969016,0.8233904411363155,0.8170572533300515
mock,de,en-de(synthetic),4,1,major_accuracy,major,accuracy,0,c756225d2dde6ac0,de_k4_c756225d2dde6ac0_4,90,95,False,0.7150528450886299,0.5810367592117245,0.8257100472326696,0.8826776441270359,0.8944355939621211
mock,de,en-de(synthetic),4,2,major_accuracy,major,accuracy,"0,3",c756225d2dde6ac0,de_k4_c756225d2dde6ac0_4,90,95,False,0.661798339066973,0.5810367592117245,0.8257100472326696,0.8826776441270359,0.5683327088444532
mock,de,en-de(synthetic),4,3,major_accuracy,major,accuracy,"0,1,2",c756225d2dde6ac0,de_k4_c756225d2dde6ac0_4,90,95,False,0.5796653363333492,0.5810367592117245,0.5931797921206652,0.5230973900576927,0.8944355939621211
mock,de,en-de(synthetic),4,4,major_accuracy,major,accuracy,"0,1,2,3",c756225d2dde6ac0,de_k4_c756225d2dde6ac0_4,90,95,False,0.5590193274758068,0.5810367592117245,0.5931797921206652,0.5230973900576927,0.5683327088444532
mock,de,en-de(synthetic),4,1,major_fluency,major,fluency,0,c756225d2dde6ac0,de_k4_c756225d2dde6ac0_4,90,95,False,0.8206914130143268,0.70699634299074,0.8257100472326696,0.8826776441270359,0.8944355939621211
mock,de,en-de(synthetic),4,2,major_fluency,major,fluency,"0,3",c756225d2dde6ac0,de_k4_c756225d2dde6ac0_4,90,95,False,0.7517133885542902,0.70699634299074,0.8257100472326696,0.8826776441270359,0.6769681818910385
mock,de,en-de(synthetic),4,3,major_fluency,major,fluency,"0,1,2",c756225d2dde6ac0,de_k4_c756225d2dde6ac0_4,90,95,False,0.7356700074455035,0.70699634299074,0.7012376339120536,0.7347524786267475,0.8944355939621211
mock,de,en-de(synthetic),4,4,major_fluency,major,fluency,"0,1,2,3",c756225d2dde6ac0,de_k4_c756225d2dde6ac0_4,90,95,False,0.6900463651911246,0.70699634299074,0.7012376339120536,0.7347524786267475,0.6769681818910385
mock,de,en-de(synthetic),4,0,none,,,,5223bbe973885f31,de_k4_5223bbe973885f31_0,90,95,False,0.86410804296054,0.8751861567680611,0.8998809146226743,0.8351443897109619,0.833263607741745
mock,de,en-de(synthetic),4,1,minor_accuracy,minor,accuracy,1,5223bbe973885f31,de_k4_5223bbe973885f31_0,90,95,False,0.831176287755416,0.8751861567680611,0.8038361276834473,0.8351443897109619,0.833263607741745
mock,de,en-de(synthetic),4,2,minor_accuracy,minor,accuracy,"1,2",5223bbe973885f31,de_k4_5223bbe973885f31_0,90,95,False,0.8250149607749967,0.8751861567680611,0.8038361276834473,0.8018067046251122,0.833263607741745
mock,de,en-de(synthetic),4,3,minor_accuracy,minor,accuracy,"0,1,3",5223bbe973885f31,de_k4_5223bbe973885f31_0,90,95,False,0.7838044355707015,0.7704845196036558,0.8038361276834473,0.8351443897109619,0.7602641579233226
mock,de,en-de(synthetic),4,4,minor_accuracy,minor,accuracy,"0,1,2,3",5223bbe973885f31,de_k4_5223bbe973885f31_0,90,95,False,0.7705925425765034,0.7704845196036558,0.8038361276834473,0.8018067046251122,0.7602641579233226
mock,de,en-de(synthetic),4,1,minor_fluency,minor,fluency,1,5223bbe973885f31,de_k4_5223bbe973885f31_0,90,95,False,0.8308864067509084,0.8751861567680611,0.7979241129303793,0.8351443897109619,0.833263607741745
mock,de,en-de(synthetic),4,2,minor_fluency,minor,fluency,"1,2",5223bbe973885f31,de_k4_5223bbe973885f31_0,90,95,False,0.8006555052444119,0.8751861567680611,0.7979241129303793,0.7774285650812337,0.833263607741745
mock,de,en-de(synthetic),4,3,minor_fluency,minor,fluency,"0,1,3",5223bbe973885f31,de_k4_5223bbe973885f31_0,90,95,False,0.8221916780729146,0.8680294595178722,0.7979241129303793,0.8351443897109619,0.8184043960859089
mock,de,en-de(synthetic),4,4,minor_fluency,minor,fluency,"0,1,2,3",5223bbe973885f31,de_k4_5223bbe973885f31_0,90,95,False,0.802233535390379,0.8680294595178722,0.7979241129303793,0.7774285650812337,0.8184043960859089
mock,de,en-de(synthetic),4,1,major_accuracy,major,accuracy,1,5223bbe973885f31,de_k4_5223bbe973885f31_0,90,95,False,0.6850991467199261,0.8751861567680611,0.5376443000770641,0.8351443897109619,0.833263607741745
mock,de,en-de(synthetic),4,2,major_accuracy,major,accuracy,"1,2",5223bbe973885f31,de_k4_5223bbe973885f31_0,90,95,False,0.6124715970759776,0.8751861567680611,0.5376443000770641,0.5546606721046992,0.833263607741745
mock,de,en-de(synthetic),4,3,major_accuracy,major,accuracy,"0,1,3",5223bbe973885f31,de_k4_5223bbe973885f31_0,90,95,False,0.5991491911746778,0.6202676089986143,0.5376443000770641,0.8351443897109619,0.5919470635042245
mock,de,en-de(synthetic),4,4,major_accuracy,major,accuracy,"0,1,2,3",5223bbe973885f31,de_k4_5223bbe973885f31_0,90,95,False,0.5671430041655391,0.6202676089986143,0.5376443000770641,0.5546606721046992,0.5919470635042245
mock,de,en-de(synthetic),4,1,major_fluency,major,fluency,1,5223bbe973885f31,de_k4_5223bbe973885f31_0,90,95,False,0.7961097615357777,0.8751861567680611,0.6972921570421449,0.8351443897109619,0.833263607741745
mock,de,en-de(synthetic),4,2,major_fluency,major,fluency,"1,2",5223bbe973885f31,de_k4_5223bbe973885f31_0,90,95,False,0.7420473830479553,0.8751861567680611,0.6972921570421449,0.6844467478564304,0.833263607741745
mock,de,en-de(synthetic),4,3,major_fluency,major,fluency,"0,1,3",5223bbe973885f31,de_k4_5223bbe973885f31_0,90,95,False,0.7248201068142572,0.695779595968859,0.6972921570421449,0.8351443897109619,0.6973939316246005
mock,de,en-de(synthetic),4,4,major_fluency,major,fluency,"0,1,2,3",5223bbe973885f31,de_k4_5223bbe973885f31_0,90,95,False,0.6962615466054178,0.695779595968859,0.6972921570421449,0.6844467478564304,0.6973939316246005
mock,de,en-de(synthetic),4,0,none,,,,17eb8302878337c5,de_k4_17eb8302878337c5_4,90,95,False,0.8465414038684129,0.8444512946344066,0.8256546350312095,0.8477559128303372,0.8787123865251456
mock,de,en-de(synthetic),4,1,minor_accuracy,minor,accuracy,2,17eb8302878337c5,de_k4_17eb8302878337c5_4,90,95,False,0.8166413314629467,0.8444512946344066,0.8256546350312095,0.7813126620927936,0.8787123865251456
mock,de,en-de(synthetic),4,2,minor_accuracy,minor,accuracy,"1,3",17eb8302878337c5,de_k4_17eb8302878337c5_4,90,95,False,0.8172824121737619,0.8444512946344066,0.776561679409774,0.8477559128303372,0.764655484101962
mock,de,en-de(synthetic),4,3,minor_accuracy,minor,accuracy,"0,2,3",17eb8302878337c5,de_k4_17eb8302878337c5_4,90,95,False,0.7712795992367953,0.7609937090619368,0.8256546350312095,0.7813126620927936,0.764655484101962
mock,de,en-de(synthetic),4,4,minor_accuracy,minor,accuracy,"0,1,2,3",17eb8302878337c5,de_k4_17eb8302878337c5_4,90,95,False,0.7543070069162338,0.7609937090619368,0.776561679409774,0.7813126620927936,0.764655484101962
mock,de,en-de(synthetic),4,1,minor_fluency,minor,fluency,2,17eb8302878337c5,de_k4_17eb8302878337c5_4,90,95,False,0.846927691902053,0.8444512946344066,0.8256546350312095,0.8281388232285958,0.8787123865251456
mock,de,en-de(synthetic),4,2,minor_fluency,minor,fluency,"1,3",17eb8302878337c5,de_k4_17eb8302878337c5_4,90,95,False,0.8290967361119116,0.8444512946344066,0.8114457689270571,0.8477559128303372,0.8146486290088344
mock,de,en-de(synthetic),4,3,minor_fluency,minor,fluency,"0,2,3",17eb8302878337c5,de_k4_17eb8302878337c5_4,90,95,False,0.8133733715410766,0.7831840594923779,0.8256546350312095,0.8281388232285958,0.8146486290088344
mock,de,en-de(synthetic),4,4,minor_fluency,minor,fluency,"0,1,2,3",17eb8302878337c5,de_k4_17eb8302878337c5_4,90,95,False,0.8018504635413197,0.7831840594923779,0.8114457689270571,0.8281388232285958,0.8146486290088344
mock,de,en-de(synthetic),4,1,major_accuracy,major,accuracy,2,17eb8302878337c5,de_k4_17eb8302878337c5_4,90,95,False,0.7277249160045585,0.8444512946344066,0.8256546350312095,0.5715676862155334,0.8787123865251456
mock,de,en-de(synthetic),4,2,major_accuracy,major,accuracy,"1,3",17eb8302878337c5,de_k4_17eb8302878337c5_4,90,95,False,0.6310810173630399,0.8444512946344066,0.5718168388247857,0.8477559128303372,0.5451874653830067
mock,de,en-de(synthetic),4,3,major_accuracy,major,accuracy,"0,2,3",17eb8302878337c5,de_k4_17eb8302878337c5_4,90,95,False,0.6010281673648891,0.5710432693771681,0.8256546350312095,0.5715676862155334,0.5451874653830067
mock,de,en-de(synthetic),4,4,major_accuracy,major,accuracy,"0,1,2,3",17eb8302878337c5,de_k4_17eb8302878337c5_4,90,95,False,0.5697144973376169,0.5710432693771681,0.5718168388247857,0.5715676862155334,0.5451874653830067
mock,de,en-de(synthetic),4,1,major_fluency,major,fluency,2,17eb8302878337c5,de_k4_17eb8302878337c5_4,90,95,False,0.8174830410717269,0.8444512946344066,0.8256546350312095,0.7170193648706901,0.8787123865251456
mock,de,en-de(synthetic),4,2,major_fluency,major,fluency,"1,3",17eb8302878337c5,de_k4_17eb8302878337c5_4,90,95,False,0.7570197986994521,0.8444512946344066,0.7153114677445475,0.8477559128303372,0.6941649072575976
mock,de,en-de(synthetic),4,3,major_fluency,major,fluency,"0,2,3",17eb8302878337c5,de_k4_17eb8302878337c5_4,90,95,False,0.7350264624498004,0.7127647412842353,0.8256546350312095,0.7170193648706901,0.6941649072575976
mock,de,en-de(synthetic),4,4,major_fluency,major,fluency,"0,1,2,3",17eb8302878337c5,de_k4_17eb8302878337c5_4,90,95,False,0.7107229474434481,0.7127647412842353,0.7153114677445475,0.7170193648706901,0.6941649072575976
mock,de,en-de(synthetic),4,0,none,,,,a1188c572802588e,de_k4_a1188c572802588e_0,90,95,False,0.8505576053172913,0.8409998034772327,0.8539599949811414,0.8888940451571692,0.8258147148759752
mock,de,en-de(synthetic),4,1,minor_accuracy,minor,accuracy,3,a1188c572802588e,de_k4_a1188c572802588e_0,90,95,False,0.8222504396172909,0.8409998034772327,0.8539599949811414,0.8888940451571692,0.7415189013598882
mock,de,en-de(synthetic),4,2,minor_accuracy,minor,accuracy,"2,3",a1188c572802588e,de_k4_a1188c572802588e_0,90,95,False,0.818235365841215,0.8409998034772327,0.8539599949811414,0.7693470009460314,0.7415189013598882
mock,de,en-de(synthetic),4,3,minor_accuracy,minor,accuracy,"1,2,3",a1188c572802588e,de_k4_a1188c572802588e_0,90,95,False,0.7932056850602055,0.8409998034772327,0.7862349299309394,0.7693470009460314,0.7415189013598882
mock,de,en-de(synthetic),4,4,minor_accuracy,minor,accuracy,"0,1,2,3",a1188c572802588e,de_k4_a1188c572802588e_0,90,95,False,0.7263313541637403,0.6862850504148852,0.7862349299309394,0.7693470009460314,0.7415189013598882
mock,de,en-de(synthetic),4,1,minor_fluency,minor,fluency,3,a1188c572802588e,de_k4_a1188c572802588e_0,90,95,False,0.8409633835143773,0.8409998034772327,0.8539599949811414,0.8888940451571692,0.866615256037025
mock,de,en-de(synthetic),4,2,minor_fluency,minor,fluency,"2,3",a1188c572802588e,de_k4_a1188c572802588e_0,90,95,False,0.8316338990143833,0.8409998034772327,0.8539599949811414,0.8003597249943973,0.866615256037025
mock,de,en-de(synthetic),4,3,minor_fluency,minor,fluency,"1,2,3",a1188c572802588e,de_k4_a1188c572802588e_0,90,95,False,0.8226625046560695,0.8409998034772327,0.78643166104439,0.8003597249943973,0.866615256037025
mock,de,en-de(synthetic),4,4,minor_fluency,minor,fluency,"0,1,2,3",a1188c572802588e,de_k4_a1188c572802588e_0,90,95,False,0.7936321767519023,0.7847154294581796,0.78643166104439,0.8003597249943973,0.866615256037025
mock,de,en-de(synthetic),4,1,major_accuracy,major,accuracy,3,a1188c572802588e,de_k4_a1188c572802588e_0,90,95,False,0.6932097494142492,0.8409998034772327,0.8539599949811414,0.8888940451571692,0.527846513313732
mock,de,en-de(synthetic),4,2,major_accuracy,major,accuracy,"2,3",a1188c572802588e,de_k4_a1188c572802588e_0,90,95,False,0.6163437482358628,0.8409998034772327,0.8539599949811414,0.5324262504658892,0.527846513313732
mock,de,en-de(synthetic),4,3,major_accuracy,major,accuracy,"1,2,3",a1188c572802588e,de_k4_a1188c572802588e_0,90,95,False,0.5640000307097235,0.8409998034772327,0.5806861842272795,0.5324262504658892,0.527846513313732
mock,de,en-de(synthetic),4,4,major_accuracy,major,accuracy,"0,1,2,3",a1188c572802588e,de_k4_a1188c572802588e_0,90,95,False,0.5520226904122345,0.6040329051067193,0.5806861842272795,0.5324262504658892,0.527846513313732
mock,de,en-de(synthetic),4,1,major_fluency,major,fluency,3,a1188c572802588e,de_k4_a1188c572802588e_0,90,95,False,0.8002578573591749,0.8409998034772327,0.8539599949811414,0.8888940451571692,0.6931557053862629
mock,de,en-de(synthetic),4,2,major_fluency,major,fluency,"2,3",a1188c572802588e,de_k4_a1188c572802588e_0,90,95,False,0.7587460032729678,0.8409998034772327,0.8539599949811414,0.7168624628127768,0.6931557053862629
mock,de,en-de(synthetic),4,3,major_fluency,major,fluency,"1,2,3",a1188c572802588e,de_k4_a1188c572802588e_0,90,95,False,0.7374932352824597,0.8409998034772327,0.7025626308456444,0.7168624628127768,0.6931557053862629
mock,de,en-de(synthetic),4,4,major_fluency,major,fluency,"0,1,2,3",a1188c572802588e,de_k4_a1188c572802588e_0,90,95,False,0.6790966870904714,0.6756560084354335,0.7025626308456444,0.7168624628127768,0.6931557053862629
